AUC_PR,AUC_ROC,F1,Precision,Recall,FPR,TP,FP,TN,FN,train_ms,score_ms,labels_consumed,anomaly_rate,fold,month,difficulty,algorithm,seed,error,label_budget,BAR_score
0.045981059107264875,0.4775254,0.08320112815089019,0.045621496230427216,0.472,0.4937,236,4937,5063,264,0.005799985956400633,0.11230001109652221,0,0.047619047619047616,1,2,easy,Random,42,,0,4.5981059107264874
0.04627389658371922,0.49086340000000006,0.08648268588504131,0.047407978415879744,0.492,0.4943,246,4943,5057,254,0.005099980626255274,0.14390001888386905,0,0.047619047619047616,1,2,easy,Random,123,,0,4.627389658371922
0.044672414436951295,0.485808,0.09407239027802063,0.051542441080666794,0.538,0.495,269,4950,5050,231,0.02609999501146376,0.15119998715817928,0,0.047619047619047616,1,2,easy,Random,456,,0,4.467241443695129
0.04623640739850926,0.491132,0.04259634888438134,0.043209876543209874,0.042,0.0465,21,465,9535,479,0.0,0.0,0,0.047619047619047616,1,2,easy,Random,42,,0,4.623640739850926
0.04623640739850926,0.491132,0.04259634888438134,0.043209876543209874,0.042,0.0465,21,465,9535,479,0.0,0.0,500,0.047619047619047616,1,2,easy,Random,42,,500,0.009247281479701852
0.05043734340186659,0.4973782,0.056910569105691054,0.05785123966942149,0.056,0.0456,28,456,9544,472,0.0,0.0,0,0.047619047619047616,1,2,easy,Random,123,,0,5.043734340186659
0.05043734340186659,0.4973782,0.056910569105691054,0.05785123966942149,0.056,0.0456,28,456,9544,472,0.0,0.0,500,0.047619047619047616,1,2,easy,Random,123,,500,0.010087468680373319
0.048814184017490284,0.5056594,0.05473684210526316,0.057777777777777775,0.052,0.0424,26,424,9576,474,0.0,0.0,0,0.047619047619047616,1,2,easy,Random,456,,0,4.881418401749029
0.048814184017490284,0.5056594,0.05473684210526316,0.057777777777777775,0.052,0.0424,26,424,9576,474,0.0,0.0,500,0.047619047619047616,1,2,easy,Random,456,,500,0.009762836803498057
0.18781513409028866,0.9008331,0.06385169927909372,0.06581740976645435,0.062,0.044,31,440,9560,469,0.0,0.0,0,0.047619047619047616,1,2,easy,sHST-River,42,,0,18.781513409028864
0.16925367536547606,0.8887345,0.04954367666232073,0.07116104868913857,0.038,0.0248,19,248,9752,481,0.0,0.0,500,0.047619047619047616,1,2,easy,sHST-River,42,,500,0.03385073507309522
0.2933318423109045,0.9257101,0.20689655172413793,0.30708661417322836,0.156,0.0176,78,176,9824,422,0.0,0.0,0,0.047619047619047616,1,2,easy,sHST-River,123,,0,29.33318423109045
0.1979733965956002,0.9025951,0.14097968936678615,0.17507418397626112,0.118,0.0278,59,278,9722,441,0.0,0.0,500,0.047619047619047616,1,2,easy,sHST-River,123,,500,0.039594679319120044
0.4587988616297708,0.9305323,0.37392550143266473,0.29129464285714285,0.522,0.0635,261,635,9365,239,0.0,0.0,0,0.047619047619047616,1,2,easy,sHST-River,456,,0,45.87988616297708
0.3836112849078035,0.9134717,0.3552,0.296,0.444,0.0528,222,528,9472,278,0.0,0.0,500,0.047619047619047616,1,2,easy,sHST-River,456,,500,0.0767222569815607
0.9999474185736879,0.9999974,0.5050505050505051,0.33783783783783783,1.0,0.098,500,980,9020,0,0.0,0.0,0,0.047619047619047616,1,2,easy,MemStream,42,,0,99.99474185736878
0.9999474185736879,0.9999974,0.5050505050505051,0.33783783783783783,1.0,0.098,500,980,9020,0,0.0,0.0,500,0.047619047619047616,1,2,easy,MemStream,42,,500,0.19998948371473757
0.999975903306773,0.9999988,0.7668711656441718,0.6218905472636815,1.0,0.0304,500,304,9696,0,0.0,0.0,0,0.047619047619047616,1,2,easy,MemStream,123,,0,99.9975903306773
0.999975903306773,0.9999988,0.7668711656441718,0.6218905472636815,1.0,0.0304,500,304,9696,0,0.0,0.0,500,0.047619047619047616,1,2,easy,MemStream,123,,500,0.1999951806613546
0.9999433160052696,0.9999972,0.7782101167315175,0.6369426751592356,1.0,0.0285,500,285,9715,0,0.0,0.0,0,0.047619047619047616,1,2,easy,MemStream,456,,0,99.99433160052696
0.9999433160052696,0.9999972,0.7782101167315175,0.6369426751592356,1.0,0.0285,500,285,9715,0,0.0,0.0,500,0.047619047619047616,1,2,easy,MemStream,456,,500,0.1999886632010539
0.9999879879438553,0.9999994000000001,0.40404040404040403,0.25316455696202533,1.0,0.1475,500,1475,8525,0,0.0,0.0,0,0.047619047619047616,1,2,easy,CA-DIF-EIA-Stream,42,,0,99.99879879438554
0.9999879879438553,0.9999994000000001,0.40404040404040403,0.25316455696202533,1.0,0.1475,500,1475,8525,0,0.0,0.0,500,0.047619047619047616,1,2,easy,CA-DIF-EIA-Stream,42,,500,0.19999759758877106
0.9999799396378254,0.999999,0.4737091425864519,0.31036623215394166,1.0,0.1111,500,1111,8889,0,0.0,0.0,0,0.047619047619047616,1,2,easy,CA-DIF-EIA-Stream,123,,0,99.99799396378253
0.9999799396378254,0.999999,0.4737091425864519,0.31036623215394166,1.0,0.1111,500,1111,8889,0,0.0,0.0,500,0.047619047619047616,1,2,easy,CA-DIF-EIA-Stream,123,,500,0.1999959879275651
0.9999555985498924,0.9999978,0.5773672055427251,0.40584415584415584,1.0,0.0732,500,732,9268,0,0.0,0.0,0,0.047619047619047616,1,2,easy,CA-DIF-EIA-Stream,456,,0,99.99555985498924
0.9999555985498924,0.9999978,0.5773672055427251,0.40584415584415584,1.0,0.0732,500,732,9268,0,0.0,0.0,500,0.047619047619047616,1,2,easy,CA-DIF-EIA-Stream,456,,500,0.1999911197099785
0.045981059107264875,0.4775254,0.08320112815089019,0.045621496230427216,0.472,0.4937,236,4937,5063,264,0.0045000051613897085,0.07579999510198832,0,0.047619047619047616,1,2,medium,Random,42,,0,4.5981059107264874
0.04627389658371922,0.49086340000000006,0.08648268588504131,0.047407978415879744,0.492,0.4943,246,4943,5057,254,0.0044000043999403715,0.07300000288523734,0,0.047619047619047616,1,2,medium,Random,123,,0,4.627389658371922
0.044672414436951295,0.485808,0.09407239027802063,0.051542441080666794,0.538,0.495,269,4950,5050,231,0.0109999964479357,0.10150001617148519,0,0.047619047619047616,1,2,medium,Random,456,,0,4.467241443695129
0.04623640739850926,0.491132,0.04259634888438134,0.043209876543209874,0.042,0.0465,21,465,9535,479,0.0,0.0,0,0.047619047619047616,1,2,medium,Random,42,,0,4.623640739850926
0.04623640739850926,0.491132,0.04259634888438134,0.043209876543209874,0.042,0.0465,21,465,9535,479,0.0,0.0,500,0.047619047619047616,1,2,medium,Random,42,,500,0.009247281479701852
0.05043734340186659,0.4973782,0.056910569105691054,0.05785123966942149,0.056,0.0456,28,456,9544,472,0.0,0.0,0,0.047619047619047616,1,2,medium,Random,123,,0,5.043734340186659
0.05043734340186659,0.4973782,0.056910569105691054,0.05785123966942149,0.056,0.0456,28,456,9544,472,0.0,0.0,500,0.047619047619047616,1,2,medium,Random,123,,500,0.010087468680373319
0.048814184017490284,0.5056594,0.05473684210526316,0.057777777777777775,0.052,0.0424,26,424,9576,474,0.0,0.0,0,0.047619047619047616,1,2,medium,Random,456,,0,4.881418401749029
0.048814184017490284,0.5056594,0.05473684210526316,0.057777777777777775,0.052,0.0424,26,424,9576,474,0.0,0.0,500,0.047619047619047616,1,2,medium,Random,456,,500,0.009762836803498057
0.16789281231001502,0.8918092,0.041666666666666664,0.043478260869565216,0.04,0.044,20,440,9560,480,0.0,0.0,0,0.047619047619047616,1,2,medium,sHST-River,42,,0,16.789281231001503
0.14835169406721033,0.8721213,0.02577319587628866,0.036231884057971016,0.02,0.0266,10,266,9734,490,0.0,0.0,500,0.047619047619047616,1,2,medium,sHST-River,42,,500,0.029670338813442065
0.19926973108280752,0.9013947999999999,0.0903954802259887,0.15384615384615385,0.064,0.0176,32,176,9824,468,0.0,0.0,0,0.047619047619047616,1,2,medium,sHST-River,123,,0,19.92697310828075
0.15424775706009014,0.8768242,0.052434456928838954,0.06976744186046512,0.042,0.028,21,280,9720,479,0.0,0.0,500,0.047619047619047616,1,2,medium,sHST-River,123,,500,0.03084955141201803
0.38211206766955563,0.9101011999999999,0.336996336996337,0.2658959537572254,0.46,0.0635,230,635,9365,270,0.0,0.0,0,0.047619047619047616,1,2,medium,sHST-River,456,,0,38.21120676695556
0.3059619172949336,0.893422,0.3133716160787531,0.26564673157162727,0.382,0.0528,191,528,9472,309,0.0,0.0,500,0.047619047619047616,1,2,medium,sHST-River,456,,500,0.06119238345898671
0.9988787700458908,0.999957,0.5050505050505051,0.33783783783783783,1.0,0.098,500,980,9020,0,0.0,0.0,0,0.047619047619047616,1,2,medium,MemStream,42,,0,99.88787700458907
0.9988787700458908,0.999957,0.5050505050505051,0.33783783783783783,1.0,0.098,500,980,9020,0,0.0,0.0,500,0.047619047619047616,1,2,medium,MemStream,42,,500,0.19977575400917813
0.999103428825823,0.9999638,0.7668711656441718,0.6218905472636815,1.0,0.0304,500,304,9696,0,0.0,0.0,0,0.047619047619047616,1,2,medium,MemStream,123,,0,99.9103428825823
0.999103428825823,0.9999638,0.7668711656441718,0.6218905472636815,1.0,0.0304,500,304,9696,0,0.0,0.0,500,0.047619047619047616,1,2,medium,MemStream,123,,500,0.1998206857651646
0.9988148213020684,0.9999552,0.7782101167315175,0.6369426751592356,1.0,0.0285,500,285,9715,0,0.0,0.0,0,0.047619047619047616,1,2,medium,MemStream,456,,0,99.88148213020685
0.9988148213020684,0.9999552,0.7782101167315175,0.6369426751592356,1.0,0.0285,500,285,9715,0,0.0,0.0,500,0.047619047619047616,1,2,medium,MemStream,456,,500,0.19976296426041368
0.9993222587176858,0.9999712000000001,0.40404040404040403,0.25316455696202533,1.0,0.1475,500,1475,8525,0,0.0,0.0,0,0.047619047619047616,1,2,medium,CA-DIF-EIA-Stream,42,,0,99.93222587176858
0.9993222587176858,0.9999712000000001,0.40404040404040403,0.25316455696202533,1.0,0.1475,500,1475,8525,0,0.0,0.0,500,0.047619047619047616,1,2,medium,CA-DIF-EIA-Stream,42,,500,0.19986445174353715
0.99911588994548,0.9999642,0.4737091425864519,0.31036623215394166,1.0,0.1111,500,1111,8889,0,0.0,0.0,0,0.047619047619047616,1,2,medium,CA-DIF-EIA-Stream,123,,0,99.911588994548
0.99911588994548,0.9999642,0.4737091425864519,0.31036623215394166,1.0,0.1111,500,1111,8889,0,0.0,0.0,500,0.047619047619047616,1,2,medium,CA-DIF-EIA-Stream,123,,500,0.199823177989096
0.998654759715649,0.9999422,0.5773672055427251,0.40584415584415584,1.0,0.0732,500,732,9268,0,0.0,0.0,0,0.047619047619047616,1,2,medium,CA-DIF-EIA-Stream,456,,0,99.8654759715649
0.998654759715649,0.9999422,0.5773672055427251,0.40584415584415584,1.0,0.0732,500,732,9268,0,0.0,0.0,500,0.047619047619047616,1,2,medium,CA-DIF-EIA-Stream,456,,500,0.1997309519431298
0.045981059107264875,0.4775254,0.08320112815089019,0.045621496230427216,0.472,0.4937,236,4937,5063,264,0.001200009137392044,0.09960000170394778,0,0.047619047619047616,1,2,hard,Random,42,,0,4.5981059107264874
0.04627389658371922,0.49086340000000006,0.08648268588504131,0.047407978415879744,0.492,0.4943,246,4943,5057,254,0.020400009816512465,0.08529998012818396,0,0.047619047619047616,1,2,hard,Random,123,,0,4.627389658371922
0.044672414436951295,0.485808,0.09407239027802063,0.051542441080666794,0.538,0.495,269,4950,5050,231,0.005399982910603285,0.09789998875930905,0,0.047619047619047616,1,2,hard,Random,456,,0,4.467241443695129
0.04623640739850926,0.491132,0.04259634888438134,0.043209876543209874,0.042,0.0465,21,465,9535,479,0.0,0.0,0,0.047619047619047616,1,2,hard,Random,42,,0,4.623640739850926
0.04623640739850926,0.491132,0.04259634888438134,0.043209876543209874,0.042,0.0465,21,465,9535,479,0.0,0.0,500,0.047619047619047616,1,2,hard,Random,42,,500,0.009247281479701852
0.05043734340186659,0.4973782,0.056910569105691054,0.05785123966942149,0.056,0.0456,28,456,9544,472,0.0,0.0,0,0.047619047619047616,1,2,hard,Random,123,,0,5.043734340186659
0.05043734340186659,0.4973782,0.056910569105691054,0.05785123966942149,0.056,0.0456,28,456,9544,472,0.0,0.0,500,0.047619047619047616,1,2,hard,Random,123,,500,0.010087468680373319
0.048814184017490284,0.5056594,0.05473684210526316,0.057777777777777775,0.052,0.0424,26,424,9576,474,0.0,0.0,0,0.047619047619047616,1,2,hard,Random,456,,0,4.881418401749029
0.048814184017490284,0.5056594,0.05473684210526316,0.057777777777777775,0.052,0.0424,26,424,9576,474,0.0,0.0,500,0.047619047619047616,1,2,hard,Random,456,,500,0.009762836803498057
0.16739113350126203,0.8893548999999998,0.03962460896767466,0.04139433551198257,0.038,0.044,19,440,9560,481,0.0,0.0,0,0.047619047619047616,1,2,hard,sHST-River,42,,0,16.739113350126203
0.14142496495051424,0.8617782,0.02806122448979592,0.03873239436619718,0.022,0.0273,11,273,9727,489,0.0,0.0,500,0.047619047619047616,1,2,hard,sHST-River,42,,500,0.028284992990102845
0.18951267516916828,0.8962410000000001,0.07681365576102418,0.1330049261083744,0.054,0.0176,27,176,9824,473,0.0,0.0,0,0.047619047619047616,1,2,hard,sHST-River,123,,0,18.95126751691683
0.14974952865899124,0.8708805,0.05707196029776675,0.07516339869281045,0.046,0.0283,23,283,9717,477,0.0,0.0,500,0.047619047619047616,1,2,hard,sHST-River,123,,500,0.02994990573179825
0.43429607903509415,0.9238437,0.33821376281112736,0.26674364896073904,0.462,0.0635,231,635,9365,269,0.0,0.0,0,0.047619047619047616,1,2,hard,sHST-River,456,,0,43.429607903509414
0.34701836728048935,0.910621,0.302880658436214,0.2573426573426573,0.368,0.0531,184,531,9469,316,0.0,0.0,500,0.047619047619047616,1,2,hard,sHST-River,456,,500,0.06940367345609787
0.9994325956149015,0.9999752,0.5050505050505051,0.33783783783783783,1.0,0.098,500,980,9020,0,0.0,0.0,0,0.047619047619047616,1,2,hard,MemStream,42,,0,99.94325956149015
0.9994325956149015,0.9999752,0.5050505050505051,0.33783783783783783,1.0,0.098,500,980,9020,0,0.0,0.0,500,0.047619047619047616,1,2,hard,MemStream,42,,500,0.1998865191229803
0.9994677084488887,0.9999764,0.7668711656441718,0.6218905472636815,1.0,0.0304,500,304,9696,0,0.0,0.0,0,0.047619047619047616,1,2,hard,MemStream,123,,0,99.94677084488886
0.9994677084488887,0.9999764,0.7668711656441718,0.6218905472636815,1.0,0.0304,500,304,9696,0,0.0,0.0,500,0.047619047619047616,1,2,hard,MemStream,123,,500,0.19989354168977774
0.9994325956149015,0.9999752000000001,0.7782101167315175,0.6369426751592356,1.0,0.0285,500,285,9715,0,0.0,0.0,0,0.047619047619047616,1,2,hard,MemStream,456,,0,99.94325956149015
0.9994325956149015,0.9999752000000001,0.7782101167315175,0.6369426751592356,1.0,0.0285,500,285,9715,0,0.0,0.0,500,0.047619047619047616,1,2,hard,MemStream,456,,500,0.1998865191229803
0.9992669636926446,0.9999658,0.40404040404040403,0.25316455696202533,1.0,0.1475,500,1475,8525,0,0.0,0.0,0,0.047619047619047616,1,2,hard,CA-DIF-EIA-Stream,42,,0,99.92669636926446
0.9992669636926446,0.9999658,0.40404040404040403,0.25316455696202533,1.0,0.1475,500,1475,8525,0,0.0,0.0,500,0.047619047619047616,1,2,hard,CA-DIF-EIA-Stream,42,,500,0.1998533927385289
0.9994779780163696,0.9999768,0.4737091425864519,0.31036623215394166,1.0,0.1111,500,1111,8889,0,0.0,0.0,0,0.047619047619047616,1,2,hard,CA-DIF-EIA-Stream,123,,0,99.94779780163697
0.9994779780163696,0.9999768,0.4737091425864519,0.31036623215394166,1.0,0.1111,500,1111,8889,0,0.0,0.0,500,0.047619047619047616,1,2,hard,CA-DIF-EIA-Stream,123,,500,0.1998955956032739
0.998306377644841,0.9999184,0.5773672055427251,0.40584415584415584,1.0,0.0732,500,732,9268,0,0.0,0.0,0,0.047619047619047616,1,2,hard,CA-DIF-EIA-Stream,456,,0,99.8306377644841
0.998306377644841,0.9999184,0.5773672055427251,0.40584415584415584,1.0,0.0732,500,732,9268,0,0.0,0.0,500,0.047619047619047616,1,2,hard,CA-DIF-EIA-Stream,456,,500,0.1996612755289682
0.04609222951228181,0.4915152,0.08848933544861626,0.04852116760100522,0.502,0.4922,251,4922,5078,249,0.001800013706088066,0.06600000779144466,0,0.047619047619047616,2,3,easy,Random,42,,0,4.6092229512281815
0.04485551987596377,0.47254359999999995,0.08613113025136228,0.0472152630564656,0.49,0.4944,245,4944,5056,255,0.0041000021155923605,0.07270000060088933,0,0.047619047619047616,2,3,easy,Random,123,,0,4.485551987596377
0.046846643031800694,0.49046579999999995,0.08288162266130443,0.04541099827553171,0.474,0.4982,237,4982,5018,263,0.015199999324977398,0.166199984960258,0,0.047619047619047616,2,3,easy,Random,456,,0,4.684664303180069
0.0440430109823966,0.47473139999999997,0.02636916835699797,0.026748971193415638,0.026,0.0473,13,473,9527,487,0.0,0.0,0,0.047619047619047616,2,3,easy,Random,42,,0,4.40430109823966
0.0440430109823966,0.47473139999999997,0.02636916835699797,0.026748971193415638,0.026,0.0473,13,473,9527,487,0.0,0.0,500,0.047619047619047616,2,3,easy,Random,42,,500,0.008808602196479321
0.044789484866880454,0.482017,0.03048780487804878,0.030991735537190084,0.03,0.0469,15,469,9531,485,0.0,0.0,0,0.047619047619047616,2,3,easy,Random,123,,0,4.478948486688045
0.044789484866880454,0.482017,0.03048780487804878,0.030991735537190084,0.03,0.0469,15,469,9531,485,0.0,0.0,500,0.047619047619047616,2,3,easy,Random,123,,500,0.00895789697337609
0.043309671873126024,0.4778904,0.02526315789473684,0.02666666666666667,0.024,0.0438,12,438,9562,488,0.0,0.0,0,0.047619047619047616,2,3,easy,Random,456,,0,4.330967187312602
0.043309671873126024,0.4778904,0.02526315789473684,0.02666666666666667,0.024,0.0438,12,438,9562,488,0.0,0.0,500,0.047619047619047616,2,3,easy,Random,456,,500,0.008661934374625205
0.17777851207471346,0.8952479,0.035897435897435895,0.05,0.028,0.0266,14,266,9734,486,0.0,0.0,0,0.047619047619047616,2,3,easy,sHST-River,42,,0,17.777851207471347
0.17688125697900803,0.8945425999999999,0.03273809523809524,0.06395348837209303,0.022,0.0161,11,161,9839,489,0.0,0.0,500,0.047619047619047616,2,3,easy,sHST-River,42,,500,0.035376251395801604
0.23643615012690947,0.9117052999999999,0.15681818181818183,0.18157894736842106,0.138,0.0311,69,311,9689,431,0.0,0.0,0,0.047619047619047616,2,3,easy,sHST-River,123,,0,23.643615012690947
0.2335159644504204,0.9123178999999999,0.16555407209612816,0.24899598393574296,0.124,0.0187,62,187,9813,438,0.0,0.0,500,0.047619047619047616,2,3,easy,sHST-River,123,,500,0.04670319289008407
0.2911598664360201,0.9155419,0.19308700834326578,0.23893805309734514,0.162,0.0258,81,258,9742,419,0.0,0.0,0,0.047619047619047616,2,3,easy,sHST-River,456,,0,29.11598664360201
0.2918916048962222,0.9144091,0.1876750700280112,0.3130841121495327,0.134,0.0147,67,147,9853,433,0.0,0.0,500,0.047619047619047616,2,3,easy,sHST-River,456,,500,0.05837832097924443
1.0,1.0,0.26001040041601664,0.14943215780035865,1.0,0.2846,500,2846,7154,0,0.0,0.0,0,0.047619047619047616,2,3,easy,MemStream,42,,0,100.0
1.0,1.0,0.26001040041601664,0.14943215780035865,1.0,0.2846,500,2846,7154,0,0.0,0.0,500,0.047619047619047616,2,3,easy,MemStream,42,,500,0.2
1.0,1.0,0.6203473945409429,0.44964028776978415,1.0,0.0612,500,612,9388,0,0.0,0.0,0,0.047619047619047616,2,3,easy,MemStream,123,,0,100.0
1.0,1.0,0.6203473945409429,0.44964028776978415,1.0,0.0612,500,612,9388,0,0.0,0.0,500,0.047619047619047616,2,3,easy,MemStream,123,,500,0.2
1.0,1.0,0.5720823798627003,0.40064102564102566,1.0,0.0748,500,748,9252,0,0.0,0.0,0,0.047619047619047616,2,3,easy,MemStream,456,,0,100.0
1.0,1.0,0.5720823798627003,0.40064102564102566,1.0,0.0748,500,748,9252,0,0.0,0.0,500,0.047619047619047616,2,3,easy,MemStream,456,,500,0.2
1.0,1.0,0.34153005464480873,0.20593080724876442,1.0,0.1928,500,1928,8072,0,0.0,0.0,0,0.047619047619047616,2,3,easy,CA-DIF-EIA-Stream,42,,0,100.0
1.0,1.0,0.34153005464480873,0.20593080724876442,1.0,0.1928,500,1928,8072,0,0.0,0.0,500,0.047619047619047616,2,3,easy,CA-DIF-EIA-Stream,42,,500,0.2
1.0,1.0,0.3575259206292456,0.21767522855899,1.0,0.1797,500,1797,8203,0,0.0,0.0,0,0.047619047619047616,2,3,easy,CA-DIF-EIA-Stream,123,,0,100.0
1.0,1.0,0.3575259206292456,0.21767522855899,1.0,0.1797,500,1797,8203,0,0.0,0.0,500,0.047619047619047616,2,3,easy,CA-DIF-EIA-Stream,123,,500,0.2
1.0,1.0,0.2717391304347826,0.15723270440251572,1.0,0.268,500,2680,7320,0,0.0,0.0,0,0.047619047619047616,2,3,easy,CA-DIF-EIA-Stream,456,,0,100.0
1.0,1.0,0.2717391304347826,0.15723270440251572,1.0,0.268,500,2680,7320,0,0.0,0.0,500,0.047619047619047616,2,3,easy,CA-DIF-EIA-Stream,456,,500,0.2
0.04609222951228181,0.4915152,0.08848933544861626,0.04852116760100522,0.502,0.4922,251,4922,5078,249,0.0023999891709536314,0.0819999841041863,0,0.047619047619047616,2,3,medium,Random,42,,0,4.6092229512281815
0.04485551987596377,0.47254359999999995,0.08613113025136228,0.0472152630564656,0.49,0.4944,245,4944,5056,255,0.0042000028770416975,0.08019999950192869,0,0.047619047619047616,2,3,medium,Random,123,,0,4.485551987596377
0.046846643031800694,0.49046579999999995,0.08288162266130443,0.04541099827553171,0.474,0.4982,237,4982,5018,263,0.0044000043999403715,0.07839998579584062,0,0.047619047619047616,2,3,medium,Random,456,,0,4.684664303180069
0.0440430109823966,0.47473139999999997,0.02636916835699797,0.026748971193415638,0.026,0.0473,13,473,9527,487,0.0,0.0,0,0.047619047619047616,2,3,medium,Random,42,,0,4.40430109823966
0.0440430109823966,0.47473139999999997,0.02636916835699797,0.026748971193415638,0.026,0.0473,13,473,9527,487,0.0,0.0,500,0.047619047619047616,2,3,medium,Random,42,,500,0.008808602196479321
0.044789484866880454,0.482017,0.03048780487804878,0.030991735537190084,0.03,0.0469,15,469,9531,485,0.0,0.0,0,0.047619047619047616,2,3,medium,Random,123,,0,4.478948486688045
0.044789484866880454,0.482017,0.03048780487804878,0.030991735537190084,0.03,0.0469,15,469,9531,485,0.0,0.0,500,0.047619047619047616,2,3,medium,Random,123,,500,0.00895789697337609
0.043309671873126024,0.4778904,0.02526315789473684,0.02666666666666667,0.024,0.0438,12,438,9562,488,0.0,0.0,0,0.047619047619047616,2,3,medium,Random,456,,0,4.330967187312602
0.043309671873126024,0.4778904,0.02526315789473684,0.02666666666666667,0.024,0.0438,12,438,9562,488,0.0,0.0,500,0.047619047619047616,2,3,medium,Random,456,,500,0.008661934374625205
0.1596151288261219,0.8820034000000001,0.015544041450777202,0.022058823529411766,0.012,0.0266,6,266,9734,494,0.0,0.0,0,0.047619047619047616,2,3,medium,sHST-River,42,,0,15.961512882612189
0.1547953542765938,0.8780702,0.015015015015015015,0.030120481927710843,0.01,0.0161,5,161,9839,495,0.0,0.0,500,0.047619047619047616,2,3,medium,sHST-River,42,,500,0.03095907085531876
0.1690678062873656,0.8884076,0.06212664277180406,0.0771513353115727,0.052,0.0311,26,311,9689,474,0.0,0.0,0,0.047619047619047616,2,3,medium,sHST-River,123,,0,16.90678062873656
0.16689345335601966,0.8865459,0.053824362606232294,0.09223300970873786,0.038,0.0187,19,187,9813,481,0.0,0.0,500,0.047619047619047616,2,3,medium,sHST-River,123,,500,0.03337869067120393
0.23485031488914154,0.8968305999999999,0.13530135301353013,0.1757188498402556,0.11,0.0258,55,258,9742,445,0.0,0.0,0,0.047619047619047616,2,3,medium,sHST-River,456,,0,23.485031488914153
0.2345631095630149,0.8956014,0.13275613275613277,0.23834196891191708,0.092,0.0147,46,147,9853,454,0.0,0.0,500,0.047619047619047616,2,3,medium,sHST-River,456,,500,0.04691262191260298
0.9966603743894064,0.9997534,0.26001040041601664,0.14943215780035865,1.0,0.2846,500,2846,7154,0,0.0,0.0,0,0.047619047619047616,2,3,medium,MemStream,42,,0,99.66603743894063
0.9966603743894064,0.9997534,0.26001040041601664,0.14943215780035865,1.0,0.2846,500,2846,7154,0,0.0,0.0,500,0.047619047619047616,2,3,medium,MemStream,42,,500,0.19933207487788127
0.9987108867708027,0.9999238,0.6203473945409429,0.44964028776978415,1.0,0.0612,500,612,9388,0,0.0,0.0,0,0.047619047619047616,2,3,medium,MemStream,123,,0,99.87108867708027
0.9987108867708027,0.9999238,0.6203473945409429,0.44964028776978415,1.0,0.0612,500,612,9388,0,0.0,0.0,500,0.047619047619047616,2,3,medium,MemStream,123,,500,0.19974217735416055
0.9993490205971419,0.9999672,0.5720823798627003,0.40064102564102566,1.0,0.0748,500,748,9252,0,0.0,0.0,0,0.047619047619047616,2,3,medium,MemStream,456,,0,99.93490205971419
0.9993490205971419,0.9999672,0.5720823798627003,0.40064102564102566,1.0,0.0748,500,748,9252,0,0.0,0.0,500,0.047619047619047616,2,3,medium,MemStream,456,,500,0.19986980411942837
1.0,1.0,0.34153005464480873,0.20593080724876442,1.0,0.1928,500,1928,8072,0,0.0,0.0,0,0.047619047619047616,2,3,medium,CA-DIF-EIA-Stream,42,,0,100.0
1.0,1.0,0.34153005464480873,0.20593080724876442,1.0,0.1928,500,1928,8072,0,0.0,0.0,500,0.047619047619047616,2,3,medium,CA-DIF-EIA-Stream,42,,500,0.2
1.0,1.0,0.3575259206292456,0.21767522855899,1.0,0.1797,500,1797,8203,0,0.0,0.0,0,0.047619047619047616,2,3,medium,CA-DIF-EIA-Stream,123,,0,100.0
1.0,1.0,0.3575259206292456,0.21767522855899,1.0,0.1797,500,1797,8203,0,0.0,0.0,500,0.047619047619047616,2,3,medium,CA-DIF-EIA-Stream,123,,500,0.2
0.9995175623067487,0.999976,0.2717391304347826,0.15723270440251572,1.0,0.268,500,2680,7320,0,0.0,0.0,0,0.047619047619047616,2,3,medium,CA-DIF-EIA-Stream,456,,0,99.95175623067487
0.9995175623067487,0.999976,0.2717391304347826,0.15723270440251572,1.0,0.268,500,2680,7320,0,0.0,0.0,500,0.047619047619047616,2,3,medium,CA-DIF-EIA-Stream,456,,500,0.19990351246134977
0.04609222951228181,0.4915152,0.08848933544861626,0.04852116760100522,0.502,0.4922,251,4922,5078,249,0.012699980288743973,0.15159999020397663,0,0.047619047619047616,2,3,hard,Random,42,,0,4.6092229512281815
0.04485551987596377,0.47254359999999995,0.08613113025136228,0.0472152630564656,0.49,0.4944,245,4944,5056,255,0.0052000104915350676,0.08009999874047935,0,0.047619047619047616,2,3,hard,Random,123,,0,4.485551987596377
0.046846643031800694,0.49046579999999995,0.08288162266130443,0.04541099827553171,0.474,0.4982,237,4982,5018,263,0.0044000043999403715,0.07750000804662704,0,0.047619047619047616,2,3,hard,Random,456,,0,4.684664303180069
0.0440430109823966,0.47473139999999997,0.02636916835699797,0.026748971193415638,0.026,0.0473,13,473,9527,487,0.0,0.0,0,0.047619047619047616,2,3,hard,Random,42,,0,4.40430109823966
0.0440430109823966,0.47473139999999997,0.02636916835699797,0.026748971193415638,0.026,0.0473,13,473,9527,487,0.0,0.0,500,0.047619047619047616,2,3,hard,Random,42,,500,0.008808602196479321
0.044789484866880454,0.482017,0.03048780487804878,0.030991735537190084,0.03,0.0469,15,469,9531,485,0.0,0.0,0,0.047619047619047616,2,3,hard,Random,123,,0,4.478948486688045
0.044789484866880454,0.482017,0.03048780487804878,0.030991735537190084,0.03,0.0469,15,469,9531,485,0.0,0.0,500,0.047619047619047616,2,3,hard,Random,123,,500,0.00895789697337609
0.043309671873126024,0.4778904,0.02526315789473684,0.02666666666666667,0.024,0.0438,12,438,9562,488,0.0,0.0,0,0.047619047619047616,2,3,hard,Random,456,,0,4.330967187312602
0.043309671873126024,0.4778904,0.02526315789473684,0.02666666666666667,0.024,0.0438,12,438,9562,488,0.0,0.0,500,0.047619047619047616,2,3,hard,Random,456,,500,0.008661934374625205
0.1520961708010873,0.8759677,0.007802340702210663,0.011152416356877323,0.006,0.0266,3,266,9734,497,0.0,0.0,0,0.047619047619047616,2,3,hard,sHST-River,42,,0,15.209617080108732
0.14809111371854036,0.8725334,0.0030211480362537764,0.006172839506172839,0.002,0.0161,1,161,9839,499,0.0,0.0,500,0.047619047619047616,2,3,hard,sHST-River,42,,500,0.02961822274370807
0.16192212995283023,0.8845542,0.05748502994011976,0.07164179104477612,0.048,0.0311,24,311,9689,476,0.0,0.0,0,0.047619047619047616,2,3,hard,sHST-River,123,,0,16.192212995283022
0.1584623648934377,0.8816267,0.048295454545454544,0.08333333333333333,0.034,0.0187,17,187,9813,483,0.0,0.0,500,0.047619047619047616,2,3,hard,sHST-River,123,,500,0.03169247297868754
0.2539900988722629,0.9128366000000001,0.11442786069651742,0.1513157894736842,0.092,0.0258,46,258,9742,454,0.0,0.0,0,0.047619047619047616,2,3,hard,sHST-River,456,,0,25.399009887226292
0.25971408752185166,0.9137758,0.12191582002902758,0.2222222222222222,0.084,0.0147,42,147,9853,458,0.0,0.0,500,0.047619047619047616,2,3,hard,sHST-River,456,,500,0.05194281750437033
0.9797970712921974,0.9976984,0.26001040041601664,0.14943215780035865,1.0,0.2846,500,2846,7154,0,0.0,0.0,0,0.047619047619047616,2,3,hard,MemStream,42,,0,97.97970712921973
0.9797970712921974,0.9976984,0.26001040041601664,0.14943215780035865,1.0,0.2846,500,2846,7154,0,0.0,0.0,500,0.047619047619047616,2,3,hard,MemStream,42,,500,0.19595941425843946
0.9926933970656041,0.9994498,0.6194909993792675,0.44914491449144917,0.998,0.0612,499,612,9388,1,0.0,0.0,0,0.047619047619047616,2,3,hard,MemStream,123,,0,99.26933970656042
0.9926933970656041,0.9994498,0.6194909993792675,0.44914491449144917,0.998,0.0612,499,612,9388,1,0.0,0.0,500,0.047619047619047616,2,3,hard,MemStream,123,,500,0.19853867941312084
0.9979458865282952,0.9998944,0.5720823798627003,0.40064102564102566,1.0,0.0748,500,748,9252,0,0.0,0.0,0,0.047619047619047616,2,3,hard,MemStream,456,,0,99.79458865282952
0.9979458865282952,0.9998944,0.5720823798627003,0.40064102564102566,1.0,0.0748,500,748,9252,0,0.0,0.0,500,0.047619047619047616,2,3,hard,MemStream,456,,500,0.199589177305659
0.9999204096645973,0.999996,0.34153005464480873,0.20593080724876442,1.0,0.1928,500,1928,8072,0,0.0,0.0,0,0.047619047619047616,2,3,hard,CA-DIF-EIA-Stream,42,,0,99.99204096645973
0.9999204096645973,0.999996,0.34153005464480873,0.20593080724876442,1.0,0.1928,500,1928,8072,0,0.0,0.0,500,0.047619047619047616,2,3,hard,CA-DIF-EIA-Stream,42,,500,0.19998408193291944
0.9999839678392923,0.9999992,0.3575259206292456,0.21767522855899,1.0,0.1797,500,1797,8203,0,0.0,0.0,0,0.047619047619047616,2,3,hard,CA-DIF-EIA-Stream,123,,0,99.99839678392924
0.9999839678392923,0.9999992,0.3575259206292456,0.21767522855899,1.0,0.1797,500,1797,8203,0,0.0,0.0,500,0.047619047619047616,2,3,hard,CA-DIF-EIA-Stream,123,,500,0.19999679356785846
0.998344207784936,0.9999176,0.2717391304347826,0.15723270440251572,1.0,0.268,500,2680,7320,0,0.0,0.0,0,0.047619047619047616,2,3,hard,CA-DIF-EIA-Stream,456,,0,99.83442077849361
0.998344207784936,0.9999176,0.2717391304347826,0.15723270440251572,1.0,0.268,500,2680,7320,0,0.0,0.0,500,0.047619047619047616,2,3,hard,CA-DIF-EIA-Stream,456,,500,0.19966884155698722
0.047604360148381875,0.4967646,0.08108584523179975,0.04446162768219602,0.46,0.4943,230,4943,5057,270,0.013999990187585354,0.07180002285167575,0,0.047619047619047616,3,4,easy,Random,42,,0,4.760436014838188
0.05069673516714709,0.51608,0.0899982422218316,0.049335132010021196,0.512,0.4933,256,4933,5067,244,0.0048999791033566,0.07890001870691776,0,0.047619047619047616,3,4,easy,Random,123,,0,5.069673516714709
0.05268046277887784,0.5273410000000001,0.08637873754152824,0.047327074152136425,0.494,0.4972,247,4972,5028,253,0.0049000082071870565,0.079699995694682,0,0.047619047619047616,3,4,easy,Random,456,,0,5.268046277887784
0.05010948175900294,0.49421360000000003,0.05273833671399594,0.053497942386831275,0.052,0.046,26,460,9540,474,0.0,0.0,0,0.047619047619047616,3,4,easy,Random,42,,0,5.010948175900294
0.05010948175900294,0.49421360000000003,0.05273833671399594,0.053497942386831275,0.052,0.046,26,460,9540,474,0.0,0.0,500,0.047619047619047616,3,4,easy,Random,42,,500,0.010021896351800588
0.048418436988688814,0.49630319999999994,0.052845528455284556,0.05371900826446281,0.052,0.0458,26,458,9542,474,0.0,0.0,0,0.047619047619047616,3,4,easy,Random,123,,0,4.841843698868882
0.048418436988688814,0.49630319999999994,0.052845528455284556,0.05371900826446281,0.052,0.0458,26,458,9542,474,0.0,0.0,500,0.047619047619047616,3,4,easy,Random,123,,500,0.009683687397737763
0.0482609146322696,0.4992398,0.05052631578947368,0.05333333333333334,0.048,0.0426,24,426,9574,476,0.0,0.0,0,0.047619047619047616,3,4,easy,Random,456,,0,4.82609146322696
0.0482609146322696,0.4992398,0.05052631578947368,0.05333333333333334,0.048,0.0426,24,426,9574,476,0.0,0.0,500,0.047619047619047616,3,4,easy,Random,456,,500,0.009652182926453921
0.17160211126713182,0.8899551,0.023178807947019868,0.0673076923076923,0.014,0.0097,7,97,9903,493,0.0,0.0,0,0.047619047619047616,3,4,easy,sHST-River,42,,0,17.160211126713182
0.18085590400181514,0.8979091,0.017793594306049824,0.08064516129032258,0.01,0.0057,5,57,9943,495,0.0,0.0,500,0.047619047619047616,3,4,easy,sHST-River,42,,500,0.03617118080036303
0.26367133176324076,0.9180002,0.12259194395796848,0.49295774647887325,0.07,0.0036,35,36,9964,465,0.0,0.0,0,0.047619047619047616,3,4,easy,sHST-River,123,,0,26.367133176324074
0.26765531022848804,0.9132316,0.10948905109489052,0.625,0.06,0.0018,30,18,9982,470,0.0,0.0,500,0.047619047619047616,3,4,easy,sHST-River,123,,500,0.0535310620456976
0.2620042944051386,0.90793,0.14375,0.32857142857142857,0.092,0.0094,46,94,9906,454,0.0,0.0,0,0.047619047619047616,3,4,easy,sHST-River,456,,0,26.20042944051386
0.26022974661959397,0.9033271,0.11320754716981132,0.39759036144578314,0.066,0.005,33,50,9950,467,0.0,0.0,500,0.047619047619047616,3,4,easy,sHST-River,456,,500,0.05204594932391879
1.0,1.0,0.8896797153024911,0.8012820512820513,1.0,0.0124,500,124,9876,0,0.0,0.0,0,0.047619047619047616,3,4,easy,MemStream,42,,0,100.0
1.0,1.0,0.8896797153024911,0.8012820512820513,1.0,0.0124,500,124,9876,0,0.0,0.0,500,0.047619047619047616,3,4,easy,MemStream,42,,500,0.2
1.0,1.0,0.975609756097561,0.9523809523809523,1.0,0.0025,500,25,9975,0,0.0,0.0,0,0.047619047619047616,3,4,easy,MemStream,123,,0,100.0
1.0,1.0,0.975609756097561,0.9523809523809523,1.0,0.0025,500,25,9975,0,0.0,0.0,500,0.047619047619047616,3,4,easy,MemStream,123,,500,0.2
1.0,1.0,0.9398496240601504,0.8865248226950354,1.0,0.0064,500,64,9936,0,0.0,0.0,0,0.047619047619047616,3,4,easy,MemStream,456,,0,100.0
1.0,1.0,0.9398496240601504,0.8865248226950354,1.0,0.0064,500,64,9936,0,0.0,0.0,500,0.047619047619047616,3,4,easy,MemStream,456,,500,0.2
1.0,1.0,0.5446623093681917,0.37425149700598803,1.0,0.0836,500,836,9164,0,0.0,0.0,0,0.047619047619047616,3,4,easy,CA-DIF-EIA-Stream,42,,0,100.0
1.0,1.0,0.5446623093681917,0.37425149700598803,1.0,0.0836,500,836,9164,0,0.0,0.0,500,0.047619047619047616,3,4,easy,CA-DIF-EIA-Stream,42,,500,0.2
0.9999960039920159,0.9999998,0.625,0.45454545454545453,1.0,0.06,500,600,9400,0,0.0,0.0,0,0.047619047619047616,3,4,easy,CA-DIF-EIA-Stream,123,,0,99.9996003992016
0.9999960039920159,0.9999998,0.625,0.45454545454545453,1.0,0.06,500,600,9400,0,0.0,0.0,500,0.047619047619047616,3,4,easy,CA-DIF-EIA-Stream,123,,500,0.19999920079840317
0.9999960039920159,0.9999998,0.4508566275924256,0.2910360884749709,1.0,0.1218,500,1218,8782,0,0.0,0.0,0,0.047619047619047616,3,4,easy,CA-DIF-EIA-Stream,456,,0,99.9996003992016
0.9999960039920159,0.9999998,0.4508566275924256,0.2910360884749709,1.0,0.1218,500,1218,8782,0,0.0,0.0,500,0.047619047619047616,3,4,easy,CA-DIF-EIA-Stream,456,,500,0.19999920079840317
0.047604360148381875,0.4967646,0.08108584523179975,0.04446162768219602,0.46,0.4943,230,4943,5057,270,0.003100023604929447,0.11110000195913017,0,0.047619047619047616,3,4,medium,Random,42,,0,4.760436014838188
0.05069673516714709,0.51608,0.0899982422218316,0.049335132010021196,0.512,0.4933,256,4933,5067,244,0.01300001167692244,0.1399999891873449,0,0.047619047619047616,3,4,medium,Random,123,,0,5.069673516714709
0.05268046277887784,0.5273410000000001,0.08637873754152824,0.047327074152136425,0.494,0.4972,247,4972,5028,253,0.010599993402138352,0.12270000297576189,0,0.047619047619047616,3,4,medium,Random,456,,0,5.268046277887784
0.05010948175900294,0.49421360000000003,0.05273833671399594,0.053497942386831275,0.052,0.046,26,460,9540,474,0.0,0.0,0,0.047619047619047616,3,4,medium,Random,42,,0,5.010948175900294
0.05010948175900294,0.49421360000000003,0.05273833671399594,0.053497942386831275,0.052,0.046,26,460,9540,474,0.0,0.0,500,0.047619047619047616,3,4,medium,Random,42,,500,0.010021896351800588
0.048418436988688814,0.49630319999999994,0.052845528455284556,0.05371900826446281,0.052,0.0458,26,458,9542,474,0.0,0.0,0,0.047619047619047616,3,4,medium,Random,123,,0,4.841843698868882
0.048418436988688814,0.49630319999999994,0.052845528455284556,0.05371900826446281,0.052,0.0458,26,458,9542,474,0.0,0.0,500,0.047619047619047616,3,4,medium,Random,123,,500,0.009683687397737763
0.0482609146322696,0.4992398,0.05052631578947368,0.05333333333333334,0.048,0.0426,24,426,9574,476,0.0,0.0,0,0.047619047619047616,3,4,medium,Random,456,,0,4.82609146322696
0.0482609146322696,0.4992398,0.05052631578947368,0.05333333333333334,0.048,0.0426,24,426,9574,476,0.0,0.0,500,0.047619047619047616,3,4,medium,Random,456,,500,0.009652182926453921
0.15384349523713473,0.8788684,0.0,0.0,0.0,0.0097,0,97,9903,500,0.0,0.0,0,0.047619047619047616,3,4,medium,sHST-River,42,,0,15.384349523713473
0.15347200559091437,0.8789518,0.0,0.0,0.0,0.0057,0,57,9943,500,0.0,0.0,500,0.047619047619047616,3,4,medium,sHST-River,42,,500,0.030694401118182876
0.17600744653605496,0.8919633,0.04021937842778794,0.23404255319148937,0.022,0.0036,11,36,9964,489,0.0,0.0,0,0.047619047619047616,3,4,medium,sHST-River,123,,0,17.600744653605496
0.1726007945198856,0.8828243,0.03415559772296015,0.3333333333333333,0.018,0.0018,9,18,9982,491,0.0,0.0,500,0.047619047619047616,3,4,medium,sHST-River,123,,500,0.034520158903977124
0.21301053887420407,0.8896562,0.09309791332263243,0.23577235772357724,0.058,0.0094,29,94,9906,471,0.0,0.0,0,0.047619047619047616,3,4,medium,sHST-River,456,,0,21.30105388742041
0.21601810700186225,0.8856661000000001,0.08362369337979095,0.32432432432432434,0.048,0.005,24,50,9950,476,0.0,0.0,500,0.047619047619047616,3,4,medium,sHST-River,456,,500,0.04320362140037245
0.9997448773557503,0.999988,0.8896797153024911,0.8012820512820513,1.0,0.0124,500,124,9876,0,0.0,0.0,0,0.047619047619047616,3,4,medium,MemStream,42,,0,99.97448773557504
0.9997448773557503,0.999988,0.8896797153024911,0.8012820512820513,1.0,0.0124,500,124,9876,0,0.0,0.0,500,0.047619047619047616,3,4,medium,MemStream,42,,500,0.1999489754711501
0.9996520531888641,0.999984,0.975609756097561,0.9523809523809523,1.0,0.0025,500,25,9975,0,0.0,0.0,0,0.047619047619047616,3,4,medium,MemStream,123,,0,99.9652053188864
0.9996520531888641,0.999984,0.975609756097561,0.9523809523809523,1.0,0.0025,500,25,9975,0,0.0,0.0,500,0.047619047619047616,3,4,medium,MemStream,123,,500,0.1999304106377728
0.9996281580192816,0.999983,0.9398496240601504,0.8865248226950354,1.0,0.0064,500,64,9936,0,0.0,0.0,0,0.047619047619047616,3,4,medium,MemStream,456,,0,99.96281580192816
0.9996281580192816,0.999983,0.9398496240601504,0.8865248226950354,1.0,0.0064,500,64,9936,0,0.0,0.0,500,0.047619047619047616,3,4,medium,MemStream,456,,500,0.19992563160385635
0.9996425293523452,0.9999836000000001,0.5446623093681917,0.37425149700598803,1.0,0.0836,500,836,9164,0,0.0,0.0,0,0.047619047619047616,3,4,medium,CA-DIF-EIA-Stream,42,,0,99.96425293523453
0.9996425293523452,0.9999836000000001,0.5446623093681917,0.37425149700598803,1.0,0.0836,500,836,9164,0,0.0,0.0,500,0.047619047619047616,3,4,medium,CA-DIF-EIA-Stream,42,,500,0.19992850587046904
0.9993937932556818,0.9999738,0.625,0.45454545454545453,1.0,0.06,500,600,9400,0,0.0,0.0,0,0.047619047619047616,3,4,medium,CA-DIF-EIA-Stream,123,,0,99.93937932556818
0.9993937932556818,0.9999738,0.625,0.45454545454545453,1.0,0.06,500,600,9400,0,0.0,0.0,500,0.047619047619047616,3,4,medium,CA-DIF-EIA-Stream,123,,500,0.19987875865113636
0.9989633671949993,0.999953,0.4508566275924256,0.2910360884749709,1.0,0.1218,500,1218,8782,0,0.0,0.0,0,0.047619047619047616,3,4,medium,CA-DIF-EIA-Stream,456,,0,99.89633671949993
0.9989633671949993,0.999953,0.4508566275924256,0.2910360884749709,1.0,0.1218,500,1218,8782,0,0.0,0.0,500,0.047619047619047616,3,4,medium,CA-DIF-EIA-Stream,456,,500,0.19979267343899987
0.047604360148381875,0.4967646,0.08108584523179975,0.04446162768219602,0.46,0.4943,230,4943,5057,270,0.0045000051613897085,0.0858000130392611,0,0.047619047619047616,3,4,hard,Random,42,,0,4.760436014838188
0.05069673516714709,0.51608,0.0899982422218316,0.049335132010021196,0.512,0.4933,256,4933,5067,244,0.006299989763647318,0.09660000796429813,0,0.047619047619047616,3,4,hard,Random,123,,0,5.069673516714709
0.05268046277887784,0.5273410000000001,0.08637873754152824,0.047327074152136425,0.494,0.4972,247,4972,5028,253,0.005499983672052622,0.08719999459572136,0,0.047619047619047616,3,4,hard,Random,456,,0,5.268046277887784
0.05010948175900294,0.49421360000000003,0.05273833671399594,0.053497942386831275,0.052,0.046,26,460,9540,474,0.0,0.0,0,0.047619047619047616,3,4,hard,Random,42,,0,5.010948175900294
0.05010948175900294,0.49421360000000003,0.05273833671399594,0.053497942386831275,0.052,0.046,26,460,9540,474,0.0,0.0,500,0.047619047619047616,3,4,hard,Random,42,,500,0.010021896351800588
0.048418436988688814,0.49630319999999994,0.052845528455284556,0.05371900826446281,0.052,0.0458,26,458,9542,474,0.0,0.0,0,0.047619047619047616,3,4,hard,Random,123,,0,4.841843698868882
0.048418436988688814,0.49630319999999994,0.052845528455284556,0.05371900826446281,0.052,0.0458,26,458,9542,474,0.0,0.0,500,0.047619047619047616,3,4,hard,Random,123,,500,0.009683687397737763
0.0482609146322696,0.4992398,0.05052631578947368,0.05333333333333334,0.048,0.0426,24,426,9574,476,0.0,0.0,0,0.047619047619047616,3,4,hard,Random,456,,0,4.82609146322696
0.0482609146322696,0.4992398,0.05052631578947368,0.05333333333333334,0.048,0.0426,24,426,9574,476,0.0,0.0,500,0.047619047619047616,3,4,hard,Random,456,,500,0.009652182926453921
0.14965575998518155,0.8743685,0.0,0.0,0.0,0.0097,0,97,9903,500,0.0,0.0,0,0.047619047619047616,3,4,hard,sHST-River,42,,0,14.965575998518155
0.14737737667434722,0.8720735,0.0,0.0,0.0,0.0057,0,57,9943,500,0.0,0.0,500,0.047619047619047616,3,4,hard,sHST-River,42,,500,0.029475475334869446
0.17933069337374405,0.8878872999999999,0.06498194945848375,0.3333333333333333,0.036,0.0036,18,36,9964,482,0.0,0.0,0,0.047619047619047616,3,4,hard,sHST-River,123,,0,17.933069337374405
0.17423725837085638,0.8764253,0.05628517823639775,0.45454545454545453,0.03,0.0018,15,18,9982,485,0.0,0.0,500,0.047619047619047616,3,4,hard,sHST-River,123,,500,0.034847451674171276
0.24401141831771017,0.9041362000000001,0.11727416798732171,0.2824427480916031,0.074,0.0094,37,94,9906,463,0.0,0.0,0,0.047619047619047616,3,4,hard,sHST-River,456,,0,24.401141831771017
0.24784249358870478,0.9040358000000001,0.09688581314878893,0.358974358974359,0.056,0.005,28,50,9950,472,0.0,0.0,500,0.047619047619047616,3,4,hard,sHST-River,456,,500,0.04956849871774095
0.9995571944802423,0.9999794,0.8896797153024911,0.8012820512820513,1.0,0.0124,500,124,9876,0,0.0,0.0,0,0.047619047619047616,3,4,hard,MemStream,42,,0,99.95571944802423
0.9995571944802423,0.9999794,0.8896797153024911,0.8012820512820513,1.0,0.0124,500,124,9876,0,0.0,0.0,500,0.047619047619047616,3,4,hard,MemStream,42,,500,0.19991143889604845
0.9996153764548925,0.9999823999999999,0.975609756097561,0.9523809523809523,1.0,0.0025,500,25,9975,0,0.0,0.0,0,0.047619047619047616,3,4,hard,MemStream,123,,0,99.96153764548924
0.9996153764548925,0.9999823999999999,0.975609756097561,0.9523809523809523,1.0,0.0025,500,25,9975,0,0.0,0.0,500,0.047619047619047616,3,4,hard,MemStream,123,,500,0.19992307529097852
0.9996185194370821,0.9999826,0.9398496240601504,0.8865248226950354,1.0,0.0064,500,64,9936,0,0.0,0.0,0,0.047619047619047616,3,4,hard,MemStream,456,,0,99.96185194370821
0.9996185194370821,0.9999826,0.9398496240601504,0.8865248226950354,1.0,0.0064,500,64,9936,0,0.0,0.0,500,0.047619047619047616,3,4,hard,MemStream,456,,500,0.19992370388741643
0.9994988125260409,0.9999764000000001,0.5446623093681917,0.37425149700598803,1.0,0.0836,500,836,9164,0,0.0,0.0,0,0.047619047619047616,3,4,hard,CA-DIF-EIA-Stream,42,,0,99.94988125260409
0.9994988125260409,0.9999764000000001,0.5446623093681917,0.37425149700598803,1.0,0.0836,500,836,9164,0,0.0,0.0,500,0.047619047619047616,3,4,hard,CA-DIF-EIA-Stream,42,,500,0.1998997625052082
0.999488642470463,0.999977,0.625,0.45454545454545453,1.0,0.06,500,600,9400,0,0.0,0.0,0,0.047619047619047616,3,4,hard,CA-DIF-EIA-Stream,123,,0,99.9488642470463
0.999488642470463,0.999977,0.625,0.45454545454545453,1.0,0.06,500,600,9400,0,0.0,0.0,500,0.047619047619047616,3,4,hard,CA-DIF-EIA-Stream,123,,500,0.19989772849409257
0.9968381380851759,0.9998402000000001,0.4508566275924256,0.2910360884749709,1.0,0.1218,500,1218,8782,0,0.0,0.0,0,0.047619047619047616,3,4,hard,CA-DIF-EIA-Stream,456,,0,99.68381380851758
0.9968381380851759,0.9998402000000001,0.4508566275924256,0.2910360884749709,1.0,0.1218,500,1218,8782,0,0.0,0.0,500,0.047619047619047616,3,4,hard,CA-DIF-EIA-Stream,456,,500,0.19936762761703516
0.045981059107264875,0.4775254,0.08320112815089019,0.045621496230427216,0.472,0.4937,236,4937,5063,264,0.0024999899324029684,0.07639999967068434,0,0.047619047619047616,4,5,easy,Random,42,,0,4.5981059107264874
0.04627389658371922,0.49086340000000006,0.08648268588504131,0.047407978415879744,0.492,0.4943,246,4943,5057,254,0.0046000059228390455,0.08719999459572136,0,0.047619047619047616,4,5,easy,Random,123,,0,4.627389658371922
0.044672414436951295,0.485808,0.09407239027802063,0.051542441080666794,0.538,0.495,269,4950,5050,231,0.00969998654909432,0.11329998960718513,0,0.047619047619047616,4,5,easy,Random,456,,0,4.467241443695129
0.04623640739850926,0.491132,0.04259634888438134,0.043209876543209874,0.042,0.0465,21,465,9535,479,0.0,0.0,0,0.047619047619047616,4,5,easy,Random,42,,0,4.623640739850926
0.04623640739850926,0.491132,0.04259634888438134,0.043209876543209874,0.042,0.0465,21,465,9535,479,0.0,0.0,500,0.047619047619047616,4,5,easy,Random,42,,500,0.009247281479701852
0.05043734340186659,0.4973782,0.056910569105691054,0.05785123966942149,0.056,0.0456,28,456,9544,472,0.0,0.0,0,0.047619047619047616,4,5,easy,Random,123,,0,5.043734340186659
0.05043734340186659,0.4973782,0.056910569105691054,0.05785123966942149,0.056,0.0456,28,456,9544,472,0.0,0.0,500,0.047619047619047616,4,5,easy,Random,123,,500,0.010087468680373319
0.048814184017490284,0.5056594,0.05473684210526316,0.057777777777777775,0.052,0.0424,26,424,9576,474,0.0,0.0,0,0.047619047619047616,4,5,easy,Random,456,,0,4.881418401749029
0.048814184017490284,0.5056594,0.05473684210526316,0.057777777777777775,0.052,0.0424,26,424,9576,474,0.0,0.0,500,0.047619047619047616,4,5,easy,Random,456,,500,0.009762836803498057
0.18127948222638998,0.8977723,0.03436426116838488,0.12195121951219512,0.02,0.0072,10,72,9928,490,0.0,0.0,0,0.047619047619047616,4,5,easy,sHST-River,42,,0,18.127948222639
0.1685374152754852,0.8864379,0.018214936247723135,0.10204081632653061,0.01,0.0044,5,44,9956,495,0.0,0.0,500,0.047619047619047616,4,5,easy,sHST-River,42,,500,0.033707483055097034
0.29854903173619846,0.9423400000000001,0.0497335701598579,0.2222222222222222,0.028,0.0049,14,49,9951,486,0.0,0.0,0,0.047619047619047616,4,5,easy,sHST-River,123,,0,29.854903173619846
0.24437722082172864,0.9270697000000001,0.044444444444444446,0.15294117647058825,0.026,0.0072,13,72,9928,487,0.0,0.0,500,0.047619047619047616,4,5,easy,sHST-River,123,,500,0.04887544416434573
0.3468957944810744,0.9223193000000001,0.2689295039164491,0.38721804511278196,0.206,0.0163,103,163,9837,397,0.0,0.0,0,0.047619047619047616,4,5,easy,sHST-River,456,,0,34.68957944810744
0.29690690804397507,0.9092676,0.21023513139695713,0.34080717488789236,0.152,0.0147,76,147,9853,424,0.0,0.0,500,0.047619047619047616,4,5,easy,sHST-River,456,,500,0.05938138160879501
1.0,1.0,0.37778617302606726,0.2328830926874709,1.0,0.1647,500,1647,8353,0,0.0,0.0,0,0.047619047619047616,4,5,easy,MemStream,42,,0,100.0
1.0,1.0,0.37778617302606726,0.2328830926874709,1.0,0.1647,500,1647,8353,0,0.0,0.0,500,0.047619047619047616,4,5,easy,MemStream,42,,500,0.2
1.0,1.0,0.5998800239952009,0.4284490145672665,1.0,0.0667,500,667,9333,0,0.0,0.0,0,0.047619047619047616,4,5,easy,MemStream,123,,0,100.0
1.0,1.0,0.5998800239952009,0.4284490145672665,1.0,0.0667,500,667,9333,0,0.0,0.0,500,0.047619047619047616,4,5,easy,MemStream,123,,500,0.2
1.0,1.0,0.6273525721455459,0.4570383912248629,1.0,0.0594,500,594,9406,0,0.0,0.0,0,0.047619047619047616,4,5,easy,MemStream,456,,0,100.0
1.0,1.0,0.6273525721455459,0.4570383912248629,1.0,0.0594,500,594,9406,0,0.0,0.0,500,0.047619047619047616,4,5,easy,MemStream,456,,500,0.2
1.0,1.0,0.3979307600477517,0.24838549428713363,1.0,0.1513,500,1513,8487,0,0.0,0.0,0,0.047619047619047616,4,5,easy,CA-DIF-EIA-Stream,42,,0,100.0
1.0,1.0,0.3979307600477517,0.24838549428713363,1.0,0.1513,500,1513,8487,0,0.0,0.0,500,0.047619047619047616,4,5,easy,CA-DIF-EIA-Stream,42,,500,0.2
1.0,1.0,0.562429696287964,0.39123630672926446,1.0,0.0778,500,778,9222,0,0.0,0.0,0,0.047619047619047616,4,5,easy,CA-DIF-EIA-Stream,123,,0,100.0
1.0,1.0,0.562429696287964,0.39123630672926446,1.0,0.0778,500,778,9222,0,0.0,0.0,500,0.047619047619047616,4,5,easy,CA-DIF-EIA-Stream,123,,500,0.2
1.0,1.0,0.4631773969430292,0.3013863773357444,1.0,0.1159,500,1159,8841,0,0.0,0.0,0,0.047619047619047616,4,5,easy,CA-DIF-EIA-Stream,456,,0,100.0
1.0,1.0,0.4631773969430292,0.3013863773357444,1.0,0.1159,500,1159,8841,0,0.0,0.0,500,0.047619047619047616,4,5,easy,CA-DIF-EIA-Stream,456,,500,0.2
0.045981059107264875,0.4775254,0.08320112815089019,0.045621496230427216,0.472,0.4937,236,4937,5063,264,0.0039000005926936865,0.08900000830180943,0,0.047619047619047616,4,5,medium,Random,42,,0,4.5981059107264874
0.04627389658371922,0.49086340000000006,0.08648268588504131,0.047407978415879744,0.492,0.4943,246,4943,5057,254,0.000900006853044033,0.0879999715834856,0,0.047619047619047616,4,5,medium,Random,123,,0,4.627389658371922
0.044672414436951295,0.485808,0.09407239027802063,0.051542441080666794,0.538,0.495,269,4950,5050,231,0.0044000043999403715,0.08110000635497272,0,0.047619047619047616,4,5,medium,Random,456,,0,4.467241443695129
0.04623640739850926,0.491132,0.04259634888438134,0.043209876543209874,0.042,0.0465,21,465,9535,479,0.0,0.0,0,0.047619047619047616,4,5,medium,Random,42,,0,4.623640739850926
0.04623640739850926,0.491132,0.04259634888438134,0.043209876543209874,0.042,0.0465,21,465,9535,479,0.0,0.0,500,0.047619047619047616,4,5,medium,Random,42,,500,0.009247281479701852
0.05043734340186659,0.4973782,0.056910569105691054,0.05785123966942149,0.056,0.0456,28,456,9544,472,0.0,0.0,0,0.047619047619047616,4,5,medium,Random,123,,0,5.043734340186659
0.05043734340186659,0.4973782,0.056910569105691054,0.05785123966942149,0.056,0.0456,28,456,9544,472,0.0,0.0,500,0.047619047619047616,4,5,medium,Random,123,,500,0.010087468680373319
0.048814184017490284,0.5056594,0.05473684210526316,0.057777777777777775,0.052,0.0424,26,424,9576,474,0.0,0.0,0,0.047619047619047616,4,5,medium,Random,456,,0,4.881418401749029
0.048814184017490284,0.5056594,0.05473684210526316,0.057777777777777775,0.052,0.0424,26,424,9576,474,0.0,0.0,500,0.047619047619047616,4,5,medium,Random,456,,500,0.009762836803498057
0.16131460294029956,0.8831017999999999,0.010434782608695653,0.04,0.006,0.0072,3,72,9928,497,0.0,0.0,0,0.047619047619047616,4,5,medium,sHST-River,42,,0,16.131460294029957
0.14705125561149032,0.8666205,0.010948905109489052,0.0625,0.006,0.0045,3,45,9955,497,0.0,0.0,500,0.047619047619047616,4,5,medium,sHST-River,42,,500,0.029410251122298062
0.2108957875187599,0.9147948,0.018050541516245487,0.09259259259259259,0.01,0.0049,5,49,9951,495,0.0,0.0,0,0.047619047619047616,4,5,medium,sHST-River,123,,0,21.08957875187599
0.18376339059145047,0.9001264,0.013888888888888888,0.05263157894736842,0.008,0.0072,4,72,9928,496,0.0,0.0,500,0.047619047619047616,4,5,medium,sHST-River,123,,500,0.0367526781182901
0.2689668913815266,0.9028347999999999,0.18356164383561643,0.29130434782608694,0.134,0.0163,67,163,9837,433,0.0,0.0,0,0.047619047619047616,4,5,medium,sHST-River,456,,0,26.896689138152656
0.2342246916722692,0.8893671999999999,0.14326647564469913,0.25252525252525254,0.1,0.0148,50,148,9852,450,0.0,0.0,500,0.047619047619047616,4,5,medium,sHST-River,456,,500,0.04684493833445384
0.9997668730116838,0.9999888,0.37778617302606726,0.2328830926874709,1.0,0.1647,500,1647,8353,0,0.0,0.0,0,0.047619047619047616,4,5,medium,MemStream,42,,0,99.97668730116838
0.9997668730116838,0.9999888,0.37778617302606726,0.2328830926874709,1.0,0.1647,500,1647,8353,0,0.0,0.0,500,0.047619047619047616,4,5,medium,MemStream,42,,500,0.19995337460233675
0.9997135369318699,0.9999861999999999,0.5998800239952009,0.4284490145672665,1.0,0.0667,500,667,9333,0,0.0,0.0,0,0.047619047619047616,4,5,medium,MemStream,123,,0,99.971353693187
0.9997135369318699,0.9999861999999999,0.5998800239952009,0.4284490145672665,1.0,0.0667,500,667,9333,0,0.0,0.0,500,0.047619047619047616,4,5,medium,MemStream,123,,500,0.199942707386374
0.9996879678889622,0.9999852,0.6273525721455459,0.4570383912248629,1.0,0.0594,500,594,9406,0,0.0,0.0,0,0.047619047619047616,4,5,medium,MemStream,456,,0,99.96879678889621
0.9996879678889622,0.9999852,0.6273525721455459,0.4570383912248629,1.0,0.0594,500,594,9406,0,0.0,0.0,500,0.047619047619047616,4,5,medium,MemStream,456,,500,0.19993759357779242
0.9997604641451086,0.9999884,0.3979307600477517,0.24838549428713363,1.0,0.1513,500,1513,8487,0,0.0,0.0,0,0.047619047619047616,4,5,medium,CA-DIF-EIA-Stream,42,,0,99.97604641451086
0.9997604641451086,0.9999884,0.3979307600477517,0.24838549428713363,1.0,0.1513,500,1513,8487,0,0.0,0.0,500,0.047619047619047616,4,5,medium,CA-DIF-EIA-Stream,42,,500,0.1999520928290217
0.9996928326479372,0.9999852,0.562429696287964,0.39123630672926446,1.0,0.0778,500,778,9222,0,0.0,0.0,0,0.047619047619047616,4,5,medium,CA-DIF-EIA-Stream,123,,0,99.96928326479372
0.9996928326479372,0.9999852,0.562429696287964,0.39123630672926446,1.0,0.0778,500,778,9222,0,0.0,0.0,500,0.047619047619047616,4,5,medium,CA-DIF-EIA-Stream,123,,500,0.1999385665295874
0.999401746967702,0.9999714,0.4631773969430292,0.3013863773357444,1.0,0.1159,500,1159,8841,0,0.0,0.0,0,0.047619047619047616,4,5,medium,CA-DIF-EIA-Stream,456,,0,99.9401746967702
0.999401746967702,0.9999714,0.4631773969430292,0.3013863773357444,1.0,0.1159,500,1159,8841,0,0.0,0.0,500,0.047619047619047616,4,5,medium,CA-DIF-EIA-Stream,456,,500,0.19988034939354038
0.045981059107264875,0.4775254,0.08320112815089019,0.045621496230427216,0.472,0.4937,236,4937,5063,264,0.005199981387704611,0.09879999561235309,0,0.047619047619047616,4,5,hard,Random,42,,0,4.5981059107264874
0.04627389658371922,0.49086340000000006,0.08648268588504131,0.047407978415879744,0.492,0.4943,246,4943,5057,254,0.010200019460171461,0.07589999586343765,0,0.047619047619047616,4,5,hard,Random,123,,0,4.627389658371922
0.044672414436951295,0.485808,0.09407239027802063,0.051542441080666794,0.538,0.495,269,4950,5050,231,0.0038999714888632298,0.07639999967068434,0,0.047619047619047616,4,5,hard,Random,456,,0,4.467241443695129
0.04623640739850926,0.491132,0.04259634888438134,0.043209876543209874,0.042,0.0465,21,465,9535,479,0.0,0.0,0,0.047619047619047616,4,5,hard,Random,42,,0,4.623640739850926
0.04623640739850926,0.491132,0.04259634888438134,0.043209876543209874,0.042,0.0465,21,465,9535,479,0.0,0.0,500,0.047619047619047616,4,5,hard,Random,42,,500,0.009247281479701852
0.05043734340186659,0.4973782,0.056910569105691054,0.05785123966942149,0.056,0.0456,28,456,9544,472,0.0,0.0,0,0.047619047619047616,4,5,hard,Random,123,,0,5.043734340186659
0.05043734340186659,0.4973782,0.056910569105691054,0.05785123966942149,0.056,0.0456,28,456,9544,472,0.0,0.0,500,0.047619047619047616,4,5,hard,Random,123,,500,0.010087468680373319
0.048814184017490284,0.5056594,0.05473684210526316,0.057777777777777775,0.052,0.0424,26,424,9576,474,0.0,0.0,0,0.047619047619047616,4,5,hard,Random,456,,0,4.881418401749029
0.048814184017490284,0.5056594,0.05473684210526316,0.057777777777777775,0.052,0.0424,26,424,9576,474,0.0,0.0,500,0.047619047619047616,4,5,hard,Random,456,,500,0.009762836803498057
0.1588813344753287,0.8795046,0.01733102253032929,0.06493506493506493,0.01,0.0072,5,72,9928,495,0.0,0.0,0,0.047619047619047616,4,5,hard,sHST-River,42,,0,15.888133447532871
0.14344920458778543,0.8603541,0.014519056261343012,0.0784313725490196,0.008,0.0047,4,47,9953,496,0.0,0.0,500,0.047619047619047616,4,5,hard,sHST-River,42,,500,0.028689840917557087
0.20921932942830804,0.9110315,0.021621621621621623,0.10909090909090909,0.012,0.0049,6,49,9951,494,0.0,0.0,0,0.047619047619047616,4,5,hard,sHST-River,123,,0,20.921932942830804
0.18123315468860812,0.8963075,0.01733102253032929,0.06493506493506493,0.01,0.0072,5,72,9928,495,0.0,0.0,500,0.047619047619047616,4,5,hard,sHST-River,123,,500,0.036246630937721624
0.31335801402017227,0.9212219,0.19591836734693877,0.30638297872340425,0.144,0.0163,72,163,9837,428,0.0,0.0,0,0.047619047619047616,4,5,hard,sHST-River,456,,0,31.33580140201723
0.26469960523963076,0.9079448999999999,0.15864022662889518,0.27184466019417475,0.112,0.015,56,150,9850,444,0.0,0.0,500,0.047619047619047616,4,5,hard,sHST-River,456,,500,0.05293992104792616
0.9994679499343647,0.9999750000000001,0.37778617302606726,0.2328830926874709,1.0,0.1647,500,1647,8353,0,0.0,0.0,0,0.047619047619047616,4,5,hard,MemStream,42,,0,99.94679499343647
0.9994679499343647,0.9999750000000001,0.37778617302606726,0.2328830926874709,1.0,0.1647,500,1647,8353,0,0.0,0.0,500,0.047619047619047616,4,5,hard,MemStream,42,,500,0.19989358998687293
0.999429985188782,0.9999732,0.5998800239952009,0.4284490145672665,1.0,0.0667,500,667,9333,0,0.0,0.0,0,0.047619047619047616,4,5,hard,MemStream,123,,0,99.9429985188782
0.999429985188782,0.9999732,0.5998800239952009,0.4284490145672665,1.0,0.0667,500,667,9333,0,0.0,0.0,500,0.047619047619047616,4,5,hard,MemStream,123,,500,0.1998859970377564
0.999454549326234,0.9999744,0.6273525721455459,0.4570383912248629,1.0,0.0594,500,594,9406,0,0.0,0.0,0,0.047619047619047616,4,5,hard,MemStream,456,,0,99.9454549326234
0.999454549326234,0.9999744,0.6273525721455459,0.4570383912248629,1.0,0.0594,500,594,9406,0,0.0,0.0,500,0.047619047619047616,4,5,hard,MemStream,456,,500,0.19989090986524677
0.9991846102530457,0.999961,0.3979307600477517,0.24838549428713363,1.0,0.1513,500,1513,8487,0,0.0,0.0,0,0.047619047619047616,4,5,hard,CA-DIF-EIA-Stream,42,,0,99.91846102530457
0.9991846102530457,0.999961,0.3979307600477517,0.24838549428713363,1.0,0.1513,500,1513,8487,0,0.0,0.0,500,0.047619047619047616,4,5,hard,CA-DIF-EIA-Stream,42,,500,0.19983692205060916
0.9992962878803864,0.999967,0.562429696287964,0.39123630672926446,1.0,0.0778,500,778,9222,0,0.0,0.0,0,0.047619047619047616,4,5,hard,CA-DIF-EIA-Stream,123,,0,99.92962878803864
0.9992962878803864,0.999967,0.562429696287964,0.39123630672926446,1.0,0.0778,500,778,9222,0,0.0,0.0,500,0.047619047619047616,4,5,hard,CA-DIF-EIA-Stream,123,,500,0.19985925757607728
0.9978856118458617,0.9998956,0.4631773969430292,0.3013863773357444,1.0,0.1159,500,1159,8841,0,0.0,0.0,0,0.047619047619047616,4,5,hard,CA-DIF-EIA-Stream,456,,0,99.78856118458617
0.9978856118458617,0.9998956,0.4631773969430292,0.3013863773357444,1.0,0.1159,500,1159,8841,0,0.0,0.0,500,0.047619047619047616,4,5,hard,CA-DIF-EIA-Stream,456,,500,0.19957712236917236
0.04609222951228181,0.4915152,0.08848933544861626,0.04852116760100522,0.502,0.4922,251,4922,5078,249,0.0041000021155923605,0.08530000923201442,0,0.047619047619047616,5,6,easy,Random,42,,0,4.6092229512281815
0.04485551987596377,0.47254359999999995,0.08613113025136228,0.0472152630564656,0.49,0.4944,245,4944,5056,255,0.007499998901039362,0.09919999865815043,0,0.047619047619047616,5,6,easy,Random,123,,0,4.485551987596377
0.046846643031800694,0.49046579999999995,0.08288162266130443,0.04541099827553171,0.474,0.4982,237,4982,5018,263,0.030899973353371024,0.14930000179447234,0,0.047619047619047616,5,6,easy,Random,456,,0,4.684664303180069
0.0440430109823966,0.47473139999999997,0.02636916835699797,0.026748971193415638,0.026,0.0473,13,473,9527,487,0.0,0.0,0,0.047619047619047616,5,6,easy,Random,42,,0,4.40430109823966
0.0440430109823966,0.47473139999999997,0.02636916835699797,0.026748971193415638,0.026,0.0473,13,473,9527,487,0.0,0.0,500,0.047619047619047616,5,6,easy,Random,42,,500,0.008808602196479321
0.044789484866880454,0.482017,0.03048780487804878,0.030991735537190084,0.03,0.0469,15,469,9531,485,0.0,0.0,0,0.047619047619047616,5,6,easy,Random,123,,0,4.478948486688045
0.044789484866880454,0.482017,0.03048780487804878,0.030991735537190084,0.03,0.0469,15,469,9531,485,0.0,0.0,500,0.047619047619047616,5,6,easy,Random,123,,500,0.00895789697337609
0.043309671873126024,0.4778904,0.02526315789473684,0.02666666666666667,0.024,0.0438,12,438,9562,488,0.0,0.0,0,0.047619047619047616,5,6,easy,Random,456,,0,4.330967187312602
0.043309671873126024,0.4778904,0.02526315789473684,0.02666666666666667,0.024,0.0438,12,438,9562,488,0.0,0.0,500,0.047619047619047616,5,6,easy,Random,456,,500,0.008661934374625205
0.18001210538374193,0.8960959000000001,0.05660377358490566,0.06896551724137931,0.048,0.0324,24,324,9676,476,0.0,0.0,0,0.047619047619047616,5,6,easy,sHST-River,42,,0,18.001210538374192
0.1787162729011442,0.891215,0.056921086675291076,0.08058608058608059,0.044,0.0251,22,251,9749,478,0.0,0.0,500,0.047619047619047616,5,6,easy,sHST-River,42,,500,0.03574325458022884
0.43011868218712707,0.9380835,0.33268101761252444,0.32567049808429116,0.34,0.0352,170,352,9648,330,0.0,0.0,0,0.047619047619047616,5,6,easy,sHST-River,123,,0,43.011868218712706
0.3629882847203097,0.9236615000000001,0.2674199623352166,0.2526690391459075,0.284,0.042,142,420,9580,358,0.0,0.0,500,0.047619047619047616,5,6,easy,sHST-River,123,,500,0.07259765694406194
0.35694642136830995,0.9131316,0.31910946196660483,0.2975778546712803,0.344,0.0406,172,406,9594,328,0.0,0.0,0,0.047619047619047616,5,6,easy,sHST-River,456,,0,35.69464213683099
0.321799476290654,0.9091808,0.26626626626626626,0.2665330661322645,0.266,0.0366,133,366,9634,367,0.0,0.0,500,0.047619047619047616,5,6,easy,sHST-River,456,,500,0.0643598952581308
0.9999353479255886,0.9999968,0.35511363636363635,0.2158894645941278,1.0,0.1816,500,1816,8184,0,0.0,0.0,0,0.047619047619047616,5,6,easy,MemStream,42,,0,99.99353479255886
0.9999353479255886,0.9999968,0.35511363636363635,0.2158894645941278,1.0,0.1816,500,1816,8184,0,0.0,0.0,500,0.047619047619047616,5,6,easy,MemStream,42,,500,0.1999870695851177
0.9999353479255886,0.9999968,0.676132521974307,0.5107252298263534,1.0,0.0479,500,479,9521,0,0.0,0.0,0,0.047619047619047616,5,6,easy,MemStream,123,,0,99.99353479255886
0.9999353479255886,0.9999968,0.676132521974307,0.5107252298263534,1.0,0.0479,500,479,9521,0,0.0,0.0,500,0.047619047619047616,5,6,easy,MemStream,123,,500,0.1999870695851177
0.9999191175038773,0.9999960000000001,0.6234413965087282,0.4528985507246377,1.0,0.0604,500,604,9396,0,0.0,0.0,0,0.047619047619047616,5,6,easy,MemStream,456,,0,99.99191175038773
0.9999191175038773,0.9999960000000001,0.6234413965087282,0.4528985507246377,1.0,0.0604,500,604,9396,0,0.0,0.0,500,0.047619047619047616,5,6,easy,MemStream,456,,500,0.19998382350077545
0.9999030930251336,0.9999952000000001,0.2858776443682104,0.1667778519012675,1.0,0.2498,500,2498,7502,0,0.0,0.0,0,0.047619047619047616,5,6,easy,CA-DIF-EIA-Stream,42,,0,99.99030930251335
0.9999030930251336,0.9999952000000001,0.2858776443682104,0.1667778519012675,1.0,0.2498,500,2498,7502,0,0.0,0.0,500,0.047619047619047616,5,6,easy,CA-DIF-EIA-Stream,42,,500,0.1999806186050267
0.9998287504359364,0.9999916,0.29455081001472755,0.17271157167530224,1.0,0.2395,500,2395,7605,0,0.0,0.0,0,0.047619047619047616,5,6,easy,CA-DIF-EIA-Stream,123,,0,99.98287504359365
0.9998287504359364,0.9999916,0.29455081001472755,0.17271157167530224,1.0,0.2395,500,2395,7605,0,0.0,0.0,500,0.047619047619047616,5,6,easy,CA-DIF-EIA-Stream,123,,500,0.19996575008718728
0.9998616588210731,0.9999932,0.3203074951953876,0.19069412662090007,1.0,0.2122,500,2122,7878,0,0.0,0.0,0,0.047619047619047616,5,6,easy,CA-DIF-EIA-Stream,456,,0,99.98616588210731
0.9998616588210731,0.9999932,0.3203074951953876,0.19069412662090007,1.0,0.2122,500,2122,7878,0,0.0,0.0,500,0.047619047619047616,5,6,easy,CA-DIF-EIA-Stream,456,,500,0.1999723317642146
0.04609222951228181,0.4915152,0.08848933544861626,0.04852116760100522,0.502,0.4922,251,4922,5078,249,0.0037999998312443495,0.07750000804662704,0,0.047619047619047616,5,6,medium,Random,42,,0,4.6092229512281815
0.04485551987596377,0.47254359999999995,0.08613113025136228,0.0472152630564656,0.49,0.4944,245,4944,5056,255,0.0047000066842883825,0.08420000085607171,0,0.047619047619047616,5,6,medium,Random,123,,0,4.485551987596377
0.046846643031800694,0.49046579999999995,0.08288162266130443,0.04541099827553171,0.474,0.4982,237,4982,5018,263,0.012999982573091984,0.13890000991523266,0,0.047619047619047616,5,6,medium,Random,456,,0,4.684664303180069
0.0440430109823966,0.47473139999999997,0.02636916835699797,0.026748971193415638,0.026,0.0473,13,473,9527,487,0.0,0.0,0,0.047619047619047616,5,6,medium,Random,42,,0,4.40430109823966
0.0440430109823966,0.47473139999999997,0.02636916835699797,0.026748971193415638,0.026,0.0473,13,473,9527,487,0.0,0.0,500,0.047619047619047616,5,6,medium,Random,42,,500,0.008808602196479321
0.044789484866880454,0.482017,0.03048780487804878,0.030991735537190084,0.03,0.0469,15,469,9531,485,0.0,0.0,0,0.047619047619047616,5,6,medium,Random,123,,0,4.478948486688045
0.044789484866880454,0.482017,0.03048780487804878,0.030991735537190084,0.03,0.0469,15,469,9531,485,0.0,0.0,500,0.047619047619047616,5,6,medium,Random,123,,500,0.00895789697337609
0.043309671873126024,0.4778904,0.02526315789473684,0.02666666666666667,0.024,0.0438,12,438,9562,488,0.0,0.0,0,0.047619047619047616,5,6,medium,Random,456,,0,4.330967187312602
0.043309671873126024,0.4778904,0.02526315789473684,0.02666666666666667,0.024,0.0438,12,438,9562,488,0.0,0.0,500,0.047619047619047616,5,6,medium,Random,456,,500,0.008661934374625205
0.15610482536848547,0.8822224000000001,0.03341288782816229,0.04142011834319527,0.028,0.0324,14,324,9676,486,0.0,0.0,0,0.047619047619047616,5,6,medium,sHST-River,42,,0,15.610482536848547
0.1463280208099152,0.8695230999999999,0.028534370946822308,0.04059040590405904,0.022,0.026,11,260,9740,489,0.0,0.0,500,0.047619047619047616,5,6,medium,sHST-River,42,,500,0.02926560416198304
0.263554266279981,0.9072279999999999,0.1891604675876727,0.2018140589569161,0.178,0.0352,89,352,9648,411,0.0,0.0,0,0.047619047619047616,5,6,medium,sHST-River,123,,0,26.355426627998103
0.21942986137613016,0.8926037,0.12981744421906694,0.13168724279835392,0.128,0.0422,64,422,9578,436,0.0,0.0,500,0.047619047619047616,5,6,medium,sHST-River,123,,500,0.04388597227522603
0.26951988856436443,0.8910601,0.2200392927308448,0.21621621621621623,0.224,0.0406,112,406,9594,388,0.0,0.0,0,0.047619047619047616,5,6,medium,sHST-River,456,,0,26.951988856436444
0.2504118134624066,0.8885322,0.17708333333333334,0.18478260869565216,0.17,0.0375,85,375,9625,415,0.0,0.0,500,0.047619047619047616,5,6,medium,sHST-River,456,,500,0.05008236269248132
0.9979135237006425,0.999918,0.35511363636363635,0.2158894645941278,1.0,0.1816,500,1816,8184,0,0.0,0.0,0,0.047619047619047616,5,6,medium,MemStream,42,,0,99.79135237006425
0.9979135237006425,0.999918,0.35511363636363635,0.2158894645941278,1.0,0.1816,500,1816,8184,0,0.0,0.0,500,0.047619047619047616,5,6,medium,MemStream,42,,500,0.1995827047401285
0.9978924776466702,0.9999166,0.676132521974307,0.5107252298263534,1.0,0.0479,500,479,9521,0,0.0,0.0,0,0.047619047619047616,5,6,medium,MemStream,123,,0,99.78924776466702
0.9978924776466702,0.9999166,0.676132521974307,0.5107252298263534,1.0,0.0479,500,479,9521,0,0.0,0.0,500,0.047619047619047616,5,6,medium,MemStream,123,,500,0.19957849552933404
0.9978198295521791,0.9999142000000001,0.6234413965087282,0.4528985507246377,1.0,0.0604,500,604,9396,0,0.0,0.0,0,0.047619047619047616,5,6,medium,MemStream,456,,0,99.78198295521791
0.9978198295521791,0.9999142000000001,0.6234413965087282,0.4528985507246377,1.0,0.0604,500,604,9396,0,0.0,0.0,500,0.047619047619047616,5,6,medium,MemStream,456,,500,0.19956396591043585
0.9976363782499693,0.9999036,0.2858776443682104,0.1667778519012675,1.0,0.2498,500,2498,7502,0,0.0,0.0,0,0.047619047619047616,5,6,medium,CA-DIF-EIA-Stream,42,,0,99.76363782499693
0.9976363782499693,0.9999036,0.2858776443682104,0.1667778519012675,1.0,0.2498,500,2498,7502,0,0.0,0.0,500,0.047619047619047616,5,6,medium,CA-DIF-EIA-Stream,42,,500,0.1995272756499939
0.9968004106691928,0.999882,0.29455081001472755,0.17271157167530224,1.0,0.2395,500,2395,7605,0,0.0,0.0,0,0.047619047619047616,5,6,medium,CA-DIF-EIA-Stream,123,,0,99.68004106691927
0.9968004106691928,0.999882,0.29455081001472755,0.17271157167530224,1.0,0.2395,500,2395,7605,0,0.0,0.0,500,0.047619047619047616,5,6,medium,CA-DIF-EIA-Stream,123,,500,0.19936008213383857
0.9969050939011316,0.9998712000000001,0.3203074951953876,0.19069412662090007,1.0,0.2122,500,2122,7878,0,0.0,0.0,0,0.047619047619047616,5,6,medium,CA-DIF-EIA-Stream,456,,0,99.69050939011316
0.9969050939011316,0.9998712000000001,0.3203074951953876,0.19069412662090007,1.0,0.2122,500,2122,7878,0,0.0,0.0,500,0.047619047619047616,5,6,medium,CA-DIF-EIA-Stream,456,,500,0.19938101878022632
0.04609222951228181,0.4915152,0.08848933544861626,0.04852116760100522,0.502,0.4922,251,4922,5078,249,0.004599976819008589,0.08149998029693961,0,0.047619047619047616,5,6,hard,Random,42,,0,4.6092229512281815
0.04485551987596377,0.47254359999999995,0.08613113025136228,0.0472152630564656,0.49,0.4944,245,4944,5056,255,0.006299989763647318,0.08329999400302768,0,0.047619047619047616,5,6,hard,Random,123,,0,4.485551987596377
0.046846643031800694,0.49046579999999995,0.08288162266130443,0.04541099827553171,0.474,0.4982,237,4982,5018,263,0.000600004568696022,0.06779999239370227,0,0.047619047619047616,5,6,hard,Random,456,,0,4.684664303180069
0.0440430109823966,0.47473139999999997,0.02636916835699797,0.026748971193415638,0.026,0.0473,13,473,9527,487,0.0,0.0,0,0.047619047619047616,5,6,hard,Random,42,,0,4.40430109823966
0.0440430109823966,0.47473139999999997,0.02636916835699797,0.026748971193415638,0.026,0.0473,13,473,9527,487,0.0,0.0,500,0.047619047619047616,5,6,hard,Random,42,,500,0.008808602196479321
0.044789484866880454,0.482017,0.03048780487804878,0.030991735537190084,0.03,0.0469,15,469,9531,485,0.0,0.0,0,0.047619047619047616,5,6,hard,Random,123,,0,4.478948486688045
0.044789484866880454,0.482017,0.03048780487804878,0.030991735537190084,0.03,0.0469,15,469,9531,485,0.0,0.0,500,0.047619047619047616,5,6,hard,Random,123,,500,0.00895789697337609
0.043309671873126024,0.4778904,0.02526315789473684,0.02666666666666667,0.024,0.0438,12,438,9562,488,0.0,0.0,0,0.047619047619047616,5,6,hard,Random,456,,0,4.330967187312602
0.043309671873126024,0.4778904,0.02526315789473684,0.02666666666666667,0.024,0.0438,12,438,9562,488,0.0,0.0,500,0.047619047619047616,5,6,hard,Random,456,,500,0.008661934374625205
0.15568276355606805,0.8788614,0.028708133971291867,0.03571428571428571,0.024,0.0324,12,324,9676,488,0.0,0.0,0,0.047619047619047616,5,6,hard,sHST-River,42,,0,15.568276355606805
0.1453083299829391,0.8654476,0.02594033722438392,0.03690036900369004,0.02,0.0261,10,261,9739,490,0.0,0.0,500,0.047619047619047616,5,6,hard,sHST-River,42,,500,0.029061665996587823
0.27668264867858045,0.9037915999999999,0.22684703433922998,0.23644251626898047,0.218,0.0352,109,352,9648,391,0.0,0.0,0,0.047619047619047616,5,6,hard,sHST-River,123,,0,27.668264867858046
0.2249117957362,0.8915868,0.1565906838453915,0.15520628683693516,0.158,0.043,79,430,9570,421,0.0,0.0,500,0.047619047619047616,5,6,hard,sHST-River,123,,500,0.04498235914724
0.3389066927662594,0.9100295,0.29056603773584905,0.275,0.308,0.0406,154,406,9594,346,0.0,0.0,0,0.047619047619047616,5,6,hard,sHST-River,456,,0,33.89066927662594
0.2956400907213935,0.9087485,0.2233502538071066,0.2268041237113402,0.22,0.0375,110,375,9625,390,0.0,0.0,500,0.047619047619047616,5,6,hard,sHST-River,456,,500,0.059128018144278705
0.9985018154788289,0.9999321999999999,0.35511363636363635,0.2158894645941278,1.0,0.1816,500,1816,8184,0,0.0,0.0,0,0.047619047619047616,5,6,hard,MemStream,42,,0,99.85018154788288
0.9985018154788289,0.9999321999999999,0.35511363636363635,0.2158894645941278,1.0,0.1816,500,1816,8184,0,0.0,0.0,500,0.047619047619047616,5,6,hard,MemStream,42,,500,0.19970036309576578
0.9984500039531123,0.9999302,0.676132521974307,0.5107252298263534,1.0,0.0479,500,479,9521,0,0.0,0.0,0,0.047619047619047616,5,6,hard,MemStream,123,,0,99.84500039531123
0.9984500039531123,0.9999302,0.676132521974307,0.5107252298263534,1.0,0.0479,500,479,9521,0,0.0,0.0,500,0.047619047619047616,5,6,hard,MemStream,123,,500,0.19969000079062246
0.9984667757646872,0.9999308,0.6234413965087282,0.4528985507246377,1.0,0.0604,500,604,9396,0,0.0,0.0,0,0.047619047619047616,5,6,hard,MemStream,456,,0,99.84667757646872
0.9984667757646872,0.9999308,0.6234413965087282,0.4528985507246377,1.0,0.0604,500,604,9396,0,0.0,0.0,500,0.047619047619047616,5,6,hard,MemStream,456,,500,0.19969335515293746
0.9982435634046871,0.9999186,0.2858776443682104,0.1667778519012675,1.0,0.2498,500,2498,7502,0,0.0,0.0,0,0.047619047619047616,5,6,hard,CA-DIF-EIA-Stream,42,,0,99.82435634046871
0.9982435634046871,0.9999186,0.2858776443682104,0.1667778519012675,1.0,0.2498,500,2498,7502,0,0.0,0.0,500,0.047619047619047616,5,6,hard,CA-DIF-EIA-Stream,42,,500,0.19964871268093742
0.9978910550273306,0.9999096000000001,0.29455081001472755,0.17271157167530224,1.0,0.2395,500,2395,7605,0,0.0,0.0,0,0.047619047619047616,5,6,hard,CA-DIF-EIA-Stream,123,,0,99.78910550273305
0.9978910550273306,0.9999096000000001,0.29455081001472755,0.17271157167530224,1.0,0.2395,500,2395,7605,0,0.0,0.0,500,0.047619047619047616,5,6,hard,CA-DIF-EIA-Stream,123,,500,0.19957821100546608
0.9973349284614965,0.9998726000000001,0.3203074951953876,0.19069412662090007,1.0,0.2122,500,2122,7878,0,0.0,0.0,0,0.047619047619047616,5,6,hard,CA-DIF-EIA-Stream,456,,0,99.73349284614966
0.9973349284614965,0.9998726000000001,0.3203074951953876,0.19069412662090007,1.0,0.2122,500,2122,7878,0,0.0,0.0,500,0.047619047619047616,5,6,hard,CA-DIF-EIA-Stream,456,,500,0.19946698569229931
