AUC_PR,AUC_ROC,F1,Precision,Recall,FPR,TP,FP,TN,FN,score_ms,drift_count,update_count,BAR,label_budget,label_fraction,algorithm,fraud_type,fold,month,seed
0.06463936624094603,0.518129226902285,0.07392197125256673,0.072,0.0759493670886076,0.04870879697669536,54,696,13593,657,6414.3805503845215,0,0,0.06463936624094603,0,0.0,MemStream,canary_only,1,1,42
0.06929402428629522,0.5218233631862421,0.08761122518822723,0.08533333333333333,0.090014064697609,0.04800895793967388,64,686,13603,647,7187.599658966064,0,0,0.06929402428629522,0,0.0,CA-MemStream,canary_only,1,1,42
0.06700870579447923,0.5188251779446564,0.08213552361396305,0.08,0.08438818565400844,0.048288893554482466,60,690,13599,651,8120.3296184539795,38,38,0.06700870579447923,0,0.0,CA-MemStream-EIA,canary_only,1,1,42
1.0,1.0,1.0,1.0,1.0,0.0,711,0,14289,0,0.0,0,0,1.0,0,0.0,Canary-Rules,canary_only,1,1,42
0.048319432300117274,0.5063058843863942,0.05201916495550993,0.050666666666666665,0.053445850914205346,0.049828539435929735,38,712,13577,673,35.95781326293945,0,0,0.048319432300117274,0,0.0,Random,canary_only,1,1,42
0.09820729567883682,0.6893564444444444,0.13066666666666665,0.13066666666666665,0.13066666666666665,0.045754385964912284,98,652,13598,652,5101.897716522217,0,0,0.09820729567883682,0,0.0,MemStream,type1_only,1,1,42
0.09011603629716766,0.7106555321637428,0.10000000000000002,0.1,0.1,0.04736842105263158,75,675,13575,675,6645.615577697754,0,0,0.09011603629716766,0,0.0,CA-MemStream,type1_only,1,1,42
0.09824481260642733,0.7034138011695907,0.12666666666666668,0.12666666666666668,0.12666666666666668,0.04596491228070176,95,655,13595,655,9063.65418434143,38,38,0.09824481260642733,0,0.0,CA-MemStream-EIA,type1_only,1,1,42
,0.4750526315789474,0.0,0.0,0.0,0.04989473684210526,0,711,13539,750,0.0,0,0,,0,0.0,Canary-Rules,type1_only,1,1,42
0.0497723603539577,0.4959112982456141,0.050666666666666665,0.050666666666666665,0.050666666666666665,0.049964912280701754,38,712,13538,712,28.2137393951416,0,0,0.0497723603539577,0,0.0,Random,type1_only,1,1,42
0.09068922011338237,0.6995923274853801,0.06266666666666666,0.06266666666666666,0.06266666666666666,0.04933333333333333,47,703,13547,703,5726.998090744019,0,0,0.09068922011338237,0,0.0,MemStream,type2_only,1,1,42
0.09050599842711118,0.7386442573099415,0.03866666666666667,0.03866666666666667,0.03866666666666667,0.050596491228070174,29,721,13529,721,6718.209266662598,0,0,0.09050599842711118,0,0.0,CA-MemStream,type2_only,1,1,42
0.08285274019261524,0.6721776374269006,0.04933333333333333,0.04933333333333333,0.04933333333333333,0.050035087719298245,37,713,13537,713,7429.404973983765,38,38,0.08285274019261524,0,0.0,CA-MemStream-EIA,type2_only,1,1,42
,0.4750526315789474,0.0,0.0,0.0,0.04989473684210526,0,711,13539,750,0.0,0,0,,0,0.0,Canary-Rules,type2_only,1,1,42
0.05229021723039955,0.510889730994152,0.058666666666666666,0.058666666666666666,0.058666666666666666,0.04954385964912281,44,706,13544,706,53.73573303222656,0,0,0.05229021723039955,0,0.0,Random,type2_only,1,1,42
0.15117693314465264,0.8253169590643277,0.14533333333333334,0.14533333333333334,0.14533333333333334,0.044982456140350874,109,641,13609,641,6802.186965942383,0,0,0.15117693314465264,0,0.0,MemStream,type3_only,1,1,42
0.09396556190636762,0.7400757894736842,0.06666666666666667,0.06666666666666667,0.06666666666666667,0.04912280701754386,50,700,13550,700,6662.76216506958,0,0,0.09396556190636762,0,0.0,CA-MemStream,type3_only,1,1,42
0.18022645665873027,0.8546334035087719,0.16533333333333333,0.16533333333333333,0.16533333333333333,0.043929824561403506,124,626,13624,626,7957.630634307861,38,38,0.18022645665873027,0,0.0,CA-MemStream-EIA,type3_only,1,1,42
,0.4750526315789474,0.0,0.0,0.0,0.04989473684210526,0,711,13539,750,0.0,0,0,,0,0.0,Canary-Rules,type3_only,1,1,42
0.05057718934020346,0.500371649122807,0.05466666666666667,0.05466666666666667,0.05466666666666667,0.04975438596491228,41,709,13541,709,27.9848575592041,0,0,0.05057718934020346,0,0.0,Random,type3_only,1,1,42
0.9174224244923957,0.9709939867654351,0.9147920927062032,0.8946666666666667,0.9358437935843794,0.005531050899670938,671,79,14204,46,4474.755764007568,0,0,0.9174224244923957,0,0.0,MemStream,mixed,1,1,42
0.9281984690313336,0.9714538091386596,0.9188820722563054,0.8986666666666666,0.9400278940027894,0.005321010992088497,674,76,14207,43,6540.694952011108,0,0,0.9281984690313336,0,0.0,CA-MemStream,mixed,1,1,42
0.935118191220461,0.9710857754744671,0.8970688479890933,0.8773333333333333,0.9177126917712691,0.00644122383252818,658,92,14191,59,7805.499315261841,38,38,0.935118191220461,0,0.0,CA-MemStream-EIA,mixed,1,1,42
,0.7791549013559438,0.0,0.0,0.0,0.0,0,0,14283,717,0.0,0,0,,0,0.0,Canary-Rules,mixed,1,1,42
0.04876638178988685,0.5060431635427747,0.05316973415132925,0.052,0.05439330543933055,0.04977945809703844,39,711,13572,678,59.58700180053711,0,0,0.04876638178988685,0,0.0,Random,mixed,1,1,42
0.9188043393689019,0.9807997293716003,0.9253530598520511,0.9173333333333333,0.9335142469470827,0.0043469115894271895,688,62,14201,49,7459.6734046936035,0,0,0.9188043393689019,0,0.0,MemStream,hybrid,1,1,42
0.9349982466944644,0.9813641410330893,0.9347679892400806,0.9266666666666666,0.9430122116689281,0.00385613124868541,695,55,14208,42,7515.103816986084,0,0,0.9349982466944644,0,0.0,CA-MemStream,hybrid,1,1,42
0.9658785744022501,0.9823056516034171,0.945527908540686,0.9373333333333334,0.9538670284938942,0.0032952394306948046,703,47,14216,34,8224.818229675293,18,18,0.9658785744022501,0,0.0,CA-MemStream-EIA,hybrid,1,1,42
,0.8925631985521836,0.0,0.0,0.0,0.0,0,0,14263,737,0.0,0,0,,0,0.0,Canary-Rules,hybrid,1,1,42
0.0507882471123131,0.5080735221104677,0.05379959650302623,0.05333333333333334,0.054274084124830396,0.0497791488466662,40,710,13553,697,51.99432373046875,0,0,0.0507882471123131,0,0.0,Random,hybrid,1,1,42
0.06731318892094926,0.5311875244783715,0.08350444900752907,0.08133333333333333,0.08579465541490858,0.04821890965078032,61,689,13600,650,5311.753988265991,0,0,0.06731318892094926,0,0.0,MemStream,canary_only,1,1,123
0.06731991271679803,0.5309667454403912,0.08350444900752907,0.08133333333333333,0.08579465541490858,0.04821890965078032,61,689,13600,650,7232.218265533447,0,0,0.06731991271679803,0,0.0,CA-MemStream,canary_only,1,1,123
0.06120655330989089,0.4991833734781085,0.07939767282683094,0.07733333333333334,0.08157524613220815,0.04842886136188677,58,692,13597,653,7685.672044754028,28,28,0.06120655330989089,0,0.0,CA-MemStream-EIA,canary_only,1,1,123
1.0,1.0,1.0,1.0,1.0,0.0,711,0,14289,0,0.0,0,0,1.0,0,0.0,Canary-Rules,canary_only,1,1,123
0.046489953399363515,0.49690638663655884,0.041067761806981525,0.04,0.04219409282700422,0.050388410665546925,30,720,13569,681,30.300617218017578,0,0,0.046489953399363515,0,0.0,Random,canary_only,1,1,123
0.06677715086724699,0.5585007251461989,0.09333333333333334,0.09333333333333334,0.09333333333333334,0.047719298245614036,70,680,13570,680,6950.419187545776,0,0,0.06677715086724699,0,0.0,MemStream,type1_only,1,1,123
0.06675495251735815,0.5575780584795322,0.09333333333333334,0.09333333333333334,0.09333333333333334,0.047719298245614036,70,680,13570,680,7525.675058364868,0,0,0.06675495251735815,0,0.0,CA-MemStream,type1_only,1,1,123
0.09808049650620344,0.6759084444444444,0.12266666666666666,0.12266666666666666,0.12266666666666666,0.04617543859649123,92,658,13592,658,8983.049869537354,28,28,0.09808049650620344,0,0.0,CA-MemStream-EIA,type1_only,1,1,123
,0.4750526315789474,0.0,0.0,0.0,0.04989473684210526,0,711,13539,750,0.0,0,0,,0,0.0,Canary-Rules,type1_only,1,1,123
0.05055884815064579,0.48644828070175433,0.058666666666666666,0.058666666666666666,0.058666666666666666,0.04954385964912281,44,706,13544,706,29.599905014038086,0,0,0.05055884815064579,0,0.0,Random,type1_only,1,1,123
0.04816454254206258,0.49943939181286556,0.018666666666666668,0.018666666666666668,0.018666666666666668,0.05164912280701754,14,736,13514,736,5903.1195640563965,0,0,0.04816454254206258,0,0.0,MemStream,type2_only,1,1,123
0.048176139256508585,0.49952472514619883,0.018666666666666668,0.018666666666666668,0.018666666666666668,0.05164912280701754,14,736,13514,736,6936.054229736328,0,0,0.048176139256508585,0,0.0,CA-MemStream,type2_only,1,1,123
0.07339733109551058,0.6349192514619884,0.04533333333333334,0.04533333333333334,0.04533333333333334,0.05024561403508772,34,716,13534,716,8957.545518875122,28,28,0.07339733109551058,0,0.0,CA-MemStream-EIA,type2_only,1,1,123
,0.4750526315789474,0.0,0.0,0.0,0.04989473684210526,0,711,13539,750,0.0,0,0,,0,0.0,Canary-Rules,type2_only,1,1,123
0.05249559669934982,0.5126229707602339,0.048,0.048,0.048,0.050105263157894736,36,714,13536,714,41.09072685241699,0,0,0.05249559669934982,0,0.0,Random,type2_only,1,1,123
0.05503764885141132,0.5429685614035087,0.042666666666666665,0.042666666666666665,0.042666666666666665,0.0503859649122807,32,718,13532,718,5792.897701263428,0,0,0.05503764885141132,0,0.0,MemStream,type3_only,1,1,123
0.05503087583014242,0.5426415438596491,0.042666666666666665,0.042666666666666665,0.042666666666666665,0.0503859649122807,32,718,13532,718,8008.046865463257,0,0,0.05503087583014242,0,0.0,CA-MemStream,type3_only,1,1,123
0.16080129242779953,0.8308201637426901,0.144,0.144,0.144,0.045052631578947365,108,642,13608,642,8692.798137664795,28,28,0.16080129242779953,0,0.0,CA-MemStream-EIA,type3_only,1,1,123
,0.4750526315789474,0.0,0.0,0.0,0.04989473684210526,0,711,13539,750,0.0,0,0,,0,0.0,Canary-Rules,type3_only,1,1,123
0.05128791166192201,0.5053264093567251,0.053333333333333344,0.05333333333333334,0.05333333333333334,0.04982456140350877,40,710,13540,710,33.01501274108887,0,0,0.05128791166192201,0,0.0,Random,type3_only,1,1,123
0.9436230086316032,0.9718034712924457,0.9146757679180888,0.8933333333333333,0.9370629370629371,0.0056002800140007,670,80,14205,45,5776.258707046509,0,0,0.9436230086316032,0,0.0,MemStream,mixed,1,1,123
0.9425178921490842,0.9705868789942993,0.9133105802047782,0.892,0.9356643356643357,0.005670283514175709,669,81,14204,46,7820.847749710083,0,0,0.9425178921490842,0,0.0,CA-MemStream,mixed,1,1,123
0.944372095245572,0.9715940482338803,0.9133105802047782,0.892,0.9356643356643357,0.005670283514175709,669,81,14204,46,8175.550937652588,37,37,0.944372095245572,0,0.0,CA-MemStream-EIA,mixed,1,1,123
,0.7765123570863858,0.0,0.0,0.0,0.0,0,0,14285,715,0.0,0,0,,0,0.0,Canary-Rules,mixed,1,1,123
0.0489839763096241,0.4958735629089146,0.05870307167235495,0.05733333333333333,0.06013986013986014,0.049492474623731186,43,707,13578,672,30.022859573364258,0,0,0.0489839763096241,0,0.0,Random,mixed,1,1,123
0.9466342152661295,0.9809895155277897,0.9172831203765972,0.9093333333333333,0.9253731343283582,0.004767580452920143,682,68,14195,55,6094.430923461914,0,0,0.9466342152661295,0,0.0,MemStream,hybrid,1,1,123
0.9452922387694169,0.9798292990060437,0.9159381304640216,0.908,0.9240162822252375,0.004837691930168969,681,69,14194,56,6442.664623260498,0,0,0.9452922387694169,0,0.0,CA-MemStream,hybrid,1,1,123
0.9337582090066516,0.9799626725353555,0.8971082716879623,0.8893333333333333,0.9050203527815468,0.005819252611652528,667,83,14180,70,6486.383676528931,22,22,0.9337582090066516,0,0.0,CA-MemStream-EIA,hybrid,1,1,123
,0.8884926422428214,0.0,0.0,0.0,0.0,0,0,14263,737,0.0,0,0,,0,0.0,Canary-Rules,hybrid,1,1,123
0.04929312475613203,0.4947724140542214,0.05245460659045057,0.052,0.052917232021709636,0.049849260323915026,39,711,13552,698,70.99366188049316,0,0,0.04929312475613203,0,0.0,Random,hybrid,1,1,123
0.1605531442861536,0.7021866784423266,0.25734265734265727,0.24533333333333332,0.27058823529411763,0.03952513966480447,184,566,13754,496,5182.702302932739,0,0,0.1605531442861536,0,0.0,MemStream,canary_only,2,2,42
0.1605695702221222,0.7023500657246139,0.25734265734265727,0.24533333333333332,0.27058823529411763,0.03952513966480447,184,566,13754,496,6991.763353347778,0,0,0.1605695702221222,0,0.0,CA-MemStream,canary_only,2,2,42
0.15950264147309018,0.7051253902398947,0.25314685314685315,0.24133333333333334,0.2661764705882353,0.03973463687150838,181,569,13751,499,8513.511896133423,44,44,0.15950264147309018,0,0.0,CA-MemStream-EIA,canary_only,2,2,42
1.0,1.0,1.0,1.0,1.0,0.0,680,0,14320,0,0.0,0,0,1.0,0,0.0,Canary-Rules,canary_only,2,2,42
0.042030746292243265,0.47300156095957935,0.04755244755244755,0.04533333333333334,0.05,0.05,34,716,13604,646,65.00434875488281,0,0,0.042030746292243265,0,0.0,Random,canary_only,2,2,42
0.05769190543671215,0.5830898245614035,0.04533333333333334,0.04533333333333334,0.04533333333333334,0.05024561403508772,34,716,13534,716,4749.198198318481,0,0,0.05769190543671215,0,0.0,MemStream,type1_only,2,2,42
0.05771624056571886,0.5833227134502924,0.04533333333333334,0.04533333333333334,0.04533333333333334,0.05024561403508772,34,716,13534,716,5390.6848430633545,0,0,0.05771624056571886,0,0.0,CA-MemStream,type1_only,2,2,42
0.06108075456309118,0.6022475321637426,0.05466666666666667,0.05466666666666667,0.05466666666666667,0.04975438596491228,41,709,13541,709,6942.281723022461,44,44,0.06108075456309118,0,0.0,CA-MemStream-EIA,type1_only,2,2,42
,0.476140350877193,0.0,0.0,0.0,0.047719298245614036,0,680,13570,750,0.0,0,0,,0,0.0,Canary-Rules,type1_only,2,2,42
0.054659793782720206,0.5166980116959063,0.058666666666666666,0.058666666666666666,0.058666666666666666,0.04954385964912281,44,706,13544,706,28.912067413330078,0,0,0.054659793782720206,0,0.0,Random,type1_only,2,2,42
0.04842544084806709,0.5174028538011696,0.005333333333333333,0.005333333333333333,0.005333333333333333,0.05235087719298245,4,746,13504,746,6409.472942352295,0,0,0.04842544084806709,0,0.0,MemStream,type2_only,2,2,42
0.04831582366143015,0.5159279532163742,0.005333333333333333,0.005333333333333333,0.005333333333333333,0.05235087719298245,4,746,13504,746,7550.1158237457275,0,0,0.04831582366143015,0,0.0,CA-MemStream,type2_only,2,2,42
0.056368263677302625,0.5844990877192983,0.012,0.012,0.012,0.052,9,741,13509,741,7431.35404586792,44,44,0.056368263677302625,0,0.0,CA-MemStream-EIA,type2_only,2,2,42
,0.476140350877193,0.0,0.0,0.0,0.047719298245614036,0,680,13570,750,0.0,0,0,,0,0.0,Canary-Rules,type2_only,2,2,42
0.05108149637036309,0.5036276959064327,0.04933333333333333,0.04933333333333333,0.04933333333333333,0.050035087719298245,37,713,13537,713,30.008554458618164,0,0,0.05108149637036309,0,0.0,Random,type2_only,2,2,42
0.062045308082721226,0.5972553918128655,0.053333333333333344,0.05333333333333334,0.05333333333333334,0.04982456140350877,40,710,13540,710,6269.073963165283,0,0,0.062045308082721226,0,0.0,MemStream,type3_only,2,2,42
0.06189179582056407,0.5952114152046784,0.053333333333333344,0.05333333333333334,0.05333333333333334,0.04982456140350877,40,710,13540,710,7352.028369903564,0,0,0.06189179582056407,0,0.0,CA-MemStream,type3_only,2,2,42
0.0736786259014165,0.6603107836257309,0.072,0.072,0.072,0.048842105263157895,54,696,13554,696,8398.862838745117,44,44,0.0736786259014165,0,0.0,CA-MemStream-EIA,type3_only,2,2,42
,0.476140350877193,0.0,0.0,0.0,0.047719298245614036,0,680,13570,750,0.0,0,0,,0,0.0,Canary-Rules,type3_only,2,2,42
0.050786848109298705,0.5014025730994153,0.05466666666666667,0.05466666666666667,0.05466666666666667,0.04975438596491228,41,709,13541,709,27.98628807067871,0,0,0.050786848109298705,0,0.0,Random,type3_only,2,2,42
0.9403908208341981,0.9908772586343807,0.9022556390977444,0.88,0.9256661991584852,0.006299433051025408,660,90,14197,53,5794.603109359741,0,0,0.9403908208341981,0,0.0,MemStream,mixed,2,2,42
0.9398144497124573,0.9908796146635721,0.9022556390977444,0.88,0.9256661991584852,0.006299433051025408,660,90,14197,53,7412.269353866577,0,0,0.9398144497124573,0,0.0,CA-MemStream,mixed,2,2,42
0.9355614329291079,0.9911839351008199,0.9063568010936432,0.884,0.9298737727910238,0.006089451949324561,663,87,14200,50,7739.200830459595,48,48,0.9355614329291079,0,0.0,CA-MemStream-EIA,mixed,2,2,42
,0.8135092946824127,0.0,0.0,0.0,0.0,0,0,14287,713,0.0,0,0,,0,0.0,Canary-Rules,mixed,2,2,42
0.05215744237213133,0.5192559738347251,0.06151742993848257,0.06,0.06311360448807854,0.04934555889969903,45,705,13582,668,66.74838066101074,0,0,0.05215744237213133,0,0.0,Random,mixed,2,2,42
0.8869777968238682,0.9891344228592089,0.815114709851552,0.8053333333333333,0.825136612021858,0.010232688533781889,604,146,14122,128,6036.7913246154785,0,0,0.8869777968238682,0,0.0,MemStream,hybrid,2,2,42
0.886982713490051,0.9892262443681532,0.815114709851552,0.8053333333333333,0.825136612021858,0.010232688533781889,604,146,14122,128,8254.533290863037,0,0,0.886982713490051,0,0.0,CA-MemStream,hybrid,2,2,42
0.8896170448494615,0.9898970488432981,0.815114709851552,0.8053333333333333,0.825136612021858,0.010232688533781889,604,146,14122,128,8942.568063735962,33,33,0.8896170448494615,0,0.0,CA-MemStream-EIA,hybrid,2,2,42
,0.9093937137788562,0.0,0.0,0.0,0.0,0,0,14268,732,0.0,0,0,,0,0.0,Canary-Rules,hybrid,2,2,42
0.047141515937887485,0.49047028698099304,0.044534412955465584,0.044,0.045081967213114756,0.05025231286795626,33,717,13551,699,77.00943946838379,0,0,0.047141515937887485,0,0.0,Random,hybrid,2,2,42
0.1919988867116858,0.7135808618139993,0.2811188811188811,0.268,0.29558823529411765,0.03833798882681564,201,549,13771,479,4859.503984451294,0,0,0.1919988867116858,0,0.0,MemStream,canary_only,2,2,123
0.19201602473521084,0.7137111813999343,0.2811188811188811,0.268,0.29558823529411765,0.03833798882681564,201,549,13771,479,6369.876861572266,0,0,0.19201602473521084,0,0.0,CA-MemStream,canary_only,2,2,123
0.19793686089337043,0.7260189369043708,0.2867132867132867,0.2733333333333333,0.3014705882352941,0.03805865921787709,205,545,13775,475,7267.475128173828,49,49,0.19793686089337043,0,0.0,CA-MemStream-EIA,canary_only,2,2,123
1.0,1.0,1.0,1.0,1.0,0.0,680,0,14320,0,0.0,0,0,1.0,0,0.0,Canary-Rules,canary_only,2,2,123
0.04630295675437836,0.5003108568846533,0.05174825174825174,0.04933333333333333,0.054411764705882354,0.04979050279329609,37,713,13607,643,28.650522232055664,0,0,0.04630295675437836,0,0.0,Random,canary_only,2,2,123
0.08050913946046687,0.71392832748538,0.048,0.048,0.048,0.050105263157894736,36,714,13536,714,6069.5178508758545,0,0,0.08050913946046687,0,0.0,MemStream,type1_only,2,2,123
0.0805450809208311,0.7140993684210527,0.048,0.048,0.048,0.050105263157894736,36,714,13536,714,7417.747259140015,0,0,0.0805450809208311,0,0.0,CA-MemStream,type1_only,2,2,123
0.08886710329930689,0.7387609824561404,0.052,0.052,0.052,0.04989473684210526,39,711,13539,711,8362.287759780884,49,49,0.08886710329930689,0,0.0,CA-MemStream-EIA,type1_only,2,2,123
,0.476140350877193,0.0,0.0,0.0,0.047719298245614036,0,680,13570,750,0.0,0,0,,0,0.0,Canary-Rules,type1_only,2,2,123
0.04977450616396482,0.5025207017543859,0.04933333333333333,0.04933333333333333,0.04933333333333333,0.050035087719298245,37,713,13537,713,44.97861862182617,0,0,0.04977450616396482,0,0.0,Random,type1_only,2,2,123
0.09572507717996956,0.7566157660818714,0.026666666666666672,0.02666666666666667,0.02666666666666667,0.051228070175438595,20,730,13520,730,5693.758726119995,0,0,0.09572507717996956,0,0.0,MemStream,type2_only,2,2,123
0.09551841525507962,0.7552727017543861,0.026666666666666672,0.02666666666666667,0.02666666666666667,0.051228070175438595,20,730,13520,730,7225.116014480591,0,0,0.09551841525507962,0,0.0,CA-MemStream,type2_only,2,2,123
0.11012165011276141,0.7976404210526317,0.03333333333333333,0.03333333333333333,0.03333333333333333,0.05087719298245614,25,725,13525,725,8503.88789176941,49,49,0.11012165011276141,0,0.0,CA-MemStream-EIA,type2_only,2,2,123
,0.476140350877193,0.0,0.0,0.0,0.047719298245614036,0,680,13570,750,0.0,0,0,,0,0.0,Canary-Rules,type2_only,2,2,123
0.05098564135680772,0.5012317192982456,0.053333333333333344,0.05333333333333334,0.05333333333333334,0.04982456140350877,40,710,13540,710,105.30376434326172,0,0,0.05098564135680772,0,0.0,Random,type2_only,2,2,123
0.10944859101138116,0.7885668771929824,0.07466666666666667,0.07466666666666667,0.07466666666666667,0.04870175438596491,56,694,13556,694,5253.284931182861,0,0,0.10944859101138116,0,0.0,MemStream,type3_only,2,2,123
0.10909734004090199,0.7861869941520467,0.07466666666666667,0.07466666666666667,0.07466666666666667,0.04870175438596491,56,694,13556,694,6980.205774307251,0,0,0.10909734004090199,0,0.0,CA-MemStream,type3_only,2,2,123
0.1242191985179876,0.8197308070175437,0.07866666666666666,0.07866666666666666,0.07866666666666666,0.04849122807017544,59,691,13559,691,7212.676286697388,49,49,0.1242191985179876,0,0.0,CA-MemStream-EIA,type3_only,2,2,123
,0.476140350877193,0.0,0.0,0.0,0.047719298245614036,0,680,13570,750,0.0,0,0,,0,0.0,Canary-Rules,type3_only,2,2,123
0.05160679598931282,0.5087645380116959,0.050666666666666665,0.050666666666666665,0.050666666666666665,0.049964912280701754,38,712,13538,712,33.0195426940918,0,0,0.05160679598931282,0,0.0,Random,type3_only,2,2,123
0.9408928056391522,0.9903824204851219,0.8821917808219178,0.8586666666666667,0.9070422535211268,0.00741777466759972,644,106,14184,66,6084.052562713623,0,0,0.9408928056391522,0,0.0,MemStream,mixed,2,2,123
0.9405291518418467,0.9913396544416956,0.8821917808219178,0.8586666666666667,0.9070422535211268,0.00741777466759972,644,106,14184,66,6842.056751251221,0,0,0.9405291518418467,0,0.0,CA-MemStream,mixed,2,2,123
0.943037409348414,0.9920798549167644,0.8863013698630138,0.8626666666666667,0.9112676056338028,0.007207837648705389,647,103,14187,63,7793.3619022369385,48,48,0.943037409348414,0,0.0,CA-MemStream-EIA,mixed,2,2,123
,0.8135310815206143,0.0,0.0,0.0,0.0,0,0,14290,710,0.0,0,0,,0,0.0,Canary-Rules,mixed,2,2,123
0.045808926613284374,0.49416375087473763,0.03698630136986301,0.036,0.038028169014084505,0.05059482155353394,27,723,13567,683,66.9705867767334,0,0,0.045808926613284374,0,0.0,Random,mixed,2,2,123
0.9231518999632763,0.9907012290869095,0.8704453441295547,0.86,0.8811475409836066,0.007359125315391085,645,105,14163,87,5232.7399253845215,0,0,0.9231518999632763,0,0.0,MemStream,hybrid,2,2,123
0.923260784281455,0.9913315325210912,0.8704453441295547,0.86,0.8811475409836066,0.007359125315391085,645,105,14163,87,6570.021390914917,0,0,0.923260784281455,0,0.0,CA-MemStream,hybrid,2,2,123
0.9229656461898225,0.9899114109145614,0.8812415654520918,0.8706666666666667,0.8920765027322405,0.00679843005326605,653,97,14171,79,8137.718677520752,32,32,0.9229656461898225,0,0.0,CA-MemStream-EIA,hybrid,2,2,123
,0.9093937137788562,0.0,0.0,0.0,0.0,0,0,14268,732,0.0,0,0,,0,0.0,Canary-Rules,hybrid,2,2,123
0.05075141376931572,0.5112838006559828,0.04993252361673414,0.04933333333333333,0.050546448087431695,0.04997196523689375,37,713,13555,695,29.66618537902832,0,0,0.05075141376931572,0,0.0,Random,hybrid,2,2,123
0.21432584631561263,0.6764429005847953,0.348,0.348,0.348,0.03431578947368421,261,489,13761,489,4740.609169006348,0,0,0.21432584631561263,0,0.0,MemStream,canary_only,3,3,42
0.2164990154967153,0.6803608421052632,0.348,0.348,0.348,0.03431578947368421,261,489,13761,489,7040.954828262329,0,0,0.2164990154967153,0,0.0,CA-MemStream,canary_only,3,3,42
0.17986421161720612,0.6882255438596492,0.29733333333333334,0.29733333333333334,0.29733333333333334,0.03698245614035088,223,527,13723,527,7526.450395584106,41,41,0.17986421161720612,0,0.0,CA-MemStream-EIA,canary_only,3,3,42
,0.995298245614035,0.0,0.0,0.0,0.0,0,0,14250,750,0.0,0,0,,0,0.0,Canary-Rules,canary_only,3,3,42
0.0516800405252566,0.5044836491228071,0.06266666666666666,0.06266666666666666,0.06266666666666666,0.04933333333333333,47,703,13547,703,29.999732971191406,0,0,0.0516800405252566,0,0.0,Random,canary_only,3,3,42
0.05734958385895751,0.5687938713450293,0.024,0.024,0.024,0.05136842105263158,18,732,13518,732,5630.997657775879,0,0,0.05734958385895751,0,0.0,MemStream,type1_only,3,3,42
0.05768334909954584,0.5748931929824561,0.021333333333333333,0.021333333333333333,0.021333333333333333,0.05150877192982456,16,734,13516,734,7937.2546672821045,0,0,0.05768334909954584,0,0.0,CA-MemStream,type1_only,3,3,42
0.06892986483322006,0.653203461988304,0.03866666666666667,0.03866666666666667,0.03866666666666667,0.050596491228070174,29,721,13529,721,7959.712028503418,41,41,0.06892986483322006,0,0.0,CA-MemStream-EIA,type1_only,3,3,42
,0.4689824561403509,0.0,0.0,0.0,0.0,0,0,14250,750,0.0,0,0,,0,0.0,Canary-Rules,type1_only,3,3,42
0.05106460707862394,0.5000247953216375,0.064,0.064,0.064,0.04926315789473684,48,702,13548,702,35.50100326538086,0,0,0.05106460707862394,0,0.0,Random,type1_only,3,3,42
0.04028580984211062,0.43842633918128654,0.008,0.008,0.008,0.05221052631578947,6,744,13506,744,5718.648195266724,0,0,0.04028580984211062,0,0.0,MemStream,type2_only,3,3,42
0.04033271754707189,0.4391875087719298,0.008,0.008,0.008,0.05221052631578947,6,744,13506,744,6906.961917877197,0,0,0.04033271754707189,0,0.0,CA-MemStream,type2_only,3,3,42
0.04728711624727424,0.5200675555555555,0.013333333333333336,0.013333333333333334,0.013333333333333334,0.051929824561403506,10,740,13510,740,8011.162042617798,41,41,0.04728711624727424,0,0.0,CA-MemStream-EIA,type2_only,3,3,42
,0.4689824561403509,0.0,0.0,0.0,0.0,0,0,14250,750,0.0,0,0,,0,0.0,Canary-Rules,type2_only,3,3,42
0.05120044983265745,0.4975358128654971,0.06266666666666666,0.06266666666666666,0.06266666666666666,0.04933333333333333,47,703,13547,703,27.56476402282715,0,0,0.05120044983265745,0,0.0,Random,type2_only,3,3,42
0.056889403907099845,0.5760075789473684,0.014666666666666666,0.014666666666666666,0.014666666666666666,0.051859649122807015,11,739,13511,739,6139.373779296875,0,0,0.056889403907099845,0,0.0,MemStream,type3_only,3,3,42
0.056153654536978535,0.5729364210526315,0.013333333333333336,0.013333333333333334,0.013333333333333334,0.051929824561403506,10,740,13510,740,7166.711330413818,0,0,0.056153654536978535,0,0.0,CA-MemStream,type3_only,3,3,42
0.06339719016784934,0.6230456608187135,0.03333333333333333,0.03333333333333333,0.03333333333333333,0.05087719298245614,25,725,13525,725,7725.1880168914795,41,41,0.06339719016784934,0,0.0,CA-MemStream-EIA,type3_only,3,3,42
,0.4689824561403509,0.0,0.0,0.0,0.0,0,0,14250,750,0.0,0,0,,0,0.0,Canary-Rules,type3_only,3,3,42
0.05040533486428569,0.49913001169590643,0.053333333333333344,0.05333333333333334,0.05333333333333334,0.04982456140350877,40,710,13540,710,29.62660789489746,0,0,0.05040533486428569,0,0.0,Random,type3_only,3,3,42
0.9049983950184027,0.9782261672185829,0.8735475051264524,0.852,0.8962131837307152,0.007769300762931336,639,111,14176,74,4932.003498077393,0,0,0.9049983950184027,0,0.0,MemStream,mixed,3,3,42
0.9043744392795825,0.9788226352755882,0.8735475051264524,0.852,0.8962131837307152,0.007769300762931336,639,111,14176,74,6934.085130691528,0,0,0.9043744392795825,0,0.0,CA-MemStream,mixed,3,3,42
0.8746014259082026,0.9782065336419863,0.8639781271360218,0.8426666666666667,0.8863955119214586,0.00825925666689998,632,118,14169,81,8438.282251358032,54,54,0.8746014259082026,0,0.0,CA-MemStream-EIA,mixed,3,3,42
,0.797253527687417,0.0,0.0,0.0,0.0,0,0,14287,713,0.0,0,0,,0,0.0,Canary-Rules,mixed,3,3,42
0.04750165054859937,0.487102654449739,0.06698564593301434,0.06533333333333333,0.06872370266479663,0.04906558409743123,49,701,13586,664,27.987003326416016,0,0,0.04750165054859937,0,0.0,Random,mixed,3,3,42
0.890217203487551,0.9888690014638258,0.8505747126436782,0.8386666666666667,0.8628257887517147,0.008478733095087941,629,121,14150,100,5952.810049057007,0,0,0.890217203487551,0,0.0,MemStream,hybrid,3,3,42
0.889877406124176,0.9893983395489946,0.8505747126436782,0.8386666666666667,0.8628257887517147,0.008478733095087941,629,121,14150,100,6352.052450180054,0,0,0.889877406124176,0,0.0,CA-MemStream,hybrid,3,3,42
0.8938213595114773,0.9886580159731875,0.8735632183908046,0.8613333333333333,0.8861454046639232,0.007287506131315255,646,104,14167,83,7416.3572788238525,21,21,0.8938213595114773,0,0.0,CA-MemStream-EIA,hybrid,3,3,42
,0.8984903627691254,0.0,0.0,0.0,0.0,0,0,14271,729,0.0,0,0,,0,0.0,Canary-Rules,hybrid,3,3,42
0.04810149865792683,0.4946913839773485,0.056795131845841784,0.056,0.05761316872427984,0.04961109943241539,42,708,13563,687,63.98320198059082,0,0,0.04810149865792683,0,0.0,Random,hybrid,3,3,42
0.15287682679649503,0.6875205614035088,0.26666666666666666,0.26666666666666666,0.26666666666666666,0.03859649122807018,200,550,13700,550,5713.162899017334,0,0,0.15287682679649503,0,0.0,MemStream,canary_only,3,3,123
0.15283603878740015,0.6871205614035089,0.26666666666666666,0.26666666666666666,0.26666666666666666,0.03859649122807018,200,550,13700,550,7374.917507171631,0,0,0.15283603878740015,0,0.0,CA-MemStream,canary_only,3,3,123
0.10805032220594499,0.6361288421052631,0.172,0.172,0.172,0.04357894736842105,129,621,13629,621,8525.123596191406,61,61,0.10805032220594499,0,0.0,CA-MemStream-EIA,canary_only,3,3,123
,0.995298245614035,0.0,0.0,0.0,0.0,0,0,14250,750,0.0,0,0,,0,0.0,Canary-Rules,canary_only,3,3,123
0.04992138034331671,0.49574839766081874,0.052,0.052,0.052,0.04989473684210526,39,711,13539,711,42.99521446228027,0,0,0.04992138034331671,0,0.0,Random,canary_only,3,3,123
0.09792063002717295,0.7462837426900584,0.08666666666666667,0.08666666666666667,0.08666666666666667,0.04807017543859649,65,685,13565,685,5206.517219543457,0,0,0.09792063002717295,0,0.0,MemStream,type1_only,3,3,123
0.09789201813460902,0.7454086081871345,0.08666666666666667,0.08666666666666667,0.08666666666666667,0.04807017543859649,65,685,13565,685,6446.938276290894,0,0,0.09789201813460902,0,0.0,CA-MemStream,type1_only,3,3,123
0.10429214175139485,0.7251496140350877,0.12266666666666666,0.12266666666666666,0.12266666666666666,0.04617543859649123,92,658,13592,658,7686.54990196228,61,61,0.10429214175139485,0,0.0,CA-MemStream-EIA,type1_only,3,3,123
,0.4689824561403509,0.0,0.0,0.0,0.0,0,0,14250,750,0.0,0,0,,0,0.0,Canary-Rules,type1_only,3,3,123
0.04897066140256438,0.48445819883040936,0.04666666666666667,0.04666666666666667,0.04666666666666667,0.05017543859649123,35,715,13535,715,30.287504196166992,0,0,0.04897066140256438,0,0.0,Random,type1_only,3,3,123
0.057250187008453884,0.6045212631578948,0.029333333333333333,0.029333333333333333,0.029333333333333333,0.05108771929824561,22,728,13522,728,6137.489557266235,0,0,0.057250187008453884,0,0.0,MemStream,type2_only,3,3,123
0.05708780556332654,0.6028925380116958,0.029333333333333333,0.029333333333333333,0.029333333333333333,0.05108771929824561,22,728,13522,728,7196.45357131958,0,0,0.05708780556332654,0,0.0,CA-MemStream,type2_only,3,3,123
0.07138138836715506,0.6713503625730994,0.04533333333333334,0.04533333333333334,0.04533333333333334,0.05024561403508772,34,716,13534,716,7559.730052947998,61,61,0.07138138836715506,0,0.0,CA-MemStream-EIA,type2_only,3,3,123
,0.4689824561403509,0.0,0.0,0.0,0.0,0,0,14250,750,0.0,0,0,,0,0.0,Canary-Rules,type2_only,3,3,123
0.05252671448196101,0.509158081871345,0.05466666666666667,0.05466666666666667,0.05466666666666667,0.04975438596491228,41,709,13541,709,38.96641731262207,0,0,0.05252671448196101,0,0.0,Random,type2_only,3,3,123
0.07116507624664756,0.6692810292397662,0.042666666666666665,0.042666666666666665,0.042666666666666665,0.0503859649122807,32,718,13532,718,4469.276428222656,0,0,0.07116507624664756,0,0.0,MemStream,type3_only,3,3,123
0.07095447868132133,0.6668705497076024,0.042666666666666665,0.042666666666666665,0.042666666666666665,0.0503859649122807,32,718,13532,718,6237.426519393921,0,0,0.07095447868132133,0,0.0,CA-MemStream,type3_only,3,3,123
0.1105014137485842,0.7848267134502924,0.08133333333333333,0.08133333333333333,0.08133333333333333,0.04835087719298246,61,689,13561,689,7235.827207565308,61,61,0.1105014137485842,0,0.0,CA-MemStream-EIA,type3_only,3,3,123
,0.4689824561403509,0.0,0.0,0.0,0.0,0,0,14250,750,0.0,0,0,,0,0.0,Canary-Rules,type3_only,3,3,123
0.05196380555581853,0.5095661286549708,0.053333333333333344,0.05333333333333334,0.05333333333333334,0.04982456140350877,40,710,13540,710,79.6363353729248,0,0,0.05196380555581853,0,0.0,Random,type3_only,3,3,123
0.8988176013339674,0.9781313589013769,0.8651608487337441,0.8426666666666667,0.8888888888888888,0.008258100636853524,632,118,14171,79,4978.537797927856,0,0,0.8988176013339674,0,0.0,MemStream,mixed,3,3,123
0.898042115051417,0.9790466617431858,0.863791923340178,0.8413333333333334,0.8874824191279888,0.008328084540555673,631,119,14170,80,6700.845003128052,0,0,0.898042115051417,0,0.0,CA-MemStream,mixed,3,3,123
0.8714361107481672,0.9781233860515878,0.8678986995208762,0.8453333333333334,0.8917018284106891,0.008118132829449226,634,116,14173,77,6692.264556884766,64,64,0.8714361107481672,0,0.0,CA-MemStream-EIA,mixed,3,3,123
,0.7974778037338331,0.0,0.0,0.0,0.0,0,0,14289,711,0.0,0,0,,0,0.0,Canary-Rules,mixed,3,3,123
0.048126338230561456,0.494423385293675,0.05065023956194387,0.04933333333333333,0.052039381153305204,0.049898523339631885,37,713,13576,674,46.97299003601074,0,0,0.048126338230561456,0,0.0,Random,mixed,3,3,123
0.8862380579462443,0.9856459698070632,0.8627450980392157,0.8506666666666667,0.8751714677640604,0.007848083526031812,638,112,14159,91,5800.678968429565,0,0,0.8862380579462443,0,0.0,MemStream,hybrid,3,3,123
0.8859391306296459,0.986249705509432,0.8627450980392157,0.8506666666666667,0.8751714677640604,0.007848083526031812,638,112,14159,91,7493.220329284668,0,0,0.8859391306296459,0,0.0,CA-MemStream,hybrid,3,3,123
0.8809338243256686,0.9874294940798625,0.8465179175118324,0.8346666666666667,0.8587105624142661,0.00868894961810665,626,124,14147,103,7733.70099067688,25,25,0.8809338243256686,0,0.0,CA-MemStream-EIA,hybrid,3,3,123
,0.8998621048816082,0.0,0.0,0.0,0.0,0,0,14271,729,0.0,0,0,,0,0.0,Canary-Rules,hybrid,3,3,123
0.04660980725832985,0.48428552190649377,0.0392156862745098,0.03866666666666667,0.039780521262002745,0.05052203769882979,29,721,13550,700,78.52530479431152,0,0,0.04660980725832985,0,0.0,Random,hybrid,3,3,123
0.13202335741871735,0.718477380116959,0.15333333333333332,0.15333333333333332,0.15333333333333332,0.04456140350877193,115,635,13615,635,5195.51944732666,0,0,0.13202335741871735,0,0.0,MemStream,canary_only,4,4,42
0.1322127876848614,0.7197441871345028,0.15333333333333332,0.15333333333333332,0.15333333333333332,0.04456140350877193,115,635,13615,635,6644.4127559661865,0,0,0.1322127876848614,0,0.0,CA-MemStream,canary_only,4,4,42
0.13790412200644417,0.7349742222222222,0.15866666666666668,0.15866666666666668,0.15866666666666668,0.04428070175438596,119,631,13619,631,7324.275255203247,42,42,0.13790412200644417,0,0.0,CA-MemStream-EIA,canary_only,4,4,42
,0.9936491228070176,0.0,0.0,0.0,0.0,0,0,14250,750,0.0,0,0,,0,0.0,Canary-Rules,canary_only,4,4,42
0.04999384167027312,0.497933567251462,0.04533333333333334,0.04533333333333334,0.04533333333333334,0.05024561403508772,34,716,13534,716,40.999650955200195,0,0,0.04999384167027312,0,0.0,Random,canary_only,4,4,42
0.05337677480303701,0.5663849824561403,0.018666666666666668,0.018666666666666668,0.018666666666666668,0.05164912280701754,14,736,13514,736,5898.387432098389,0,0,0.05337677480303701,0,0.0,MemStream,type1_only,4,4,42
0.05387570178538428,0.5701557426900584,0.018666666666666668,0.018666666666666668,0.018666666666666668,0.05164912280701754,14,736,13514,736,6290.594100952148,0,0,0.05387570178538428,0,0.0,CA-MemStream,type1_only,4,4,42
0.06196770753487668,0.6329443274853801,0.024,0.024,0.024,0.05136842105263158,18,732,13518,732,7567.779064178467,42,42,0.06196770753487668,0,0.0,CA-MemStream-EIA,type1_only,4,4,42
,0.4673333333333333,0.0,0.0,0.0,0.0,0,0,14250,750,0.0,0,0,,0,0.0,Canary-Rules,type1_only,4,4,42
0.052787666525789645,0.5091663157894737,0.05600000000000001,0.056,0.056,0.04968421052631579,42,708,13542,708,51.12719535827637,0,0,0.052787666525789645,0,0.0,Random,type1_only,4,4,42
0.059182059876580706,0.6158588070175439,0.004,0.004,0.004,0.052421052631578945,3,747,13503,747,5167.3033237457275,0,0,0.059182059876580706,0,0.0,MemStream,type2_only,4,4,42
0.05949123664127501,0.617895298245614,0.004,0.004,0.004,0.052421052631578945,3,747,13503,747,7226.433277130127,0,0,0.05949123664127501,0,0.0,CA-MemStream,type2_only,4,4,42
0.06709423689710847,0.6619525614035088,0.006666666666666668,0.006666666666666667,0.006666666666666667,0.05228070175438596,5,745,13505,745,6741.459608078003,42,42,0.06709423689710847,0,0.0,CA-MemStream-EIA,type2_only,4,4,42
,0.4673333333333333,0.0,0.0,0.0,0.0,0,0,14250,750,0.0,0,0,,0,0.0,Canary-Rules,type2_only,4,4,42
0.053522177318292515,0.5235140116959065,0.064,0.064,0.064,0.04926315789473684,48,702,13548,702,27.99367904663086,0,0,0.053522177318292515,0,0.0,Random,type2_only,4,4,42
0.07328208037400584,0.6732128187134503,0.036,0.036,0.036,0.05073684210526316,27,723,13527,723,5306.917428970337,0,0,0.07328208037400584,0,0.0,MemStream,type3_only,4,4,42
0.07268673215783389,0.6695209356725146,0.036,0.036,0.036,0.05073684210526316,27,723,13527,723,6472.789287567139,0,0,0.07268673215783389,0,0.0,CA-MemStream,type3_only,4,4,42
0.08356255390372727,0.7197264093567253,0.04133333333333333,0.04133333333333333,0.04133333333333333,0.05045614035087719,31,719,13531,719,7314.622402191162,42,42,0.08356255390372727,0,0.0,CA-MemStream-EIA,type3_only,4,4,42
,0.4673333333333333,0.0,0.0,0.0,0.0,0,0,14250,750,0.0,0,0,,0,0.0,Canary-Rules,type3_only,4,4,42
0.05078263857008131,0.5032488421052632,0.04933333333333333,0.04933333333333333,0.04933333333333333,0.050035087719298245,37,713,13537,713,37.062644958496094,0,0,0.05078263857008131,0,0.0,Random,type3_only,4,4,42
0.9398821292195014,0.9914882429681536,0.9045362220717671,0.8906666666666667,0.9188445667125172,0.005745113150704127,668,82,14191,59,5147.102117538452,0,0,0.9398821292195014,0,0.0,MemStream,mixed,4,4,42
0.9386244221483293,0.9914537418357361,0.9018280297901151,0.888,0.9160935350756534,0.005885237861696911,666,84,14189,61,6425.601005554199,0,0,0.9386244221483293,0,0.0,CA-MemStream,mixed,4,4,42
0.9286444091185437,0.9915192747129541,0.8909952606635071,0.8773333333333333,0.9050894085281981,0.0064457367056680445,658,92,14181,69,7333.33683013916,52,52,0.9286444091185437,0,0.0,CA-MemStream-EIA,mixed,4,4,42
,0.7975097699400885,0.0,0.0,0.0,0.0,0,0,14273,727,0.0,0,0,,0,0.0,Canary-Rules,mixed,4,4,42
0.04975969579761408,0.49979304139143255,0.055517941773865945,0.05466666666666667,0.05639614855570839,0.04967421004694178,41,709,13564,686,27.967453002929688,0,0,0.04975969579761408,0,0.0,Random,mixed,4,4,42
0.9263517081904902,0.9923547651125363,0.8977119784656797,0.8893333333333333,0.90625,0.005818844643858665,667,83,14181,69,5583.425045013428,0,0,0.9263517081904902,0,0.0,MemStream,hybrid,4,4,42
0.9259049155372815,0.9923493356641226,0.8963660834454913,0.888,0.904891304347826,0.005888951205832866,666,84,14180,70,7701.665639877319,0,0,0.9259049155372815,0,0.0,CA-MemStream,hybrid,4,4,42
0.8652550579379601,0.9858170424479991,0.7873485868102289,0.78,0.7948369565217391,0.01156758272574313,585,165,14099,151,8352.248907089233,44,44,0.8652550579379601,0,0.0,CA-MemStream-EIA,hybrid,4,4,42
,0.8983092888146504,0.0,0.0,0.0,0.0,0,0,14264,736,0.0,0,0,,0,0.0,Canary-Rules,hybrid,4,4,42
0.051647472382019756,0.5058924755846278,0.057873485868102294,0.05733333333333333,0.058423913043478264,0.04956533931575995,43,707,13557,693,28.815031051635742,0,0,0.051647472382019756,0,0.0,Random,hybrid,4,4,42
0.14343737745115892,0.7272570760233918,0.21866666666666668,0.21866666666666668,0.21866666666666668,0.04112280701754386,164,586,13664,586,5243.09515953064,0,0,0.14343737745115892,0,0.0,MemStream,canary_only,4,4,123
0.14344911872080776,0.7273114385964913,0.21866666666666668,0.21866666666666668,0.21866666666666668,0.04112280701754386,164,586,13664,586,7127.971649169922,0,0,0.14344911872080776,0,0.0,CA-MemStream,canary_only,4,4,123
0.1383272490612624,0.7246195087719298,0.20933333333333334,0.20933333333333334,0.20933333333333334,0.0416140350877193,157,593,13657,593,7919.149160385132,44,44,0.1383272490612624,0,0.0,CA-MemStream-EIA,canary_only,4,4,123
,0.9936491228070176,0.0,0.0,0.0,0.0,0,0,14250,750,0.0,0,0,,0,0.0,Canary-Rules,canary_only,4,4,123
0.051418425415446785,0.5203590175438596,0.050666666666666665,0.050666666666666665,0.050666666666666665,0.049964912280701754,38,712,13538,712,37.98365592956543,0,0,0.051418425415446785,0,0.0,Random,canary_only,4,4,123
0.06599777088349396,0.6336299883040934,0.032,0.032,0.032,0.05094736842105263,24,726,13524,726,5807.242155075073,0,0,0.06599777088349396,0,0.0,MemStream,type1_only,4,4,123
0.06600756478120229,0.6337033450292398,0.032,0.032,0.032,0.05094736842105263,24,726,13524,726,7393.890142440796,0,0,0.06600756478120229,0,0.0,CA-MemStream,type1_only,4,4,123
0.06723093851219825,0.640292350877193,0.03333333333333333,0.03333333333333333,0.03333333333333333,0.05087719298245614,25,725,13525,725,7656.23664855957,44,44,0.06723093851219825,0,0.0,CA-MemStream-EIA,type1_only,4,4,123
,0.4673333333333333,0.0,0.0,0.0,0.0,0,0,14250,750,0.0,0,0,,0,0.0,Canary-Rules,type1_only,4,4,123
0.04968429335082786,0.4998040701754386,0.05600000000000001,0.056,0.056,0.04968421052631579,42,708,13542,708,32.81688690185547,0,0,0.04968429335082786,0,0.0,Random,type1_only,4,4,123
0.11771540648444077,0.8106117426900585,0.052,0.052,0.052,0.04989473684210526,39,711,13539,711,6220.299005508423,0,0,0.11771540648444077,0,0.0,MemStream,type2_only,4,4,123
0.11769896120569666,0.810218292397661,0.052,0.052,0.052,0.04989473684210526,39,711,13539,711,7219.710826873779,0,0,0.11769896120569666,0,0.0,CA-MemStream,type2_only,4,4,123
0.13174297628629458,0.836003461988304,0.06266666666666666,0.06266666666666666,0.06266666666666666,0.04933333333333333,47,703,13547,703,7628.072261810303,44,44,0.13174297628629458,0,0.0,CA-MemStream-EIA,type2_only,4,4,123
,0.4673333333333333,0.0,0.0,0.0,0.0,0,0,14250,750,0.0,0,0,,0,0.0,Canary-Rules,type2_only,4,4,123
0.05146457181645886,0.49963284210526315,0.05600000000000001,0.056,0.056,0.04968421052631579,42,708,13542,708,33.70475769042969,0,0,0.05146457181645886,0,0.0,Random,type2_only,4,4,123
0.1580834248710771,0.8596009356725146,0.11066666666666666,0.11066666666666666,0.11066666666666666,0.04680701754385965,83,667,13583,667,4887.641191482544,0,0,0.1580834248710771,0,0.0,MemStream,type3_only,4,4,123
0.15780541397589387,0.8575132631578947,0.11066666666666666,0.11066666666666666,0.11066666666666666,0.04680701754385965,83,667,13583,667,6290.623664855957,0,0,0.15780541397589387,0,0.0,CA-MemStream,type3_only,4,4,123
0.1772006541506398,0.8781489590643274,0.12266666666666666,0.12266666666666666,0.12266666666666666,0.04617543859649123,92,658,13592,658,7658.034801483154,44,44,0.1772006541506398,0,0.0,CA-MemStream-EIA,type3_only,4,4,123
,0.4673333333333333,0.0,0.0,0.0,0.0,0,0,14250,750,0.0,0,0,,0,0.0,Canary-Rules,type3_only,4,4,123
0.05122462678860666,0.5026745263157895,0.05466666666666667,0.05466666666666667,0.05466666666666667,0.04975438596491228,41,709,13541,709,42.35053062438965,0,0,0.05122462678860666,0,0.0,Random,type3_only,4,4,123
0.9173315778931326,0.9904012645532377,0.8449559918754231,0.832,0.8583218707015131,0.008827856792545365,624,126,14147,103,5884.727478027344,0,0,0.9173315778931326,0,0.0,MemStream,mixed,4,4,123
0.9163024027365521,0.9899648926884681,0.8449559918754231,0.832,0.8583218707015131,0.008827856792545365,624,126,14147,103,7129.287242889404,0,0,0.9163024027365521,0,0.0,CA-MemStream,mixed,4,4,123
0.9169749511865787,0.9906369901674665,0.8436018957345972,0.8306666666666667,0.8569463548830811,0.008897919148041757,623,127,14146,104,7355.1185131073,49,49,0.9169749511865787,0,0.0,CA-MemStream-EIA,mixed,4,4,123
,0.7961342541216566,0.0,0.0,0.0,0.0,0,0,14273,727,0.0,0,0,,0,0.0,Canary-Rules,mixed,4,4,123
0.049766058156749365,0.5086630126947784,0.055517941773865945,0.05466666666666667,0.05639614855570839,0.04967421004694178,41,709,13564,686,28.473854064941406,0,0,0.049766058156749365,0,0.0,Random,mixed,4,4,123
0.8735771533913184,0.9882547695322976,0.8209959623149393,0.8133333333333334,0.8288043478260869,0.00981491867638811,610,140,14124,126,5930.776357650757,0,0,0.8735771533913184,0,0.0,MemStream,hybrid,4,4,123
0.8727520592517354,0.9877986958655416,0.8209959623149393,0.8133333333333334,0.8288043478260869,0.00981491867638811,610,140,14124,126,6338.776111602783,0,0,0.8727520592517354,0,0.0,CA-MemStream,hybrid,4,4,123
0.8183319580268007,0.9736390754163723,0.7752355316285329,0.768,0.782608695652174,0.012198541783510937,576,174,14090,160,7025.294065475464,36,36,0.8183319580268007,0,0.0,CA-MemStream-EIA,hybrid,4,4,123
,0.8976299409885635,0.0,0.0,0.0,0.0,0,0,14264,736,0.0,0,0,,0,0.0,Canary-Rules,hybrid,4,4,123
0.04826916376766511,0.5042865971494062,0.04979811574697174,0.04933333333333333,0.050271739130434784,0.04998597868760516,37,713,13551,699,30.99346160888672,0,0,0.04826916376766511,0,0.0,Random,hybrid,4,4,123
0.21261267254198582,0.7338836959064327,0.32266666666666666,0.32266666666666666,0.32266666666666666,0.03564912280701754,242,508,13742,508,5476.399898529053,0,0,0.21261267254198582,0,0.0,MemStream,canary_only,5,5,42
0.21327967765472367,0.7386566081871345,0.32266666666666666,0.32266666666666666,0.32266666666666666,0.03564912280701754,242,508,13742,508,6319.820880889893,0,0,0.21327967765472367,0,0.0,CA-MemStream,canary_only,5,5,42
0.17466195967664694,0.7206590409356725,0.256,0.256,0.256,0.03915789473684211,192,558,13692,558,7543.414354324341,53,53,0.17466195967664694,0,0.0,CA-MemStream-EIA,canary_only,5,5,42
,0.9980350877192982,0.0,0.0,0.0,0.0,0,0,14250,750,0.0,0,0,,0,0.0,Canary-Rules,canary_only,5,5,42
0.053073784730785695,0.5241066666666667,0.05600000000000001,0.056,0.056,0.04968421052631579,42,708,13542,708,37.25767135620117,0,0,0.053073784730785695,0,0.0,Random,canary_only,5,5,42
0.046456631088949346,0.49287700584795324,0.024,0.024,0.024,0.05136842105263158,18,732,13518,732,5076.125860214233,0,0,0.046456631088949346,0,0.0,MemStream,type1_only,5,5,42
0.050035935276263314,0.5278687719298245,0.024,0.024,0.024,0.05136842105263158,18,732,13518,732,6247.618198394775,0,0,0.050035935276263314,0,0.0,CA-MemStream,type1_only,5,5,42
0.05314638609568979,0.5547404444444445,0.036,0.036,0.036,0.05073684210526316,27,723,13527,723,6549.067735671997,53,53,0.05314638609568979,0,0.0,CA-MemStream-EIA,type1_only,5,5,42
,0.47171929824561404,0.0,0.0,0.0,0.0,0,0,14250,750,0.0,0,0,,0,0.0,Canary-Rules,type1_only,5,5,42
0.046977516099194566,0.4825105029239767,0.044,0.044,0.044,0.05031578947368421,33,717,13533,717,33.1881046295166,0,0,0.046977516099194566,0,0.0,Random,type1_only,5,5,42
0.04764144008430949,0.5187491461988305,0.005333333333333333,0.005333333333333333,0.005333333333333333,0.05235087719298245,4,746,13504,746,5040.602922439575,0,0,0.04764144008430949,0,0.0,MemStream,type2_only,5,5,42
0.049642461773882214,0.5369576140350877,0.005333333333333333,0.005333333333333333,0.005333333333333333,0.05235087719298245,4,746,13504,746,6377.433300018311,0,0,0.049642461773882214,0,0.0,CA-MemStream,type2_only,5,5,42
0.05055480545992464,0.5454024327485381,0.008,0.008,0.008,0.05221052631578947,6,744,13506,744,8200.763702392578,53,53,0.05055480545992464,0,0.0,CA-MemStream-EIA,type2_only,5,5,42
,0.47171929824561404,0.0,0.0,0.0,0.0,0,0,14250,750,0.0,0,0,,0,0.0,Canary-Rules,type2_only,5,5,42
0.050112304968843335,0.4967730526315789,0.052,0.052,0.052,0.04989473684210526,39,711,13539,711,53.63011360168457,0,0,0.050112304968843335,0,0.0,Random,type2_only,5,5,42
0.061640303128779064,0.602297216374269,0.025333333333333333,0.025333333333333333,0.025333333333333333,0.051298245614035086,19,731,13519,731,5417.834043502808,0,0,0.061640303128779064,0,0.0,MemStream,type3_only,5,5,42
0.06159580032280145,0.6037484444444444,0.025333333333333333,0.025333333333333333,0.025333333333333333,0.051298245614035086,19,731,13519,731,7163.878440856934,0,0,0.06159580032280145,0,0.0,CA-MemStream,type3_only,5,5,42
0.06882429369240606,0.6409698713450291,0.04533333333333334,0.04533333333333334,0.04533333333333334,0.05024561403508772,34,716,13534,716,8180.203437805176,53,53,0.06882429369240606,0,0.0,CA-MemStream-EIA,type3_only,5,5,42
,0.47171929824561404,0.0,0.0,0.0,0.0,0,0,14250,750,0.0,0,0,,0,0.0,Canary-Rules,type3_only,5,5,42
0.05129075976966907,0.503918596491228,0.053333333333333344,0.05333333333333334,0.05333333333333334,0.04982456140350877,40,710,13540,710,27.998924255371094,0,0,0.05129075976966907,0,0.0,Random,type3_only,5,5,42
0.9369402047201676,0.9747719226579521,0.8979591836734694,0.88,0.9166666666666666,0.0063025210084033615,660,90,14190,60,5377.915859222412,0,0,0.9369402047201676,0,0.0,MemStream,mixed,5,5,42
0.9367697444526546,0.975930010893246,0.8979591836734694,0.88,0.9166666666666666,0.0063025210084033615,660,90,14190,60,7189.695119857788,0,0,0.9367697444526546,0,0.0,CA-MemStream,mixed,5,5,42
0.9504150195303389,0.9775762527233115,0.9102040816326532,0.892,0.9291666666666667,0.005672268907563025,669,81,14199,51,7607.735872268677,63,63,0.9504150195303389,0,0.0,CA-MemStream-EIA,mixed,5,5,42
,0.7960842670401495,0.0,0.0,0.0,0.0,0,0,14280,720,0.0,0,0,,0,0.0,Canary-Rules,mixed,5,5,42
0.047108984234802614,0.48687159586056644,0.05578231292517007,0.05466666666666667,0.05694444444444444,0.04964985994397759,41,709,13571,679,35.176753997802734,0,0,0.047108984234802614,0,0.0,Random,mixed,5,5,42
0.901705787218512,0.9802737382492474,0.8490566037735849,0.84,0.8583106267029973,0.008411608019066312,630,120,14146,104,5497.094631195068,0,0,0.901705787218512,0,0.0,MemStream,hybrid,5,5,42
0.9015884320669582,0.9805033193763797,0.8477088948787063,0.8386666666666667,0.8569482288828338,0.00848170475255853,629,121,14145,105,6390.06495475769,0,0,0.9015884320669582,0,0.0,CA-MemStream,hybrid,5,5,42
0.901675826400224,0.9805872635572239,0.8490566037735849,0.84,0.8583106267029973,0.008411608019066312,630,120,14146,104,7994.363784790039,23,23,0.901675826400224,0,0.0,CA-MemStream-EIA,hybrid,5,5,42
,0.8963382956218,0.0,0.0,0.0,0.0,0,0,14266,734,0.0,0,0,,0,0.0,Canary-Rules,hybrid,5,5,42
0.051034443309216554,0.5125682297155907,0.057951482479784364,0.05733333333333333,0.05858310626702997,0.049558390578999016,43,707,13559,691,53.65443229675293,0,0,0.051034443309216554,0,0.0,Random,hybrid,5,5,42
0.12705052335022654,0.7113578011695906,0.17066666666666666,0.17066666666666666,0.17066666666666666,0.04364912280701754,128,622,13628,622,5728.466033935547,0,0,0.12705052335022654,0,0.0,MemStream,canary_only,5,5,123
0.12740878186453383,0.7118696140350877,0.17066666666666666,0.17066666666666666,0.17066666666666666,0.04364912280701754,128,622,13628,622,7193.314790725708,0,0,0.12740878186453383,0,0.0,CA-MemStream,canary_only,5,5,123
0.12940871444154733,0.7205665497076024,0.18,0.18,0.18,0.0431578947368421,135,615,13635,615,7119.6229457855225,41,41,0.12940871444154733,0,0.0,CA-MemStream-EIA,canary_only,5,5,123
,0.9980350877192982,0.0,0.0,0.0,0.0,0,0,14250,750,0.0,0,0,,0,0.0,Canary-Rules,canary_only,5,5,123
0.05151503679988655,0.5089634619883041,0.052,0.052,0.052,0.04989473684210526,39,711,13539,711,36.997318267822266,0,0,0.05151503679988655,0,0.0,Random,canary_only,5,5,123
0.05898366794115539,0.6023491461988304,0.03333333333333333,0.03333333333333333,0.03333333333333333,0.05087719298245614,25,725,13525,725,4987.609148025513,0,0,0.05898366794115539,0,0.0,MemStream,type1_only,5,5,123
0.06765051642585371,0.6597383859649122,0.03333333333333333,0.03333333333333333,0.03333333333333333,0.05087719298245614,25,725,13525,725,6000.203847885132,0,0,0.06765051642585371,0,0.0,CA-MemStream,type1_only,5,5,123
0.07571542796807082,0.6983344093567251,0.032,0.032,0.032,0.05094736842105263,24,726,13524,726,7345.308065414429,41,41,0.07571542796807082,0,0.0,CA-MemStream-EIA,type1_only,5,5,123
,0.47171929824561404,0.0,0.0,0.0,0.0,0,0,14250,750,0.0,0,0,,0,0.0,Canary-Rules,type1_only,5,5,123
0.05579042730076195,0.5221483040935673,0.068,0.068,0.068,0.04905263157894737,51,699,13551,699,28.306961059570312,0,0,0.05579042730076195,0,0.0,Random,type1_only,5,5,123
0.06883612244327748,0.6693099415204679,0.026666666666666672,0.02666666666666667,0.02666666666666667,0.051228070175438595,20,730,13520,730,4456.722974777222,0,0,0.06883612244327748,0,0.0,MemStream,type2_only,5,5,123
0.06709260817071569,0.6582832280701754,0.026666666666666672,0.02666666666666667,0.02666666666666667,0.051228070175438595,20,730,13520,730,5966.329574584961,0,0,0.06709260817071569,0,0.0,CA-MemStream,type2_only,5,5,123
0.08060193158068402,0.7203911111111112,0.028000000000000004,0.028,0.028,0.051157894736842104,21,729,13521,729,7051.947116851807,41,41,0.08060193158068402,0,0.0,CA-MemStream-EIA,type2_only,5,5,123
,0.47171929824561404,0.0,0.0,0.0,0.0,0,0,14250,750,0.0,0,0,,0,0.0,Canary-Rules,type2_only,5,5,123
0.050550153538963166,0.49586442105263157,0.04533333333333334,0.04533333333333334,0.04533333333333334,0.05024561403508772,34,716,13534,716,27.97555923461914,0,0,0.050550153538963166,0,0.0,Random,type2_only,5,5,123
0.09525862720541639,0.7482385964912281,0.088,0.088,0.088,0.048,66,684,13566,684,4887.113809585571,0,0,0.09525862720541639,0,0.0,MemStream,type3_only,5,5,123
0.0937667114405826,0.741060865497076,0.08933333333333333,0.08933333333333333,0.08933333333333333,0.04792982456140351,67,683,13567,683,6021.64626121521,0,0,0.0937667114405826,0,0.0,CA-MemStream,type3_only,5,5,123
0.10976636921008964,0.7864227368421052,0.09466666666666666,0.09466666666666666,0.09466666666666666,0.047649122807017545,71,679,13571,679,6671.714544296265,41,41,0.10976636921008964,0,0.0,CA-MemStream-EIA,type3_only,5,5,123
,0.47171929824561404,0.0,0.0,0.0,0.0,0,0,14250,750,0.0,0,0,,0,0.0,Canary-Rules,type3_only,5,5,123
0.05237639696185685,0.5079928888888889,0.05600000000000001,0.056,0.056,0.04968421052631579,42,708,13542,708,28.994321823120117,0,0,0.05237639696185685,0,0.0,Random,type3_only,5,5,123
0.9085922080728888,0.9744919161292629,0.853641933287951,0.836,0.8720445062586927,0.00861284223793852,627,123,14158,92,5452.304363250732,0,0,0.9085922080728888,0,0.0,MemStream,mixed,5,5,123
0.9061953151650247,0.975949545964911,0.8509189925119128,0.8333333333333334,0.8692628650904033,0.008752888453189552,625,125,14156,94,5958.492040634155,0,0,0.9061953151650247,0,0.0,CA-MemStream,mixed,5,5,123
0.9069366982008823,0.9780454671042834,0.8522804628999319,0.8346666666666667,0.8706536856745479,0.008682865345564035,626,124,14157,93,6712.838172912598,44,44,0.9069366982008823,0,0.0,CA-MemStream-EIA,mixed,5,5,123
,0.7944510631484745,0.0,0.0,0.0,0.0,0,0,14281,719,0.0,0,0,,0,0.0,Canary-Rules,mixed,5,5,123
0.05282606147340804,0.5160552078152412,0.06126616746085773,0.06,0.06258692628650904,0.04936629087598907,45,705,13576,674,30.039548873901367,0,0,0.05282606147340804,0,0.0,Random,mixed,5,5,123
0.8477220905929529,0.9773301051909399,0.8140161725067385,0.8053333333333333,0.8228882833787466,0.010234123089864012,604,146,14120,130,4917.700529098511,0,0,0.8477220905929529,0,0.0,MemStream,hybrid,5,5,123
0.8461714218955864,0.9784276825179512,0.81266846361186,0.804,0.8215258855585831,0.010304219823356232,603,147,14119,131,5732.819557189941,0,0,0.8461714218955864,0,0.0,CA-MemStream,hybrid,5,5,123
0.8069699363034274,0.9731511843291972,0.7654986522911051,0.7573333333333333,0.773841961852861,0.012757605495583905,568,182,14084,166,7465.32678604126,29,29,0.8069699363034274,0,0.0,CA-MemStream-EIA,hybrid,5,5,123
,0.8970194945318818,0.0,0.0,0.0,0.0,0,0,14266,734,0.0,0,0,,0,0.0,Canary-Rules,hybrid,5,5,123
0.05275723631563871,0.4877322121421294,0.057951482479784364,0.05733333333333333,0.05858310626702997,0.049558390578999016,43,707,13559,691,45.67217826843262,0,0,0.05275723631563871,0,0.0,Random,hybrid,5,5,123
