AUC_PR,AUC_ROC,F1,Precision,Recall,FPR,TP,FP,TN,FN,optimal_threshold,train_ms,score_ms,labels_consumed,fold,month,difficulty,algorithm,seed,error
0.053223850883545545,0.9765314638624604,0.12173913043478261,0.07,0.4666666666666667,0.009313970956434652,7,93,9892,8,0.6366346822016823,422.8620000067167,79.75710000027902,0,1,2,easy,sklearn_IF,42,
0.07350235594325591,0.9736671674177934,0.17391304347826086,0.1,0.6666666666666666,0.009013520280420632,10,90,9895,5,0.63952137734698,394.4523000100162,69.25260002026334,0,1,2,easy,sklearn_IF,123,
0.08811123318034948,0.9785544984142882,0.18461538461538463,0.12,0.4,0.004406609914872309,6,44,9941,9,0.6622524466933658,359.988100011833,78.5475000157021,0,1,2,easy,sklearn_IF,456,
0.50075,0.5,0.0029955067398901645,0.0015,1.0,1.0,15,9985,0,0,13.846138402123746,104.52860000077635,128.68719999096356,0,1,2,easy,sklearn_OCSVM,42,
0.50075,0.5,0.0029955067398901645,0.0015,1.0,1.0,15,9985,0,0,13.76738239473865,109.89439999684691,128.5580999974627,0,1,2,easy,sklearn_OCSVM,123,
0.50075,0.5,0.0029955067398901645,0.0015,1.0,1.0,15,9985,0,0,14.145327995140601,105.81430001184344,126.85380000039004,0,1,2,easy,sklearn_OCSVM,456,
0.0007646430051629785,0.0643097980303789,0.0,0.0,0.0,0.030045067601402103,0,300,9685,15,50.817314796447754,356.61529999924824,151.6418999817688,0,1,2,easy,sklearn_LOF,42,
0.0007646430051629785,0.0643097980303789,0.0,0.0,0.0,0.030045067601402103,0,300,9685,15,50.817314796447754,269.31600001989864,141.78129998617806,0,1,2,easy,sklearn_LOF,123,
0.0007646430051629785,0.0643097980303789,0.0,0.0,0.0,0.030045067601402103,0,300,9685,15,50.817314796447754,339.4765999983065,170.1984999817796,0,1,2,easy,sklearn_LOF,456,
0.5380865352141841,0.9678517776664998,0.27692307692307694,0.18,0.6,0.004106159238858287,9,41,9944,6,3.598419897556302,2577.8239999781363,4.669200017815456,0,1,2,easy,LSTM-AE,42,
0.546166546466654,0.9756768486062427,0.27692307692307694,0.18,0.6,0.004106159238858287,9,41,9944,6,3.277461495399473,1108.4577000001445,2.6224000030197203,0,1,2,easy,LSTM-AE,123,
0.539543054303867,0.9658821565681857,0.27692307692307694,0.18,0.6,0.004106159238858287,9,41,9944,6,3.489519257545467,1153.8093000126537,2.6043000107165426,0,1,2,easy,LSTM-AE,456,
0.18250586547168454,0.4476281088299115,0.08823529411764706,0.05660377358490566,0.2,0.005007511266900351,3,50,9935,12,1.0702107914796888,365.0385999935679,28.588399989530444,0,1,2,easy,CA-DIF-EIA,42,
0.05897121341509626,0.788559505925555,0.09090909090909091,0.058823529411764705,0.2,0.0048072108162243365,3,48,9937,12,1.0867965453281472,377.7574999839999,29.881400027079508,0,1,2,easy,CA-DIF-EIA,123,
0.001438363551676676,0.4092572191620764,0.008771929824561403,0.004694835680751174,0.06666666666666667,0.021231847771657486,1,212,9773,14,1.0669865226401105,374.26400001277216,28.049500018823892,0,1,2,easy,CA-DIF-EIA,456,
0.012296394861592876,0.9409480887998665,0.036308623298033284,0.018575851393188854,0.8,0.06349524286429645,12,634,9351,3,0.62,2608.7851999909617,1436.2923000007868,0,1,2,easy,sHST-River,42,
0.011186600024250858,0.9384576865297947,0.03189792663476874,0.016339869281045753,0.6666666666666666,0.06029043565348022,10,602,9383,5,0.625,2934.3474000052083,1473.4371999802534,0,1,2,easy,sHST-River,123,
0.009865576120593113,0.9273844099482557,0.025974025974025976,0.013245033112582781,0.6666666666666666,0.07461191787681522,10,745,9240,5,0.63,2762.729100009892,1331.0266999760643,0,1,2,easy,sHST-River,456,
0.5685644468867201,0.9892772492071441,0.3076923076923077,0.2,0.6666666666666666,0.00400600901352028,10,40,9945,5,42.75658166335218,22.754899982828647,785.0065000238828,0,1,2,easy,MemStream,42,
0.5685644468867201,0.9892772492071441,0.3076923076923077,0.2,0.6666666666666666,0.00400600901352028,10,40,9945,5,42.75658166335218,22.759600018616766,826.0797999973875,0,1,2,easy,MemStream,123,
0.5685644468867201,0.9892772492071441,0.3076923076923077,0.2,0.6666666666666666,0.00400600901352028,10,40,9945,5,42.75658166335218,20.03129999502562,787.2098000079859,0,1,2,easy,MemStream,456,
0.009996047812609895,0.8272608913370055,0.04081632653061224,0.022099447513812154,0.26666666666666666,0.01772658988482724,4,177,9808,11,0.5,256.95660000201315,46.59959999844432,0,1,2,easy,IForestASD,42,
0.04013065441160861,0.946740110165248,0.1258741258741259,0.0703125,0.6,0.011917876815222835,9,119,9866,6,0.5,211.17819999926724,50.84159999387339,0,1,2,easy,IForestASD,123,
0.0025876381496879233,0.6958270739442497,0.0078091106290672455,0.003930131004366812,0.6,0.228442663995994,9,2281,7704,6,0.38,215.0819000089541,77.71539999521337,0,1,2,easy,IForestASD,456,
0.10705744871104,0.45392421966282753,0.06153846153846154,0.04,0.13333333333333333,0.0048072108162243365,2,48,9937,13,1.166810666183977,249.06890001147985,28.830099996412173,0,1,2,easy,CA-DIF-EIA (streaming),42,
0.03827843655593317,0.7729627774995826,0.078125,0.04424778761061947,0.3333333333333333,0.010816224336504757,5,108,9877,10,1.0155854957414057,241.18749998160638,29.278500005602837,0,1,2,easy,CA-DIF-EIA (streaming),123,
0.0009389393259058656,0.28053079619429144,0.0,0.0,0.0,0.030045067601402103,0,300,9685,15,1.167802004958124,262.4703000183217,28.100900002755225,0,1,2,easy,CA-DIF-EIA (streaming),456,
0.00982647107379574,0.9514451895594924,0.027855153203342618,0.014285714285714285,0.5555555555555556,0.03453107797017316,5,345,9646,4,0.5859019616336061,361.75029998412356,70.69040002534166,0,1,2,medium,sklearn_IF,42,
0.00867991243254124,0.947908673361581,0.02444987775061125,0.0125,0.5555555555555556,0.03953558202382144,5,395,9596,4,0.5851672118793273,365.7091000059154,70.31819998519495,0,1,2,medium,sklearn_IF,123,
0.011717405287006525,0.9598193930092639,0.03143418467583497,0.016,0.8888888888888888,0.04924431988789911,8,492,9499,1,0.5669618536228453,360.07579998113215,70.9402000065893,0,1,2,medium,sklearn_IF,456,
0.50045,0.5,0.00179838145668898,0.0009,1.0,1.0,9,9991,0,0,13.846138402123746,106.53450002428144,150.7528999936767,0,1,2,medium,sklearn_OCSVM,42,
0.50045,0.5,0.00179838145668898,0.0009,1.0,1.0,9,9991,0,0,13.76738239473865,103.15280000213534,173.77120000310242,0,1,2,medium,sklearn_OCSVM,123,
0.50045,0.5,0.00179838145668898,0.0009,1.0,1.0,9,9991,0,0,14.145327995140601,132.4618999788072,130.8969000237994,0,1,2,medium,sklearn_OCSVM,456,
0.00046094085231038797,0.058052247022320085,0.0,0.0,0.0,0.030027024321889702,0,300,9691,9,50.46602561950683,270.1561000139918,173.92009997274727,0,1,2,medium,sklearn_LOF,42,
0.00046094085231038797,0.058052247022320085,0.0,0.0,0.0,0.030027024321889702,0,300,9691,9,50.46602561950683,298.4060999879148,142.01480001793243,0,1,2,medium,sklearn_LOF,123,
0.00046094085231038797,0.058052247022320085,0.0,0.0,0.0,0.030027024321889702,0,300,9691,9,50.46602561950683,273.09910001349635,131.84849999379367,0,1,2,medium,sklearn_LOF,456,
0.048404252934625996,0.9469300147910898,0.06779661016949153,0.04,0.2222222222222222,0.004804323891502352,2,48,9943,7,3.587789266109464,1249.40939998487,10.125700006028637,0,1,2,medium,LSTM-AE,42,
0.07197913766280802,0.9619212847117962,0.1016949152542373,0.06,0.3333333333333333,0.004704233810429386,3,47,9944,6,3.2664429795741974,1249.762899999041,9.881899983156472,0,1,2,medium,LSTM-AE,123,
0.061059999849868485,0.9439606757192585,0.1016949152542373,0.06,0.3333333333333333,0.004704233810429386,3,47,9944,6,3.4442924714088328,1495.0737000035588,11.869799986016005,0,1,2,medium,LSTM-AE,456,
0.0005856090848324148,0.3074100023354352,0.0009940357852882703,0.0004992511233150275,0.1111111111111111,0.20038034230807727,1,2002,7989,8,1.0501937135466581,366.4826999884099,35.766499990131706,0,1,2,medium,CA-DIF-EIA,42,
0.0022616761957996306,0.5533368920917714,0.019138755980861243,0.01,0.2222222222222222,0.0198178360524472,2,198,9793,7,1.0734021241112865,421.27789999358356,42.83479999867268,0,1,2,medium,CA-DIF-EIA,123,
0.0006729721596024432,0.3903679978647449,0.0,0.0,0.0,0.031228105294765288,0,312,9679,9,1.06518327693529,392.2300999984145,27.476699993712828,0,1,2,medium,CA-DIF-EIA,456,
0.002647951256714554,0.8094340461971329,0.010037641154328732,0.005076142131979695,0.4444444444444444,0.07847062356120509,4,784,9207,5,0.61,2802.7610999997705,1267.406500002835,0,1,2,medium,sHST-River,42,
0.0026211491081712867,0.7944149734761285,0.009416195856873822,0.004748338081671415,0.5555555555555556,0.10489440496446802,5,1048,8943,4,0.58,3161.7303999955766,1551.06229998637,0,1,2,medium,sHST-River,123,
0.0023304148263307363,0.7260200847429353,0.009259259259259259,0.004668534080298786,0.5555555555555556,0.1066960264237814,5,1066,8925,4,0.61,3046.934699988924,1525.3241999889724,0,1,2,medium,sHST-River,456,
0.20001564579026154,0.9807159777132753,0.23728813559322035,0.14,0.7777777777777778,0.004303873486137524,7,43,9948,2,42.73922860771707,21.028999995905906,815.7196999818552,0,1,2,medium,MemStream,42,
0.20001564579026154,0.9807159777132753,0.23728813559322035,0.14,0.7777777777777778,0.004303873486137524,7,43,9948,2,42.73922860771707,21.313799981726333,752.2182000102475,0,1,2,medium,MemStream,123,
0.20001564579026154,0.9807159777132753,0.23728813559322035,0.14,0.7777777777777778,0.004303873486137524,7,43,9948,2,42.73922860771707,21.462100005010143,750.9417999826837,0,1,2,medium,MemStream,456,
0.0015270043399100257,0.669024344131941,0.005805515239477504,0.0029411764705882353,0.2222222222222222,0.06786107496747072,2,678,9313,7,0.42,219.80280001298524,46.942599990870804,0,1,2,medium,IForestASD,42,
0.008310822735757752,0.8665576796894983,0.024793388429752067,0.012875536480686695,0.3333333333333333,0.023020718646782103,3,230,9761,6,0.46,271.11790000344627,49.02620002394542,0,1,2,medium,IForestASD,123,
0.0007064928659913189,0.4321166827922908,0.0,0.0,0.0,0.04203783405064558,0,420,9571,9,0.48,231.16029999800958,47.19659997499548,0,1,2,medium,IForestASD,456,
0.0007096159663315387,0.390039924821228,0.0015885623510722795,0.0008,0.1111111111111111,0.12501251126013413,1,1249,8742,8,1.15492965577326,235.0119999900926,28.23799999896437,0,1,2,medium,CA-DIF-EIA (streaming),42,
0.002857339588584737,0.5378562928858194,0.03418803418803419,0.018518518518518517,0.2222222222222222,0.01060954859373436,2,106,9885,7,1.0155854957414057,228.46539999591187,28.850200003944337,0,1,2,medium,CA-DIF-EIA (streaming),123,
0.0006263841594514707,0.3339005104594135,0.0,0.0,0.0,0.03212891602442198,0,321,9670,9,1.167406838397099,215.56020001298748,33.47570000914857,0,1,2,medium,CA-DIF-EIA (streaming),456,
0.006416955607452232,0.9094997330129488,0.019417475728155338,0.01,0.3333333333333333,0.039647577092511016,4,396,9592,8,0.582916251865531,436.2920999992639,77.20019997213967,0,1,2,hard,sklearn_IF,42,
0.005832984445834427,0.9001551862234681,0.019417475728155338,0.01,0.3333333333333333,0.039647577092511016,4,396,9592,8,0.5906837671055899,392.34229997964576,74.70990001456812,0,1,2,hard,sklearn_IF,123,
0.0071235829910089535,0.9178180483246562,0.02564102564102564,0.013333333333333334,0.3333333333333333,0.029635562675210253,4,296,9692,8,0.6047996780037251,376.4589999918826,76.75619999645278,0,1,2,hard,sklearn_IF,456,
0.5006,0.5,0.0023971234518577705,0.0012,1.0,1.0,12,9988,0,0,13.846138402123746,103.31080001196824,146.84169998508878,0,1,2,hard,sklearn_OCSVM,42,
0.5006,0.5,0.0023971234518577705,0.0012,1.0,1.0,12,9988,0,0,13.76738239473865,129.03710000682622,164.57389999413863,0,1,2,hard,sklearn_OCSVM,123,
0.5006,0.5,0.0023971234518577705,0.0012,1.0,1.0,12,9988,0,0,14.145327995140601,114.6798999980092,154.8272000218276,0,1,2,hard,sklearn_OCSVM,456,
0.0006469229118846504,0.10586870911760782,0.0,0.0,0.0,0.030036043251902282,0,300,9688,12,51.17068351745605,349.7975000063889,180.51109998486936,0,1,2,hard,sklearn_LOF,42,
0.0006469229118846504,0.10586870911760782,0.0,0.0,0.0,0.030036043251902282,0,300,9688,12,51.17068351745605,290.07700001238845,161.15169998374768,0,1,2,hard,sklearn_LOF,123,
0.0006469229118846504,0.10586870911760782,0.0,0.0,0.0,0.030036043251902282,0,300,9688,12,51.17068351745605,378.4548999974504,142.39709998946637,0,1,2,hard,sklearn_LOF,456,
0.028656902260238752,0.8855793619009478,0.06451612903225806,0.04,0.16666666666666666,0.004805766920304365,2,48,9940,10,3.567940630912777,1307.3978000029456,16.882299998542294,0,1,2,hard,LSTM-AE,42,
0.042237158897086444,0.9056117340808971,0.06451612903225806,0.04,0.16666666666666666,0.004805766920304365,2,48,9940,10,3.259963763952255,1247.4628000054508,11.302300001261756,0,1,2,hard,LSTM-AE,123,
0.0418542860337983,0.8657889467360833,0.06451612903225806,0.04,0.16666666666666666,0.004805766920304365,2,48,9940,10,3.425792936086642,1451.5017000085209,20.32919999328442,0,1,2,hard,LSTM-AE,456,
0.0008915398526979565,0.3897802362835402,0.0,0.0,0.0,0.030336403684421306,0,303,9685,12,1.0632363656751038,377.1798000088893,28.641599987167865,0,1,2,hard,CA-DIF-EIA,42,
0.0015052732398770621,0.5853524229074889,0.004077471967380225,0.0020512820512820513,0.3333333333333333,0.19483380056067282,4,1946,8042,8,1.009664154823167,372.91850001201965,37.39149999455549,0,1,2,hard,CA-DIF-EIA,123,
0.001159393743265017,0.52475887731945,0.0016406890894175555,0.0008285004142502071,0.08333333333333333,0.12074489387264718,1,1206,8782,11,1.0591649807890693,396.3148999901023,27.18129998538643,0,1,2,hard,CA-DIF-EIA,456,
0.0033616903840565002,0.8064635896409025,0.011406844106463879,0.0057692307692307696,0.5,0.10352422907488987,6,1034,8954,6,0.595,3011.0716999915894,1380.8426999894436,0,1,2,hard,sHST-River,42,
0.00423903040335686,0.8638157455613402,0.014166130070830651,0.007138221933809215,0.9166666666666666,0.15318382058470165,11,1530,8458,1,0.55,3087.125099991681,1575.0018999970052,0,1,2,hard,sHST-River,123,
0.0025307149200167385,0.7833775530636764,0.0064464141821112,0.0032546786004882017,0.3333333333333333,0.12264717661193432,4,1225,8763,8,0.605,2667.9591000138316,1324.2836999997962,0,1,2,hard,sHST-River,456,
0.10283070012998155,0.9413879989320518,0.16129032258064516,0.1,0.4166666666666667,0.0045054064877853425,5,45,9943,7,42.70419659124939,21.305000002030283,765.8009000006132,0,1,2,hard,MemStream,42,
0.10283070012998155,0.9413879989320518,0.16129032258064516,0.1,0.4166666666666667,0.0045054064877853425,5,45,9943,7,42.70419659124939,21.666000015102327,814.0691999869887,0,1,2,hard,MemStream,123,
0.10283070012998155,0.9413879989320518,0.16129032258064516,0.1,0.4166666666666667,0.0045054064877853425,5,45,9943,7,42.70419659124939,20.786599983694032,760.6058999954257,0,1,2,hard,MemStream,456,
0.0009718148967637211,0.4278467494326525,0.0027472527472527475,0.0013850415512465374,0.16666666666666666,0.14437324789747696,2,1442,8546,10,0.38,245.37520000012591,47.06000001169741,0,1,2,hard,IForestASD,42,
0.0022539136562361685,0.7102648177813375,0.00749063670411985,0.0038022813688212928,0.25,0.07869443331998398,3,786,9202,9,0.4,227.00270000495948,45.505300018703565,0,1,2,hard,IForestASD,123,
0.0007695377502802026,0.30520374449339205,0.0,0.0,0.0,0.04455346415698839,0,445,9543,12,0.48,300.4552999918815,48.26210002647713,0,1,2,hard,IForestASD,456,
0.0009536476223716477,0.43290281671338937,0.0011037527593818985,0.0005555555555555556,0.08333333333333333,0.1801161393672407,1,1799,8189,11,1.1488810338141708,220.55709999403916,28.807299997424707,0,1,2,hard,CA-DIF-EIA (streaming),42,
0.0014751243793460396,0.5912887131224135,0.0034158838599487617,0.001725625539257981,0.16666666666666666,0.1158390068081698,2,1157,8831,10,0.968441610556215,208.72850000159815,31.542499986244366,0,1,2,hard,CA-DIF-EIA (streaming),123,
0.0009450703378133949,0.425656621278868,0.0,0.0,0.0,0.031237484981978373,0,312,9676,12,1.1678018309504616,252.42420000722632,29.888999997638166,0,1,2,hard,CA-DIF-EIA (streaming),456,
0.02258656570672731,0.9666516486450409,0.0660377358490566,0.035,0.5833333333333334,0.01932318782539047,7,193,9795,5,0.6286364659652742,377.96240000170656,70.90819999575615,0,2,3,easy,sklearn_IF,42,
0.03359059057199654,0.9705396475770924,0.07407407407407407,0.04,0.5,0.014417300760913096,6,144,9844,6,0.6444955122252565,409.09329999703914,68.54549999115989,0,2,3,easy,sklearn_IF,123,
0.029236913066876508,0.9690712187958884,0.08641975308641975,0.04666666666666667,0.5833333333333334,0.014317180616740088,7,143,9845,5,0.642217857526953,382.8096999786794,84.46790001471527,0,2,3,easy,sklearn_IF,456,
0.3875322676813188,0.9972300093445468,0.2903225806451613,0.18,0.75,0.004104925911093312,9,41,9947,3,10.712725847443243,110.78039999119937,132.64799999888055,0,2,3,easy,sklearn_OCSVM,42,
0.3761527199334556,0.9972800694166334,0.25806451612903225,0.16,0.6666666666666666,0.00420504605526632,8,42,9946,4,11.079880979411776,105.7571999845095,130.55090000852942,0,2,3,easy,sklearn_OCSVM,123,
0.3608082212669764,0.9971966359631559,0.25806451612903225,0.16,0.6666666666666666,0.00420504605526632,8,42,9946,4,10.910070381044953,144.33149999240413,149.02849998907186,0,2,3,easy,sklearn_OCSVM,456,
0.2966764628070151,0.9775397143238553,0.25806451612903225,0.16,0.6666666666666666,0.00420504605526632,8,42,9946,4,0.9867907381057679,303.3393999794498,142.76450002216734,0,2,3,easy,sklearn_LOF,42,
0.2966764628070151,0.9775397143238553,0.25806451612903225,0.16,0.6666666666666666,0.00420504605526632,8,42,9946,4,0.9867907381057679,336.8493000161834,174.17610000120476,0,2,3,easy,sklearn_LOF,123,
0.2966764628070151,0.9775397143238553,0.25806451612903225,0.16,0.6666666666666666,0.00420504605526632,8,42,9946,4,0.9867907381057679,333.63989999634214,173.33429999416694,0,2,3,easy,sklearn_LOF,456,
0.24960590893661766,0.9782488986784141,0.22580645161290322,0.14,0.5833333333333334,0.004305166199439327,7,43,9945,5,1.52182142138481,1751.4282000192907,10.73859998723492,0,2,3,easy,LSTM-AE,42,
0.2500487226975097,0.9782405553330663,0.22580645161290322,0.14,0.5833333333333334,0.004305166199439327,7,43,9945,5,1.5420332425832737,1247.7164000156336,9.261200000764802,0,2,3,easy,LSTM-AE,123,
0.24988972680658844,0.9791332932852757,0.22580645161290322,0.14,0.5833333333333334,0.004305166199439327,7,43,9945,5,1.5328459894657083,1432.2960000135936,9.757399995578453,0,2,3,easy,LSTM-AE,456,
0.2426275446867563,0.8902891803497531,0.22580645161290322,0.14,0.5833333333333334,0.004305166199439327,7,43,9945,5,0.9322903428947665,408.27400001580827,62.853200011886656,0,2,3,easy,CA-DIF-EIA,42,
0.2841465674863004,0.9909891870244293,0.2903225806451613,0.18,0.75,0.004104925911093312,9,41,9947,3,0.9653504251397264,371.4814999839291,59.777600021334365,0,2,3,easy,CA-DIF-EIA,123,
0.1623442491893706,0.9848025964490723,0.1935483870967742,0.12,0.5,0.004405286343612335,6,44,9944,6,0.9784152038008889,389.76709998678416,60.891600005561486,0,2,3,easy,CA-DIF-EIA,456,
0.007989172819851236,0.9252811707382192,0.021439509954058193,0.0109204368174727,0.5833333333333334,0.06347617140568683,7,634,9354,5,0.63,2795.0063000025693,1441.505299997516,0,2,3,easy,sHST-River,42,
0.0510527721558964,0.8374007141903618,0.03125,0.019230769230769232,0.08333333333333333,0.005106127352823388,1,51,9937,11,0.72,3658.8682000001427,1527.2530000074767,0,2,3,easy,sHST-River,123,
0.004592059216051098,0.8503245561340276,0.014492753623188406,0.007936507936507936,0.08333333333333333,0.01251501802162595,1,125,9863,11,0.705,2668.8429999921937,1304.5901999867056,0,2,3,easy,sHST-River,456,
0.26361777506302936,0.9921989720998531,0.22580645161290322,0.14,0.5833333333333334,0.004305166199439327,7,43,9945,5,8.864468775730645,21.31720000761561,751.253700000234,0,2,3,easy,MemStream,42,
0.26361777506302936,0.9921989720998531,0.22580645161290322,0.14,0.5833333333333334,0.004305166199439327,7,43,9945,5,8.864468775730645,21.2879000173416,859.3230999831576,0,2,3,easy,MemStream,123,
0.26361777506302936,0.9921989720998531,0.22580645161290322,0.14,0.5833333333333334,0.004305166199439327,7,43,9945,5,8.864468775730645,35.72309997980483,814.7274000220932,0,2,3,easy,MemStream,456,
0.0051351741109778495,0.6528083700440529,0.03125,0.016666666666666666,0.25,0.017721265518622346,3,177,9811,9,0.54,230.34369997913018,49.212200014153495,0,2,3,easy,IForestASD,42,
0.014606005282401996,0.8312766987051128,0.05291005291005291,0.02824858757062147,0.4166666666666667,0.017220664797757308,5,172,9816,7,0.54,290.92309999396093,49.819500010926276,0,2,3,easy,IForestASD,123,
0.00117705631432233,0.49908640368442136,0.0028735632183908046,0.001445086705202312,0.25,0.2075490588706448,3,2073,7915,9,0.42,271.7975999985356,46.56079999404028,0,2,3,easy,IForestASD,456,
0.23821020834982776,0.8836019890535309,0.22580645161290322,0.14,0.5833333333333334,0.004305166199439327,7,43,9945,5,1.027398092436118,214.1356999927666,63.568799989297986,0,2,3,easy,CA-DIF-EIA (streaming),42,
0.2593051861482022,0.9921155386463757,0.2903225806451613,0.18,0.75,0.004104925911093312,9,41,9947,3,0.9510250569502932,217.8682999801822,53.621500002918765,0,2,3,easy,CA-DIF-EIA (streaming),123,
0.18561939732133728,0.9788079028167134,0.16129032258064516,0.1,0.4166666666666667,0.0045054064877853425,5,45,9943,7,1.0340902961437466,258.50440000067465,72.90269999066368,0,2,3,easy,CA-DIF-EIA (streaming),456,
0.007907562793416803,0.9339637237324693,0.021953896816684963,0.011111111111111112,0.9090909090909091,0.08909800780858945,10,890,9099,1,0.5535777766720612,430.4052999941632,73.88370000990108,0,2,3,medium,sklearn_IF,42,
0.007277259813613626,0.9274838686191174,0.01929260450160772,0.01,0.2727272727272727,0.029732705976574233,3,297,9692,8,0.6268561202946964,397.3058999981731,78.90220000990666,0,2,3,medium,sklearn_IF,123,
0.007615819516303383,0.9282210431474621,0.019782393669634024,0.01,0.9090909090909091,0.09910901992191411,10,990,8999,1,0.5497513513045977,387.62690001749434,70.6497999781277,0,2,3,medium,sklearn_IF,456,
0.13572212608340942,0.9895521437217303,0.16393442622950818,0.1,0.45454545454545453,0.004504955450996096,5,45,9944,6,8.967699350141121,110.46660001738928,160.44729997520335,0,2,3,medium,sklearn_OCSVM,42,
0.13153659198423434,0.9900344924871904,0.16393442622950818,0.1,0.45454545454545453,0.004504955450996096,5,45,9944,6,8.804732754450837,113.10770001728088,127.45029997313395,0,2,3,medium,sklearn_OCSVM,123,
0.12179063259487531,0.9897250612036876,0.16393442622950818,0.1,0.45454545454545453,0.004504955450996096,5,45,9944,6,8.749078340921914,117.74709998280741,145.81600000383332,0,2,3,medium,sklearn_OCSVM,456,
0.0848046856554604,0.8649878502716624,0.16393442622950818,0.1,0.45454545454545453,0.004504955450996096,5,45,9944,6,0.9829958212375602,334.1355000156909,164.0420999901835,0,2,3,medium,sklearn_LOF,42,
0.0848046856554604,0.8649878502716624,0.16393442622950818,0.1,0.45454545454545453,0.004504955450996096,5,45,9944,6,0.9829958212375602,328.9327999809757,139.56430001417175,0,2,3,medium,sklearn_LOF,123,
0.0848046856554604,0.8649878502716624,0.16393442622950818,0.1,0.45454545454545453,0.004504955450996096,5,45,9944,6,0.9829958212375602,323.2694999896921,134.66320000588894,0,2,3,medium,sklearn_LOF,456,
0.0497908872339034,0.9377588074154297,0.09836065573770492,0.06,0.2727272727272727,0.004705175693262589,3,47,9942,8,1.4727397274970997,1334.8760999797378,9.877600008621812,0,2,3,medium,LSTM-AE,42,
0.04587908012149636,0.9364573758406974,0.09836065573770492,0.06,0.2727272727272727,0.004705175693262589,3,47,9942,8,1.4806719571352003,1247.4063000117894,9.652099979575723,0,2,3,medium,LSTM-AE,123,
0.051158944305609605,0.9429281300339464,0.09836065573770492,0.06,0.2727272727272727,0.004705175693262589,3,47,9942,8,1.4823626351356503,1328.194000001531,16.674500016961247,0,2,3,medium,LSTM-AE,456,
0.041571884018267724,0.666278360742271,0.09836065573770492,0.06,0.2727272727272727,0.004705175693262589,3,47,9942,8,0.91336187804995,369.29040000541136,57.091499998932704,0,2,3,medium,CA-DIF-EIA,42,
0.05889200220593574,0.9739076620646347,0.13114754098360656,0.08,0.36363636363636365,0.004605065572129342,4,46,9943,7,0.9603799805074046,355.28329998487607,53.46799999824725,0,2,3,medium,CA-DIF-EIA,123,
0.04979886127844427,0.9168266911784781,0.09836065573770492,0.06,0.2727272727272727,0.004705175693262589,3,47,9942,8,0.9528733614307369,386.3224000087939,61.75439999788068,0,2,3,medium,CA-DIF-EIA,456,
0.0042837297367963965,0.8694245488218859,0.012668250197941409,0.006389776357827476,0.7272727272727273,0.12453699068975874,8,1244,8745,3,0.59,2651.2039999943227,1347.2367000067607,0,2,3,medium,sHST-River,42,
0.0034746891505219833,0.8380718790669737,0.0125,0.0062932662051604785,0.9090909090909091,0.15807388126939634,10,1579,8410,1,0.555,2712.9733999900054,1511.2200999865308,0,2,3,medium,sHST-River,123,
0.002736939924917337,0.8086895585143657,0.008488063660477453,0.004268943436499467,0.7272727272727273,0.1868054860346381,8,1866,8123,3,0.585,2599.3659000087064,1400.3767000103835,0,2,3,medium,sHST-River,456,
0.08683864108465318,0.9632049800234803,0.16393442622950818,0.1,0.45454545454545453,0.004504955450996096,5,45,9944,6,8.046738977576446,20.51699999719858,794.368700007908,0,2,3,medium,MemStream,42,
0.08683864108465318,0.9632049800234803,0.16393442622950818,0.1,0.45454545454545453,0.004504955450996096,5,45,9944,6,8.046738977576446,22.22710000933148,776.079999981448,0,2,3,medium,MemStream,123,
0.08683864108465318,0.9632049800234803,0.16393442622950818,0.1,0.45454545454545453,0.004504955450996096,5,45,9944,6,8.046738977576446,23.818599991500378,796.0787999909371,0,2,3,medium,MemStream,456,
0.0011682914343805395,0.4991854676507795,0.004862236628849271,0.0024529844644317253,0.2727272727272727,0.12213434778256081,3,1220,8769,8,0.42,229.07620001933537,63.41549998614937,0,2,3,medium,IForestASD,42,
0.004357639472749976,0.8228869938750807,0.014598540145985401,0.0076045627376425855,0.18181818181818182,0.026128741615777357,2,261,9728,9,0.52,239.15500001749024,45.00990000087768,0,2,3,medium,IForestASD,123,
0.0007369914674496519,0.3342267403234467,0.0,0.0,0.0,0.04034437881669837,0,403,9586,11,0.52,238.68449998553842,54.17049999232404,0,2,3,medium,IForestASD,456,
0.04098346508658714,0.6685535907680267,0.09836065573770492,0.06,0.2727272727272727,0.004705175693262589,3,47,9942,8,0.9989492136333981,211.66760000051,59.815999993588775,0,2,3,medium,CA-DIF-EIA (streaming),42,
0.058577063878796326,0.9736255335414411,0.16393442622950818,0.1,0.45454545454545453,0.004504955450996096,5,45,9944,6,0.9444938657239748,256.6487000149209,51.69570000725798,0,2,3,medium,CA-DIF-EIA (streaming),123,
0.05250527368130731,0.8934646292740196,0.07207207207207207,0.04,0.36363636363636365,0.009610571628791672,4,96,9893,7,0.977597201994717,230.67739998805337,63.39769999613054,0,2,3,medium,CA-DIF-EIA (streaming),456,
0.004009138690157377,0.8063926712054466,0.017316017316017316,0.008888888888888889,0.3333333333333333,0.04465358430116139,4,446,9542,8,0.5912786793490362,372.20199999865144,71.50419999379665,0,2,3,hard,sklearn_IF,42,
0.003934989351207944,0.8158707115204913,0.019417475728155338,0.01,0.3333333333333333,0.039647577092511016,4,396,9592,8,0.6087153407405316,384.70029999734834,71.86140000703745,0,2,3,hard,sklearn_IF,123,
0.004028174774060187,0.815211587238019,0.017316017316017316,0.008888888888888889,0.3333333333333333,0.04465358430116139,4,446,9542,8,0.5974696552880504,413.25519999372773,69.41309999092482,0,2,3,hard,sklearn_IF,456,
0.04883974033340237,0.7916249499399279,0.0967741935483871,0.06,0.25,0.004705646776131358,3,47,9941,9,9.18655847626684,108.16049997811206,130.44580002315342,0,2,3,hard,sklearn_OCSVM,42,
0.05097345976669647,0.8219196368976105,0.0967741935483871,0.06,0.25,0.004705646776131358,3,47,9941,9,9.213650213210885,109.91570001351647,129.78920000023209,0,2,3,hard,sklearn_OCSVM,123,
0.04855346964703383,0.8000183553597651,0.0967741935483871,0.06,0.25,0.004705646776131358,3,47,9941,9,9.056369537193026,109.49500001152046,129.60419998853467,0,2,3,hard,sklearn_OCSVM,456,
0.02758522577414271,0.683987451608597,0.0967741935483871,0.06,0.25,0.004705646776131358,3,47,9941,9,0.9983396875858306,359.36850000871345,160.90940000140108,0,2,3,hard,sklearn_LOF,42,
0.02758522577414271,0.683987451608597,0.0967741935483871,0.06,0.25,0.004705646776131358,3,47,9941,9,0.9983396875858306,274.2832000076305,140.35130001138896,0,2,3,hard,sklearn_LOF,123,
0.02758522577414271,0.683987451608597,0.0967741935483871,0.06,0.25,0.004705646776131358,3,47,9941,9,0.9983396875858306,383.8625999924261,138.47089998307638,0,2,3,hard,sklearn_LOF,456,
0.027785943209628086,0.8583967427579762,0.0967741935483871,0.06,0.25,0.004705646776131358,3,47,9941,9,1.499929984807963,1269.5464999997057,10.129600006621331,0,2,3,hard,LSTM-AE,42,
0.023513596266131108,0.848101054598852,0.0967741935483871,0.06,0.25,0.004705646776131358,3,47,9941,9,1.5106417131423926,1227.1114999894053,10.802000004332513,0,2,3,hard,LSTM-AE,123,
0.028486083284577527,0.856828193832599,0.0967741935483871,0.06,0.25,0.004705646776131358,3,47,9941,9,1.5072209322452506,1263.1390999886207,9.727900003781542,0,2,3,hard,LSTM-AE,456,
0.016042568468770738,0.5748564944600187,0.06451612903225806,0.04,0.16666666666666666,0.004805766920304365,2,48,9940,10,0.9330266076685607,386.81259998702444,61.43599998904392,0,2,3,hard,CA-DIF-EIA,42,
0.005359312123367929,0.8385562675210253,0.019230769230769232,0.01,0.25,0.02973568281938326,3,297,9691,9,0.8710638734373718,358.3859000063967,51.21580002014525,0,2,3,hard,CA-DIF-EIA,123,
0.019470881456547226,0.7186373648378054,0.06451612903225806,0.04,0.16666666666666666,0.004805766920304365,2,48,9940,10,0.9527444168935841,394.87129999906756,66.3868999981787,0,2,3,hard,CA-DIF-EIA,456,
0.0024601926802861494,0.7423116072620478,0.006648199445983379,0.0033463469046291134,0.5,0.1789146976371646,6,1787,8201,6,0.575,2727.256700018188,1393.665699986741,0,2,3,hard,sHST-River,42,
0.001939564837221748,0.6616773461487118,0.0062360801781737195,0.003134796238244514,0.5833333333333334,0.22286744092911495,7,2226,7762,5,0.535,2925.568300008308,1609.178399987286,0,2,3,hard,sHST-River,123,
0.0012387282774411115,0.5201616940328395,0.002173913043478261,0.0010940919037199124,0.16666666666666666,0.1828193832599119,2,1826,8162,10,0.585,3215.552599984221,1259.8259999940637,0,2,3,hard,sHST-River,456,
0.03714946336468801,0.8586804164997996,0.0967741935483871,0.06,0.25,0.004705646776131358,3,47,9941,9,8.341030136591105,20.48180002020672,824.2809999792371,0,2,3,hard,MemStream,42,
0.03714946336468801,0.8586804164997996,0.0967741935483871,0.06,0.25,0.004705646776131358,3,47,9941,9,8.341030136591105,20.618499984266236,841.0320999973919,0,2,3,hard,MemStream,123,
0.03714946336468801,0.8586804164997996,0.0967741935483871,0.06,0.25,0.004705646776131358,3,47,9941,9,8.341030136591105,28.608000022359192,837.7275999810081,0,2,3,hard,MemStream,456,
0.001337619381239095,0.5014308837271392,0.0051635111876075735,0.0026086956521739132,0.25,0.11483780536643973,3,1147,8841,9,0.40229999999999566,212.4508999986574,45.068000006722286,0,2,3,hard,IForestASD,42,
0.002800669440625521,0.700081764784408,0.010857763300760043,0.005500550055005501,0.4166666666666667,0.09050861033239888,5,904,9084,7,0.44,264.9151000077836,50.45650000101887,0,2,3,hard,IForestASD,123,
0.000705932329712912,0.23860716192764647,0.0,0.0,0.0,0.03934721665999199,0,393,9595,12,0.52,266.6859999881126,61.645699985092506,0,2,3,hard,IForestASD,456,
0.0195134956667279,0.5914096916299559,0.06451612903225806,0.04,0.16666666666666666,0.004805766920304365,2,48,9940,10,1.0075889960025286,218.41410000342876,58.15729999449104,0,2,3,hard,CA-DIF-EIA (streaming),42,
0.006203356755289926,0.8420771592577759,0.022900763358778626,0.012,0.25,0.02472967561073288,3,247,9741,9,0.8570952188177963,220.22310001193546,51.729300001170486,0,2,3,hard,CA-DIF-EIA (streaming),123,
0.025321868367838583,0.7033690428514218,0.03571428571428571,0.02,0.16666666666666666,0.009811774128954745,2,98,9890,10,0.9753706851847264,252.13219999568537,74.81429999461398,0,2,3,hard,CA-DIF-EIA (streaming),456,
0.11389106765594056,0.9717577759978642,0.0967741935483871,0.06,0.25,0.004705646776131358,3,47,9941,9,0.6747433462500054,373.3463000098709,70.46160000027157,0,3,4,easy,sklearn_IF,42,
0.12607114419627988,0.9712238018956081,0.125,0.07,0.5833333333333334,0.009311173408089707,7,93,9895,5,0.6489037419625289,396.5604999975767,77.5283999973908,0,3,4,easy,sklearn_IF,123,
0.12790058316012734,0.9698137765318382,0.12903225806451613,0.08,0.3333333333333333,0.00460552663195835,4,46,9942,8,0.6704486657779517,410.5848000035621,80.54510000511073,0,3,4,easy,sklearn_IF,456,
0.39796372605673147,0.9958116406354292,0.22580645161290322,0.14,0.5833333333333334,0.004305166199439327,7,43,9945,5,8.237952923943167,116.92329999641515,150.1531999965664,0,3,4,easy,sklearn_OCSVM,42,
0.37393632030708923,0.9956531170738219,0.22580645161290322,0.14,0.5833333333333334,0.004305166199439327,7,43,9945,5,8.594160947336887,108.52919999160804,165.87240001535974,0,3,4,easy,sklearn_OCSVM,123,
0.43762252362166776,0.9954445334401282,0.22580645161290322,0.14,0.5833333333333334,0.004305166199439327,7,43,9945,5,9.182075837477925,126.34700001217425,225.36609999951907,0,3,4,easy,sklearn_OCSVM,456,
0.3722498010716393,0.9724085569349886,0.2903225806451613,0.18,0.75,0.004104925911093312,9,41,9947,3,0.6683180069923335,313.5719000129029,156.4922999823466,0,3,4,easy,sklearn_LOF,42,
0.3722498010716393,0.9724085569349886,0.2903225806451613,0.18,0.75,0.004104925911093312,9,41,9947,3,0.6683180069923335,330.0656000210438,152.55489997798577,0,3,4,easy,sklearn_LOF,123,
0.3722498010716393,0.9724085569349886,0.2903225806451613,0.18,0.75,0.004104925911093312,9,41,9947,3,0.6683180069923335,346.97380001307465,178.30440000398085,0,3,4,easy,sklearn_LOF,456,
0.34947795313188923,0.9710485916433054,0.1935483870967742,0.12,0.5,0.004405286343612335,6,44,9944,6,1.487367875576015,1420.6044999882579,10.632299992721528,0,3,4,easy,LSTM-AE,42,
0.3493792859413556,0.9701558536910959,0.1935483870967742,0.12,0.5,0.004405286343612335,6,44,9944,6,1.488121438026426,1233.3580999984406,10.069600015413016,0,3,4,easy,LSTM-AE,123,
0.3580652697653908,0.9716075957816046,0.1935483870967742,0.12,0.5,0.004405286343612335,6,44,9944,6,1.486039722561834,1218.7051000073552,9.615899994969368,0,3,4,easy,LSTM-AE,456,
0.13411660238829173,0.8725804298491524,0.16129032258064516,0.1,0.4166666666666667,0.0045054064877853425,5,45,9943,7,0.9132846636759393,370.1576000021305,58.777400001417845,0,3,4,easy,CA-DIF-EIA,42,
0.19491439196633015,0.9579662261380324,0.1935483870967742,0.12,0.5,0.004405286343612335,6,44,9944,6,0.9869557994937237,398.4362999908626,51.37490000925027,0,3,4,easy,CA-DIF-EIA,123,
0.18971829993583758,0.9712321452409558,0.16129032258064516,0.1,0.4166666666666667,0.0045054064877853425,5,45,9943,7,0.9556399393651701,374.19979998958297,60.269400011748075,0,3,4,easy,CA-DIF-EIA,456,
0.07898929807702604,0.9400071752769991,0.0625,0.038461538461538464,0.16666666666666666,0.005006007208650381,2,50,9938,10,0.72,2585.162599978503,1475.8526000077836,0,3,4,easy,sHST-River,42,
0.17302074814769247,0.9075056734748365,0.06451612903225806,0.04,0.16666666666666666,0.004805766920304365,2,48,9940,10,0.7100249999999959,2868.4842999791726,1618.5745999973733,0,3,4,easy,sHST-River,123,
0.007855420355018768,0.8690136497129889,0.03225806451612903,0.02,0.08333333333333333,0.0049058870644773725,1,49,9939,11,0.7150249999999959,3154.9638000142295,1305.0343999930192,0,3,4,easy,sHST-River,456,
0.3443082591761279,0.9838890001334936,0.1935483870967742,0.12,0.5,0.004405286343612335,6,44,9944,6,8.500470302872474,38.996699993731454,1059.132900001714,0,3,4,easy,MemStream,42,
0.3443082591761279,0.9838890001334936,0.1935483870967742,0.12,0.5,0.004405286343612335,6,44,9944,6,8.500470302872474,34.48170001502149,834.5084000029601,0,3,4,easy,MemStream,123,
0.3443082591761279,0.9838890001334936,0.1935483870967742,0.12,0.5,0.004405286343612335,6,44,9944,6,8.500470302872474,22.04899999196641,897.6679000188597,0,3,4,easy,MemStream,456,
0.008544505209437166,0.7840742224002135,0.03076923076923077,0.01694915254237288,0.16666666666666666,0.011613936724068883,2,116,9872,10,0.58,282.9075999907218,62.78420001035556,0,3,4,easy,IForestASD,42,
0.1032804531407586,0.9041224469363236,0.050359712230215826,0.02631578947368421,0.5833333333333334,0.02593111734080897,7,259,9729,5,0.52,267.8431999811437,51.71120000886731,0,3,4,easy,IForestASD,123,
0.004254410926119683,0.7630072753971433,0.028985507246376812,0.017543859649122806,0.08333333333333333,0.005606728073688426,1,56,9932,11,0.62,234.02329999953508,51.6248999920208,0,3,4,easy,IForestASD,456,
0.1295830922161037,0.8923791883593646,0.16129032258064516,0.1,0.4166666666666667,0.0045054064877853425,5,45,9943,7,1.00471500283297,268.27480000793,69.04259999282658,0,3,4,easy,CA-DIF-EIA (streaming),42,
0.19513284327354724,0.9525513950073421,0.1935483870967742,0.12,0.5,0.004405286343612335,6,44,9944,6,0.9358919107559067,249.84829997993074,52.09050001576543,0,3,4,easy,CA-DIF-EIA (streaming),123,
0.22679974687748675,0.9678280603390735,0.16129032258064516,0.1,0.4166666666666667,0.0045054064877853425,5,45,9943,7,1.0004725928464997,248.00880000111647,64.12920000730082,0,3,4,easy,CA-DIF-EIA (streaming),456,
0.014800149148738753,0.9611481720801973,0.03522504892367906,0.018,0.8181818181818182,0.04915406947642407,9,491,9498,2,0.5884516556272147,376.90760000259615,69.57459999830462,0,3,4,medium,sklearn_IF,42,
0.016963437796198372,0.9620036585698813,0.038781163434903045,0.02,0.6363636363636364,0.03433777154870357,7,343,9646,4,0.6113709734391488,427.83989998861216,82.24430002155714,0,3,4,medium,sklearn_IF,123,
0.01328228927051046,0.9564611982271407,0.03470715835140998,0.017777777777777778,0.7272727272727273,0.044248673540894984,8,442,9547,3,0.5896587071060005,391.0541000077501,82.52190001076087,0,3,4,medium,sklearn_IF,456,
0.1199653852870429,0.9936384568479874,0.22950819672131148,0.14,0.6363636363636364,0.004304735208729603,7,43,9946,4,10.026245126589158,117.07290000049397,150.90440001222305,0,3,4,medium,sklearn_OCSVM,42,
0.12302615481661482,0.9934473375258238,0.26229508196721313,0.16,0.7272727272727273,0.004204625087596356,8,42,9947,3,10.176590270775733,105.5188000027556,132.68179999431595,0,3,4,medium,sklearn_OCSVM,123,
0.10765436149071397,0.9930377961211878,0.22950819672131148,0.14,0.6363636363636364,0.004304735208729603,7,43,9946,4,11.404956086307113,120.8164999843575,129.1559000092093,0,3,4,medium,sklearn_OCSVM,456,
0.11784833997207951,0.9856569499176366,0.26229508196721313,0.16,0.7272727272727273,0.004204625087596356,8,42,9947,3,0.7720880913734413,312.47619999339804,148.6002999881748,0,3,4,medium,sklearn_LOF,42,
0.11784833997207951,0.9856569499176366,0.26229508196721313,0.16,0.7272727272727273,0.004204625087596356,8,42,9947,3,0.7720880913734413,290.59860002598725,136.0765999997966,0,3,4,medium,sklearn_LOF,123,
0.11784833997207951,0.9856569499176366,0.26229508196721313,0.16,0.7272727272727273,0.004204625087596356,8,42,9947,3,0.7720880913734413,292.2913999937009,296.73859998001717,0,3,4,medium,sklearn_LOF,456,
0.034292442458942814,0.9649250539229516,0.09836065573770492,0.06,0.2727272727272727,0.004705175693262589,3,47,9942,8,1.5612619692087162,1260.2745000040159,9.942799981217831,0,3,4,medium,LSTM-AE,42,
0.033832591989108374,0.9651161732451151,0.09836065573770492,0.06,0.2727272727272727,0.004705175693262589,3,47,9942,8,1.557338867783542,1255.750899988925,10.398300015367568,0,3,4,medium,LSTM-AE,123,
0.03569010072566587,0.9664540085002593,0.09009009009009009,0.05,0.45454545454545453,0.009510461507658424,5,95,9894,6,1.3975291085243229,1227.193199971225,10.513299988815561,0,3,4,medium,LSTM-AE,456,
0.03440213491228314,0.8212306264163307,0.13114754098360656,0.08,0.36363636363636365,0.004605065572129342,4,46,9943,7,0.9180667638127834,389.16489999974146,56.73169999499805,0,3,4,medium,CA-DIF-EIA,42,
0.04644709677610626,0.9678009446755067,0.13114754098360656,0.08,0.36363636363636365,0.004605065572129342,4,46,9943,7,0.9856947241066732,407.5382000009995,54.73620002157986,0,3,4,medium,CA-DIF-EIA,123,
0.0437051117868659,0.9670455683069556,0.10810810810810811,0.06,0.5454545454545454,0.009410351386525177,6,94,9895,5,0.9174921229903753,386.6810000035912,60.989299992797896,0,3,4,medium,CA-DIF-EIA,456,
0.005980755028939977,0.8914032708706849,0.03076923076923077,0.018518518518518517,0.09090909090909091,0.005305836420062068,1,53,9936,10,0.725,2665.6606000033207,1359.6095999819227,0,3,4,medium,sHST-River,42,
0.00508250820178797,0.8783434505228478,0.02564102564102564,0.014925373134328358,0.09090909090909091,0.006607267994794274,1,66,9923,10,0.715,3119.7319000202697,1356.7332999955397,0,3,4,medium,sHST-River,123,
0.0036544832468127057,0.833730740177832,0.013422818791946308,0.006968641114982578,0.18181818181818182,0.028531384522975274,2,285,9704,9,0.68,3137.2203000064474,1271.2605000124313,0,3,4,medium,sHST-River,456,
0.07132042358084843,0.9791406911238727,0.19672131147540983,0.12,0.5454545454545454,0.004404845329862849,6,44,9945,5,9.0510805651354,21.23140002368018,829.334200010635,0,3,4,medium,MemStream,42,
0.07132042358084843,0.9791406911238727,0.19672131147540983,0.12,0.5454545454545454,0.004404845329862849,6,44,9945,5,9.0510805651354,20.616900001186877,768.4668999863788,0,3,4,medium,MemStream,123,
0.07132042358084843,0.9791406911238727,0.19672131147540983,0.12,0.5454545454545454,0.004404845329862849,6,44,9945,5,9.0510805651354,20.364999974844977,843.9068000006955,0,3,4,medium,MemStream,456,
0.00378387171480605,0.7849452579655803,0.014778325123152709,0.00749063670411985,0.5454545454545454,0.07958754630093103,6,795,9194,5,0.46,261.4954000164289,47.79629997210577,0,3,4,medium,IForestASD,42,
0.009153780905175931,0.8757087341530229,0.02857142857142857,0.014669926650366748,0.5454545454545454,0.04034437881669837,6,403,9586,5,0.48,217.86820000852458,45.96059999312274,0,3,4,medium,IForestASD,123,
0.001667668596458629,0.6712656649587273,0.005143591941705958,0.002583979328165375,0.5454545454545454,0.23185504054459907,6,2316,7673,5,0.4,257.9425000003539,51.744199998211116,0,3,4,medium,IForestASD,456,
0.03359847039324934,0.8320880240992364,0.13114754098360656,0.08,0.36363636363636365,0.004605065572129342,4,46,9943,7,1.014447012343748,236.70310000306927,57.81339999521151,0,3,4,medium,CA-DIF-EIA (streaming),42,
0.050569479491663565,0.9702763949435288,0.13114754098360656,0.08,0.36363636363636365,0.004605065572129342,4,46,9943,7,0.9427781597688161,251.59880000865087,55.70100000477396,0,3,4,medium,CA-DIF-EIA (streaming),123,
0.04104764414959078,0.9670819719873679,0.10810810810810811,0.06,0.5454545454545454,0.009410351386525177,6,94,9895,5,0.9580307402929934,247.9477000015322,63.17249999847263,0,3,4,medium,CA-DIF-EIA (streaming),456,
0.014531556282003005,0.9589569841746365,0.07017543859649122,0.04,0.2857142857142857,0.004803362353647553,2,48,9945,5,0.6709691309503353,437.0117000071332,75.82180001190864,0,3,4,hard,sklearn_IF,42,
0.019236797971694204,0.9525525010364398,0.07017543859649122,0.04,0.2857142857142857,0.004803362353647553,2,48,9945,5,0.6633981746640663,424.8220000008587,69.87750000553206,0,3,4,hard,sklearn_IF,123,
0.011534105091796493,0.9532672871009706,0.037383177570093455,0.02,0.2857142857142857,0.009806864805363755,2,98,9895,5,0.6518549336380045,420.83799999090843,71.38079998549074,0,3,4,hard,sklearn_IF,456,
0.04127276325505826,0.9868193449700504,0.07476635514018691,0.04,0.5714285714285714,0.009606724707295107,4,96,9897,3,5.826182365148056,111.24430000199936,145.05900000222027,0,3,4,hard,sklearn_OCSVM,42,
0.0435225011800241,0.9861903332332632,0.07476635514018691,0.04,0.5714285714285714,0.009606724707295107,4,96,9897,3,5.724876161968306,192.60510001913644,180.29550000210293,0,3,4,hard,sklearn_OCSVM,123,
0.03739651024261754,0.9855184343326043,0.07476635514018691,0.04,0.5714285714285714,0.009606724707295107,4,96,9897,3,6.326821966392127,113.76649999874644,135.7768999878317,0,3,4,hard,sklearn_OCSVM,456,
0.019764308199160602,0.9577132564223527,0.07017543859649122,0.04,0.2857142857142857,0.004803362353647553,2,48,9945,5,0.6728677618503511,331.3431999995373,138.06100000510924,0,3,4,hard,sklearn_LOF,42,
0.019764308199160602,0.9577132564223527,0.07017543859649122,0.04,0.2857142857142857,0.004803362353647553,2,48,9945,5,0.6728677618503511,312.1650000102818,141.07509999303147,0,3,4,hard,sklearn_LOF,123,
0.019764308199160602,0.9577132564223527,0.07017543859649122,0.04,0.2857142857142857,0.004803362353647553,2,48,9945,5,0.6728677618503511,313.55510000139475,134.85689999652095,0,3,4,hard,sklearn_LOF,456,
0.026054818234589144,0.9500507498105817,0.07017543859649122,0.04,0.2857142857142857,0.004803362353647553,2,48,9945,5,1.4722294217348033,1431.8261000153143,11.154700012411922,0,3,4,hard,LSTM-AE,42,
0.0260845337951859,0.949850609712513,0.07017543859649122,0.04,0.2857142857142857,0.004803362353647553,2,48,9945,5,1.4901107072830198,1269.5279000035953,10.694800002966076,0,3,4,hard,LSTM-AE,123,
0.029688115161082978,0.9481923060428014,0.07017543859649122,0.04,0.2857142857142857,0.004803362353647553,2,48,9945,5,1.490565248727796,1538.1534000043757,12.779299984686077,0,3,4,hard,LSTM-AE,456,
0.010292187902343724,0.7740275335592057,0.037383177570093455,0.02,0.2857142857142857,0.009806864805363755,2,98,9895,5,0.8644504028199858,404.3505000008736,62.52479998511262,0,3,4,hard,CA-DIF-EIA,42,
0.017402103610774856,0.8219896784892282,0.07017543859649122,0.04,0.2857142857142857,0.004803362353647553,2,48,9945,5,0.9845976749112567,435.6145999918226,54.494199983309954,0,3,4,hard,CA-DIF-EIA,123,
0.008788338416701201,0.8680790839301796,0.03508771929824561,0.02,0.14285714285714285,0.0049034324026818775,1,49,9944,6,0.9559268617901506,381.91850000293925,60.86329999379814,0,3,4,hard,CA-DIF-EIA,456,
0.0045350292654671755,0.8721748080799416,0.03225806451612903,0.01818181818181818,0.14285714285714285,0.005403782647853498,1,54,9939,6,0.72,2626.9704999867827,1280.4032000130974,0,3,4,hard,sHST-River,42,
0.005381613118633584,0.9094866406484539,0.029411764705882353,0.01639344262295082,0.14285714285714285,0.006004202942059442,1,60,9933,6,0.71,2767.146699974546,1334.1619000129867,0,3,4,hard,sHST-River,123,
0.0023396962732636015,0.8535832225414933,0.006920415224913495,0.0035460992907801418,0.14285714285714285,0.02811968377864505,1,281,9712,6,0.68,2993.559099995764,1337.5034000200685,0,3,4,hard,sHST-River,456,
0.021889480565977434,0.9624165487269661,0.07017543859649122,0.04,0.2857142857142857,0.004803362353647553,2,48,9945,5,8.319585462636923,23.541900009149686,790.4784999846015,0,3,4,hard,MemStream,42,
0.021889480565977434,0.9624165487269661,0.07017543859649122,0.04,0.2857142857142857,0.004803362353647553,2,48,9945,5,8.319585462636923,21.676400006981567,838.7405000103172,0,3,4,hard,MemStream,123,
0.021889480565977434,0.9624165487269661,0.07017543859649122,0.04,0.2857142857142857,0.004803362353647553,2,48,9945,5,8.319585462636923,21.196699992287904,816.8158000044059,0,3,4,hard,MemStream,456,
0.0020329487563362446,0.6497405326585752,0.011673151750972763,0.005917159763313609,0.42857142857142855,0.05043530471329931,3,504,9489,4,0.5,222.6377000042703,47.733499988680705,0,3,4,hard,IForestASD,42,
0.004937657100645047,0.7903103601092194,0.02702702702702703,0.014925373134328358,0.14285714285714285,0.006604623236265386,1,66,9927,6,0.6,260.21559999207966,51.07670000870712,0,3,4,hard,IForestASD,123,
0.0013619462073387835,0.6899829880916641,0.005865102639296188,0.002962962962962963,0.2857142857142857,0.06734714300010007,2,673,9320,5,0.48,274.2050999950152,48.869899997953326,0,3,4,hard,IForestASD,456,
0.009619298325574262,0.7681376963874713,0.03508771929824561,0.02,0.14285714285714285,0.0049034324026818775,1,49,9944,6,0.9927992377458373,239.50500000501052,63.20079998113215,0,3,4,hard,CA-DIF-EIA (streaming),42,
0.019382886743442598,0.8359708939114523,0.07017543859649122,0.04,0.2857142857142857,0.004803362353647553,2,48,9945,5,0.9369947839296716,249.8040999926161,69.5648999826517,0,3,4,hard,CA-DIF-EIA (streaming),123,
0.012036374283613115,0.873082586381896,0.03508771929824561,0.02,0.14285714285714285,0.0049034324026818775,1,49,9944,6,0.999497657015772,233.89430000679567,71.32950000232086,0,3,4,hard,CA-DIF-EIA (streaming),456,
0.028090050788194248,0.9557896317053642,0.07407407407407407,0.04,0.5,0.009607686148919135,4,96,9896,4,0.6462298745785371,402.953399985563,78.887699986808,0,4,5,easy,sklearn_IF,42,
0.04781649947484875,0.9632956365092074,0.10344827586206896,0.06,0.375,0.004703763010408327,3,47,9945,5,0.6646086432712439,483.2649000163656,95.02649999922141,0,4,5,easy,sklearn_IF,123,
0.0672298539008572,0.958154023218575,0.10344827586206896,0.06,0.375,0.004703763010408327,3,47,9945,5,0.6581349183960146,384.55160000012256,75.31980000203475,0,4,5,easy,sklearn_IF,456,
0.27911780816762694,0.9926441152922338,0.20689655172413793,0.12,0.75,0.004403522818254604,6,44,9948,2,8.627653465093987,153.74329997575842,188.31630001659505,0,4,5,easy,sklearn_OCSVM,42,
0.32654155251085465,0.992681645316253,0.20689655172413793,0.12,0.75,0.004403522818254604,6,44,9948,2,8.885640210214092,109.87469999236055,137.2609999962151,0,4,5,easy,sklearn_OCSVM,123,
0.29082295287284704,0.9928567854283427,0.20689655172413793,0.12,0.75,0.004403522818254604,6,44,9948,2,8.443992291627662,111.17320001358166,135.58089997968636,0,4,5,easy,sklearn_OCSVM,456,
0.22816315483155183,0.9938450760608486,0.1724137931034483,0.1,0.625,0.0045036028823058445,5,45,9947,3,0.7417224264144804,486.57820001244545,137.47250000596978,0,4,5,easy,sklearn_LOF,42,
0.22816315483155183,0.9938450760608486,0.1724137931034483,0.1,0.625,0.0045036028823058445,5,45,9947,3,0.7417224264144804,388.95490000140853,154.17679998790845,0,4,5,easy,sklearn_LOF,123,
0.22816315483155183,0.9938450760608486,0.1724137931034483,0.1,0.625,0.0045036028823058445,5,45,9947,3,0.7417224264144804,329.9494999810122,247.24050000077114,0,4,5,easy,sklearn_LOF,456,
0.2126659037582839,0.9683371697357888,0.1724137931034483,0.1,0.625,0.0045036028823058445,5,45,9947,3,1.4521360832452708,1332.6283000060357,10.26159999310039,0,4,5,easy,LSTM-AE,42,
0.21679445525675514,0.9702512009607686,0.1724137931034483,0.1,0.625,0.0045036028823058445,5,45,9947,3,1.460545206069938,1256.122199993115,10.256400011712685,0,4,5,easy,LSTM-AE,123,
0.2179365556501022,0.9708391713370697,0.1724137931034483,0.1,0.625,0.0045036028823058445,5,45,9947,3,1.4566510993242068,1156.9646999996621,10.114700009580702,0,4,5,easy,LSTM-AE,456,
0.2974251325259276,0.7841022818254603,0.13793103448275862,0.08,0.5,0.004603682946357086,4,46,9946,4,0.9565006412023593,362.8182999964338,57.137399999191985,0,4,5,easy,CA-DIF-EIA,42,
0.08233856222047327,0.9688500800640513,0.13793103448275862,0.08,0.5,0.004603682946357086,4,46,9946,4,1.0180314717688308,363.7250000028871,51.8512999988161,0,4,5,easy,CA-DIF-EIA,123,
0.3805945539204912,0.9491718374699759,0.13793103448275862,0.08,0.5,0.004603682946357086,4,46,9946,4,0.9599514553487913,376.6202999977395,77.51969998935238,0,4,5,easy,CA-DIF-EIA,456,
0.024106869389252467,0.9605434347477982,0.0967741935483871,0.05555555555555555,0.375,0.005104083266613291,3,51,9941,5,0.71,2628.437599982135,1280.3729000152089,0,4,5,easy,sHST-River,42,
0.033409122229711694,0.9497472978382707,0.1,0.057692307692307696,0.375,0.004903923138510809,3,49,9943,5,0.71,2702.5614000158384,1279.4123999774456,0,4,5,easy,sHST-River,123,
0.06908200523784402,0.9358236589271417,0.07407407407407407,0.04,0.5,0.009607686148919135,4,96,9896,4,0.6950500000000011,2887.371200020425,1502.1584999922197,0,4,5,easy,sHST-River,456,
0.2183878200078689,0.9850630504403521,0.20689655172413793,0.12,0.75,0.004403522818254604,6,44,9948,2,7.889770017655998,27.731600013794377,754.7827999806032,0,4,5,easy,MemStream,42,
0.2183878200078689,0.9850630504403521,0.20689655172413793,0.12,0.75,0.004403522818254604,6,44,9948,2,7.889770017655998,22.902199998497963,841.7736999981571,0,4,5,easy,MemStream,123,
0.2183878200078689,0.9850630504403521,0.20689655172413793,0.12,0.75,0.004403522818254604,6,44,9948,2,7.889770017655998,21.75569999963045,796.6144000238273,0,4,5,easy,MemStream,456,
0.017263664049570634,0.8912192253803043,0.09523809523809523,0.05454545454545454,0.375,0.005204163330664532,3,52,9940,5,0.58,215.4924999922514,45.90189998270944,0,4,5,easy,IForestASD,42,
0.0424116525855204,0.9719400520416333,0.09523809523809523,0.05454545454545454,0.375,0.005204163330664532,3,52,9940,5,0.6,226.47270001471043,47.072799992747605,0,4,5,easy,IForestASD,123,
0.0029346024070854046,0.7610776120896717,0.010676156583629894,0.005415162454873646,0.375,0.055144115292233786,3,551,9441,5,0.48,208.98629998555407,50.74599999352358,0,4,5,easy,IForestASD,456,
0.29767175562783604,0.7792358887109687,0.13793103448275862,0.08,0.5,0.004603682946357086,4,46,9946,4,0.9924951060588377,247.87650001235306,56.03619999601506,0,4,5,easy,CA-DIF-EIA (streaming),42,
0.09382114072711442,0.9739916933546837,0.1724137931034483,0.1,0.625,0.0045036028823058445,5,45,9947,3,0.9486268785982175,247.4882999958936,51.452499988954514,0,4,5,easy,CA-DIF-EIA (streaming),123,
0.4072949429822131,0.940927742193755,0.13793103448275862,0.08,0.5,0.004603682946357086,4,46,9946,4,0.9786491112554251,238.18919999757782,60.356999980285764,0,4,5,easy,CA-DIF-EIA (streaming),456,
0.13175660631850486,0.9247547547547548,0.06666666666666667,0.04,0.2,0.004804804804804805,2,48,9942,8,0.6568247408246017,396.82470000116155,71.15350000094622,0,4,5,medium,sklearn_IF,42,
0.0637253323095437,0.9388788788788789,0.06666666666666667,0.04,0.2,0.004804804804804805,2,48,9942,8,0.6581369885695225,394.64110002154484,68.46299997414462,0,4,5,medium,sklearn_IF,123,
0.20582458378391805,0.9345445445445446,0.06666666666666667,0.04,0.2,0.004804804804804805,2,48,9942,8,0.6583324723378412,364.09209997509606,66.86300001456402,0,4,5,medium,sklearn_IF,456,
0.09415439570261423,0.9927827827827829,0.16666666666666666,0.1,0.5,0.0045045045045045045,5,45,9945,5,8.532816561070582,105.56379999616183,211.655699997209,0,4,5,medium,sklearn_OCSVM,42,
0.09719949259610902,0.9926926926926927,0.16666666666666666,0.1,0.5,0.0045045045045045045,5,45,9945,5,8.810568669990742,123.27959999674931,146.90310001606122,0,4,5,medium,sklearn_OCSVM,123,
0.09196351434367105,0.9927227227227228,0.16666666666666666,0.1,0.5,0.0045045045045045045,5,45,9945,5,8.104803841110012,105.08959999424405,128.83540001348592,0,4,5,medium,sklearn_OCSVM,456,
0.12177414991586272,0.9916316316316316,0.2,0.12,0.6,0.004404404404404405,6,44,9946,4,0.8181413686275415,278.259499988053,145.170900010271,0,4,5,medium,sklearn_LOF,42,
0.12177414991586272,0.9916316316316316,0.2,0.12,0.6,0.004404404404404405,6,44,9946,4,0.8181413686275415,274.16979998815805,139.6701000048779,0,4,5,medium,sklearn_LOF,123,
0.12177414991586272,0.9916316316316316,0.2,0.12,0.6,0.004404404404404405,6,44,9946,4,0.8181413686275415,394.5323000079952,144.11930000642315,0,4,5,medium,sklearn_LOF,456,
0.031200980511466105,0.947097097097097,0.06666666666666667,0.04,0.2,0.004804804804804805,2,48,9942,8,1.4525078219175303,1348.9934999961406,11.071000015363097,0,4,5,medium,LSTM-AE,42,
0.030987145227451957,0.9453753753753754,0.06666666666666667,0.04,0.2,0.004804804804804805,2,48,9942,8,1.45288404226303,1385.135500022443,11.560000013560057,0,4,5,medium,LSTM-AE,123,
0.03129591472713339,0.9485685685685685,0.06666666666666667,0.04,0.2,0.004804804804804805,2,48,9942,8,1.4509702301025358,1362.775599991437,10.54160000057891,0,4,5,medium,LSTM-AE,456,
0.013734192504394817,0.8079979979979981,0.06666666666666667,0.04,0.2,0.004804804804804805,2,48,9942,8,0.9596128973946514,392.9138000239618,56.223300023702905,0,4,5,medium,CA-DIF-EIA,42,
0.09236353120692853,0.9382382382382383,0.06666666666666667,0.04,0.2,0.004804804804804805,2,48,9942,8,1.0045397065846569,386.5531000192277,53.4062999940943,0,4,5,medium,CA-DIF-EIA,123,
0.03184881392959636,0.964924924924925,0.1,0.06,0.3,0.004704704704704705,3,47,9943,7,0.9804815110380127,419.2128999857232,79.95630000368692,0,4,5,medium,CA-DIF-EIA,456,
0.20429898883161052,0.8799249249249249,0.06349206349206349,0.03773584905660377,0.2,0.005105105105105105,2,51,9939,8,0.715,2678.4056999895256,1338.542800018331,0,4,5,medium,sHST-River,42,
0.20314405446838293,0.8475975975975976,0.06666666666666667,0.04,0.2,0.004804804804804805,2,48,9942,8,0.7050249999999959,2849.764700018568,1295.4233999771532,0,4,5,medium,sHST-River,123,
0.06144679548333985,0.8456106106106106,0.05263157894736842,0.030303030303030304,0.2,0.006406406406406407,2,64,9926,8,0.705,2541.025000013178,1334.0289999905508,0,4,5,medium,sHST-River,456,
0.05916102523384544,0.9781481481481481,0.13333333333333333,0.08,0.4,0.004604604604604604,4,46,9944,6,7.902862574832453,20.710599987069145,747.4843999953009,0,4,5,medium,MemStream,42,
0.05916102523384544,0.9781481481481481,0.13333333333333333,0.08,0.4,0.004604604604604604,4,46,9944,6,7.902862574832453,20.821299985982478,813.0556000105571,0,4,5,medium,MemStream,123,
0.05916102523384544,0.9781481481481481,0.13333333333333333,0.08,0.4,0.004604604604604604,4,46,9944,6,7.902862574832453,20.839400007389486,748.2680999964941,0,4,5,medium,MemStream,456,
0.01448414026046484,0.8028478478478478,0.04081632653061224,0.022727272727272728,0.2,0.008608608608608608,2,86,9904,8,0.56,230.3130000072997,46.52929998701438,0,4,5,medium,IForestASD,42,
0.09999826309499225,0.9257907907907907,0.06349206349206349,0.03773584905660377,0.2,0.005105105105105105,2,51,9939,8,0.6,209.50260001700372,55.01229999936186,0,4,5,medium,IForestASD,123,
0.001550311563572301,0.5166516516516516,0.01509433962264151,0.00784313725490196,0.2,0.025325325325325325,2,253,9737,8,0.52,231.85710000689141,57.37470000167377,0,4,5,medium,IForestASD,456,
0.01207812456727899,0.7913213213213214,0.06666666666666667,0.04,0.2,0.004804804804804805,2,48,9942,8,0.9852924353894632,218.65019999677315,54.6471000125166,0,4,5,medium,CA-DIF-EIA (streaming),42,
0.07659309679816426,0.9434034034034033,0.06666666666666667,0.04,0.2,0.004804804804804805,2,48,9942,8,0.9348671614769328,227.25070000160486,53.53240002295934,0,4,5,medium,CA-DIF-EIA (streaming),123,
0.03369505881820474,0.9573573573573574,0.1,0.06,0.3,0.004704704704704705,3,47,9943,7,0.9909806032456733,242.30809998698533,62.97860000631772,0,4,5,medium,CA-DIF-EIA (streaming),456,
0.0027819664834524906,0.8147689731431847,0.007540056550424128,0.0038095238095238095,0.36363636363636365,0.10471518670537591,4,1046,8943,7,0.5480414439939092,388.21410000673495,68.68819997180253,0,4,5,hard,sklearn_IF,42,
0.0033328328913069805,0.8448566150037768,0.009291521486643438,0.004705882352941176,0.36363636363636365,0.0846931624787266,4,846,9143,7,0.561352820138926,379.82620002003387,68.01079999422655,0,4,5,hard,sklearn_IF,123,
0.0031008769291581157,0.831086922887904,0.008781558726673985,0.0044444444444444444,0.36363636363636365,0.08969866853538892,4,896,9093,7,0.552466890883611,393.9697000023443,69.15489997481927,0,4,5,hard,sklearn_IF,456,
0.026186613105722067,0.9758461580465785,0.07453416149068323,0.04,0.5454545454545454,0.014415857443187506,6,144,9845,5,4.382881032903311,105.7798000110779,128.962099988712,0,4,5,hard,sklearn_OCSVM,42,
0.02769313383661847,0.976856360178014,0.09009009009009009,0.05,0.45454545454545453,0.009510461507658424,5,95,9894,6,5.240243094059103,106.11710001830943,132.0007999893278,0,4,5,hard,sklearn_OCSVM,123,
0.027085548902114613,0.9780212779512008,0.07453416149068323,0.04,0.5454545454545454,0.014415857443187506,6,144,9845,5,4.4310476636695775,105.59710001689382,128.67859998368658,0,4,5,hard,sklearn_OCSVM,456,
0.02292165339172786,0.6647858098453754,0.06557377049180328,0.04,0.18181818181818182,0.004805285814395836,2,48,9941,9,0.6786235988140051,275.20190001814626,146.96280000498518,0,4,5,hard,sklearn_LOF,42,
0.02292165339172786,0.6647858098453754,0.06557377049180328,0.04,0.18181818181818182,0.004805285814395836,2,48,9941,9,0.6786235988140051,366.4025999896694,215.50109999952838,0,4,5,hard,sklearn_LOF,123,
0.02292165339172786,0.6647858098453754,0.06557377049180328,0.04,0.18181818181818182,0.004805285814395836,2,48,9941,9,0.6786235988140051,299.18189998716116,135.99229999817908,0,4,5,hard,sklearn_LOF,456,
0.004419343999817077,0.8870484806013889,0.012040939193257074,0.006060606060606061,0.9090909090909091,0.16418059865852438,10,1640,8349,1,0.482936161905527,1255.31169999158,10.559999995166436,0,4,5,hard,LSTM-AE,42,
0.0038974910322497045,0.8712401823824388,0.011043622308117063,0.005555555555555556,0.9090909090909091,0.17919711682851136,10,1790,8199,1,0.46451777458190924,1168.4212999825832,10.371999989729375,0,4,5,hard,LSTM-AE,123,
0.004209990276363942,0.8810691760937029,0.012040939193257074,0.006060606060606061,0.9090909090909091,0.16418059865852438,10,1640,8349,1,0.48457955762743943,1471.2232000019867,11.782699992181733,0,4,5,hard,LSTM-AE,456,
0.0016288483388333457,0.591532503936148,0.008676789587852495,0.0044444444444444444,0.18181818181818182,0.04484933426769446,2,448,9541,9,0.7850681861402898,408.6669999815058,60.93550001969561,0,4,5,hard,CA-DIF-EIA,42,
0.0014618778971347618,0.6637119012732188,0.0021493820526598604,0.001081081081081081,0.18181818181818182,0.18500350385423966,2,1848,8141,9,0.7278692464506807,408.82219999912195,54.36009998084046,0,4,5,hard,CA-DIF-EIA,123,
0.0029455368356382807,0.827464756686901,0.007522837184309511,0.0037837837837837837,0.6363636363636364,0.18450295324857344,7,1843,8146,4,0.7127542637862426,406.27400000812486,83.3604000217747,0,4,5,hard,CA-DIF-EIA,456,
0.0017018944226564062,0.662583387180444,0.006493506493506494,0.0032858707557502738,0.2727272727272727,0.09110021023125438,3,910,9079,8,0.595,2937.1159999864176,1438.221499993233,0,4,5,hard,sHST-River,42,
0.0014631230645230527,0.5489720510743636,0.0050062578222778474,0.002520478890989288,0.36363636363636365,0.1584743217539293,4,1583,8406,7,0.545,2759.117600013269,1399.882500001695,0,4,5,hard,sHST-River,123,
0.0013319096092737097,0.5352569644791089,0.005398110661268556,0.002719238613188307,0.36363636363636365,0.14686154770247273,4,1467,8522,7,0.59,3128.2677999988664,1606.9907000055537,0,4,5,hard,sHST-River,456,
0.006480203215888304,0.8998352733461353,0.024844720496894408,0.013333333333333334,0.18181818181818182,0.014816297927720493,2,148,9841,9,6.276194248386067,20.890000014333054,889.4778999965638,0,4,5,hard,MemStream,42,
0.006480203215888304,0.8998352733461353,0.024844720496894408,0.013333333333333334,0.18181818181818182,0.014816297927720493,2,148,9841,9,6.276194248386067,21.158199990168214,1006.5171000023838,0,4,5,hard,MemStream,123,
0.006480203215888304,0.8998352733461353,0.024844720496894408,0.013333333333333334,0.18181818181818182,0.014816297927720493,2,148,9841,9,6.276194248386067,25.874400016618893,828.4027999907266,0,4,5,hard,MemStream,456,
0.0012255646416527858,0.5903721366230126,0.002803083391730904,0.0014124293785310734,0.18181818181818182,0.14155571128241065,2,1414,8575,9,0.4,223.8982999988366,46.877200016751885,0,4,5,hard,IForestASD,42,
0.0016855701947021046,0.6442950882334203,0.0071090047393364926,0.003601440576230492,0.2727272727272727,0.08309140054059465,3,830,9159,8,0.42,219.8997999948915,50.10350001975894,0,4,5,hard,IForestASD,123,
0.0007223594800098356,0.31702145086868283,0.0,0.0,0.0,0.03944338772649915,0,394,9595,11,0.5,286.07540001394227,63.63309998414479,0,4,5,hard,IForestASD,456,
0.0015200966387090226,0.5599796139389692,0.007827788649706457,0.004,0.18181818181818182,0.049854840324356796,2,498,9491,9,0.7990017025767338,255.7276000152342,58.398199995281175,0,4,5,hard,CA-DIF-EIA (streaming),42,
0.001624395222977776,0.6967209384868811,0.002628120893561104,0.0013333333333333333,0.09090909090909091,0.07498248072880168,1,749,9240,10,0.7630087869818948,218.07889998308383,53.29640000127256,0,4,5,hard,CA-DIF-EIA (streaming),123,
0.0028991831047233707,0.8158883863158566,0.007930214115781126,0.004,0.45454545454545453,0.12463710081089198,5,1245,8744,6,0.7723530750351684,246.3774999778252,65.68269999115728,0,4,5,hard,CA-DIF-EIA (streaming),456,
0.018357769345118825,0.9217905067093931,0.0625,0.04,0.14285714285714285,0.004806729421189666,2,48,9938,12,0.6559367815817497,425.59929998242296,76.91750000230968,0,5,6,easy,sklearn_IF,42,
0.024733429324736055,0.9557451861177076,0.09375,0.06,0.21428571428571427,0.004706589224914881,3,47,9939,11,0.6645004050533716,444.7638999845367,76.19490000070073,0,5,6,easy,sklearn_IF,123,
0.021711100903007742,0.9364825040771366,0.07017543859649122,0.04,0.2857142857142857,0.009613458842379331,4,96,9890,10,0.6491373535411151,424.64949999703094,71.12939999205992,0,5,6,easy,sklearn_IF,456,
0.34803167812610647,0.966789219192584,0.21875,0.14,0.5,0.004306028439815742,7,43,9943,7,7.86618897563175,108.36319997906685,146.1944000038784,0,5,6,easy,sklearn_OCSVM,42,
0.32519696271362486,0.9676261051185946,0.21875,0.14,0.5,0.004306028439815742,7,43,9943,7,7.667190931844082,108.29390000435524,136.86820000293665,0,5,6,easy,sklearn_OCSVM,123,
0.23242584195496432,0.9701510686389517,0.25,0.16,0.5714285714285714,0.004205888243540957,8,42,9944,6,7.5684049422744,127.35970001085661,140.23940000333823,0,5,6,easy,sklearn_OCSVM,456,
0.2510078058239959,0.9959729335355213,0.25,0.16,0.5714285714285714,0.004205888243540957,8,42,9944,6,0.6480387926101469,294.78799999924377,170.29690000345,0,5,6,easy,sklearn_LOF,42,
0.2510078058239959,0.9959729335355213,0.25,0.16,0.5714285714285714,0.004205888243540957,8,42,9944,6,0.6480387926101469,381.44050000119023,174.8039000085555,0,5,6,easy,sklearn_LOF,123,
0.2510078058239959,0.9959729335355213,0.25,0.16,0.5714285714285714,0.004205888243540957,8,42,9944,6,0.6480387926101469,284.35639999224804,162.9259000183083,0,5,6,easy,sklearn_LOF,456,
0.2240897778516912,0.9499370547337702,0.1875,0.12,0.42857142857142855,0.004406168636090527,6,44,9942,8,1.4396152651309961,1222.251699975459,9.921199991367757,0,5,6,easy,LSTM-AE,42,
0.22293697589702288,0.9518254127206661,0.1875,0.12,0.42857142857142855,0.004406168636090527,6,44,9942,8,1.4478011614084243,1413.421200006269,11.033699993276969,0,5,6,easy,LSTM-AE,123,
0.21287234630977186,0.9496080226602958,0.1875,0.12,0.42857142857142855,0.004406168636090527,6,44,9942,8,1.4421618223190218,1278.5569000116084,10.829300008481368,0,5,6,easy,LSTM-AE,456,
0.1250628452667752,0.7079554233069154,0.125,0.08,0.2857142857142857,0.004606449028640096,4,46,9940,10,0.8882442251262442,372.2721999802161,63.3191000088118,0,5,6,easy,CA-DIF-EIA,42,
0.0647148965454398,0.9720036622700352,0.1875,0.12,0.42857142857142855,0.004406168636090527,6,44,9942,8,1.0282385690586016,372.8115000121761,52.24589997669682,0,5,6,easy,CA-DIF-EIA,123,
0.044219763161203685,0.8424794712597636,0.15625,0.1,0.35714285714285715,0.004506308832365312,5,45,9941,9,0.9329266332306091,435.92389998957515,71.19930000044405,0,5,6,easy,CA-DIF-EIA,456,
0.009217810524918438,0.9274841921547309,0.028169014084507043,0.017543859649122806,0.07142857142857142,0.005607850991387943,1,56,9930,13,0.71,3114.4173000066075,1334.7743999911472,0,5,6,easy,sHST-River,42,
0.004618423586183526,0.8366927984893137,0.014342629482071713,0.007252215954875101,0.6428571428571429,0.12337272181053476,9,1232,8754,5,0.565,2741.811699990649,1372.9907000088133,0,5,6,easy,sHST-River,123,
0.004212989966535021,0.80061013991016,0.016666666666666666,0.009433962264150943,0.07142857142857142,0.010514720608852394,1,105,9881,13,0.69,3392.2865000204183,1513.6388999817427,0,5,6,easy,sHST-River,456,
0.21996641961461522,0.9598652399072988,0.21875,0.14,0.5,0.004306028439815742,7,43,9943,7,7.347208281527389,23.075400007655844,845.6084999779705,0,5,6,easy,MemStream,42,
0.21996641961461522,0.9598652399072988,0.21875,0.14,0.5,0.004306028439815742,7,43,9943,7,7.347208281527389,36.21479999856092,896.3203000021167,0,5,6,easy,MemStream,123,
0.21996641961461522,0.9598652399072988,0.21875,0.14,0.5,0.004306028439815742,7,43,9943,7,7.347208281527389,22.04009998240508,742.6034999953117,0,5,6,easy,MemStream,456,
0.0470891163266476,0.8585054790993104,0.07317073170731707,0.04411764705882353,0.21428571428571427,0.006509112757861006,3,65,9921,11,0.58,217.51590000349097,49.37120000249706,0,5,6,easy,IForestASD,42,
0.02016854864379415,0.9355025607278762,0.06593406593406594,0.03896103896103896,0.21428571428571427,0.0074103745243340674,3,74,9912,11,0.58,213.56470001046546,46.36269999900833,0,5,6,easy,IForestASD,123,
0.0049142363500539465,0.7949164544648222,0.029411764705882353,0.018518518518518517,0.07142857142857142,0.005307430402563589,1,53,9933,13,0.62,316.3944999978412,48.61769999843091,0,5,6,easy,IForestASD,456,
0.13219822440626616,0.6893508054132929,0.15625,0.1,0.35714285714285715,0.004506308832365312,5,45,9941,9,1.0052176968674145,225.6741999881342,57.39180001546629,0,5,6,easy,CA-DIF-EIA (streaming),42,
0.07158337120898753,0.9700008583445394,0.15625,0.1,0.35714285714285715,0.004506308832365312,5,45,9941,9,0.9523057273938359,237.35630000010133,66.50789998820983,0,5,6,easy,CA-DIF-EIA (streaming),123,
0.06574834969010371,0.8668206918256989,0.1875,0.12,0.42857142857142855,0.004406168636090527,6,44,9942,8,0.9759515768481429,220.18420000676997,62.66580001101829,0,5,6,easy,CA-DIF-EIA (streaming),456,
0.00529310663423912,0.920873182656431,0.018691588785046728,0.01,0.14285714285714285,0.00990693485439808,1,99,9894,6,0.6484009345552175,391.93189999787137,69.52330001513474,0,5,6,medium,sklearn_IF,42,
0.007718273959278422,0.9524810224299867,0.02188183807439825,0.011111111111111112,0.7142857142857143,0.04453117182027419,5,445,9548,2,0.5984618022757205,388.75859999097884,69.58660000236705,0,5,6,medium,sklearn_IF,123,
0.005341975773658797,0.9301225143314605,0.016474464579901153,0.008333333333333333,0.7142857142857143,0.059541679175422794,5,595,9398,2,0.5772060966327416,383.0239000089932,68.01440002163872,0,5,6,medium,sklearn_IF,456,
0.08743114811925091,0.9542965790338951,0.17543859649122806,0.1,0.7142857142857143,0.004503152206544582,5,45,9948,2,7.915740982072613,105.59399999328889,131.24000001698732,0,5,6,medium,sklearn_OCSVM,42,
0.08632069579848517,0.9556546725565039,0.17543859649122806,0.1,0.7142857142857143,0.004503152206544582,5,45,9948,2,7.677727109573498,104.68250000849366,135.52499999059364,0,5,6,medium,sklearn_OCSVM,123,
0.0822850874507885,0.967019770982545,0.17543859649122806,0.1,0.7142857142857143,0.004503152206544582,5,45,9948,2,7.884901288640055,109.15279999608174,131.29900000058115,0,5,6,medium,sklearn_OCSVM,456,
0.12488540045441981,0.9964546611199268,0.17543859649122806,0.1,0.7142857142857143,0.004503152206544582,5,45,9948,2,0.7449020433425891,281.2775999773294,136.5916000213474,0,5,6,medium,sklearn_LOF,42,
0.12488540045441981,0.9964546611199268,0.17543859649122806,0.1,0.7142857142857143,0.004503152206544582,5,45,9948,2,0.7449020433425891,331.24790000147186,140.2696000004653,0,5,6,medium,sklearn_LOF,123,
0.12488540045441981,0.9964546611199268,0.17543859649122806,0.1,0.7142857142857143,0.004503152206544582,5,45,9948,2,0.7449020433425891,367.7673999918625,137.63700000708923,0,5,6,medium,sklearn_LOF,456,
0.02082560876736953,0.9479778702234422,0.037383177570093455,0.02,0.2857142857142857,0.009806864805363755,2,98,9895,5,1.3217643594741826,1268.4363999869674,10.108499991474673,0,5,6,medium,LSTM-AE,42,
0.0206919882876087,0.9469485782905176,0.037383177570093455,0.02,0.2857142857142857,0.009806864805363755,2,98,9895,5,1.3102885711193109,1105.7994000148028,11.84829999692738,0,5,6,medium,LSTM-AE,123,
0.020935421893540463,0.947720547240211,0.037383177570093455,0.02,0.2857142857142857,0.009806864805363755,2,98,9895,5,1.318976683616639,1411.5077999886125,9.99200000660494,0,5,6,medium,LSTM-AE,456,
0.03214302479408736,0.7072236279681491,0.07017543859649122,0.04,0.2857142857142857,0.004803362353647553,2,48,9945,5,0.8925317997184125,382.002400001511,58.297599985962734,0,5,6,medium,CA-DIF-EIA,42,
0.013523399589509618,0.9665051250160827,0.037383177570093455,0.02,0.2857142857142857,0.009806864805363755,2,98,9895,5,0.9818164833846397,375.21289999131113,51.6961999819614,0,5,6,medium,CA-DIF-EIA,123,
0.027882524634184298,0.821589398293091,0.056074766355140186,0.03,0.42857142857142855,0.009706794756329431,3,97,9896,4,0.901559635436487,396.6647000052035,64.44370001554489,0,5,6,medium,CA-DIF-EIA,456,
0.003605061996233348,0.9029892353218681,0.012738853503184714,0.006666666666666667,0.14285714285714285,0.01491043730611428,1,149,9844,6,0.6850749999999971,2576.6835999966133,1444.2650999990292,0,5,6,medium,sHST-River,42,
0.0015069180864136227,0.7674729453474576,0.004728132387706856,0.002403846153846154,0.14285714285714285,0.04152907034924447,1,415,9578,6,0.645,2543.7406999990344,1307.069100002991,0,5,6,medium,sHST-River,123,
0.0012313087609230119,0.7188317536561307,0.004201680672268907,0.0021321961620469083,0.14285714285714285,0.046832782948063645,1,468,9525,6,0.645,2538.711900007911,1256.150000001071,0,5,6,medium,sHST-River,456,
0.06642658835917349,0.9626595759889065,0.17543859649122806,0.1,0.7142857142857143,0.004503152206544582,5,45,9948,2,7.426316811170436,22.189000010257587,751.8847999745049,0,5,6,medium,MemStream,42,
0.06642658835917349,0.9626595759889065,0.17543859649122806,0.1,0.7142857142857143,0.004503152206544582,5,45,9948,2,7.426316811170436,44.9545000155922,770.0627000012901,0,5,6,medium,MemStream,123,
0.06642658835917349,0.9626595759889065,0.17543859649122806,0.1,0.7142857142857143,0.004503152206544582,5,45,9948,2,7.426316811170436,20.932599989464507,757.4982999940403,0,5,6,medium,MemStream,456,
0.003763362669725318,0.8935254678274792,0.0121580547112462,0.006144393241167435,0.5714285714285714,0.06474532172520764,4,647,9346,3,0.44,212.346600019373,48.39219999848865,0,5,6,medium,IForestASD,42,
0.006244204406661442,0.9468556561021286,0.0213903743315508,0.010830324909747292,0.8571428571428571,0.054838386870809566,6,548,9445,1,0.44,233.13639999832958,45.47809998621233,0,5,6,medium,IForestASD,123,
0.0014098933802722256,0.7665651670455034,0.005141388174807198,0.0025940337224383916,0.2857142857142857,0.07695386770739518,2,769,9224,5,0.46,239.94780000066385,46.3043000199832,0,5,6,medium,IForestASD,456,
0.03100537892315718,0.7144286714986204,0.07017543859649122,0.04,0.2857142857142857,0.004803362353647553,2,48,9945,5,1.0113659851649017,233.64890000084415,58.376100001623854,0,5,6,medium,CA-DIF-EIA (streaming),42,
0.014922250672383872,0.9690783548483939,0.038910505836575876,0.02,0.7142857142857143,0.024517162013409387,5,245,9748,2,0.871309524462176,212.10350000183098,58.12020000303164,0,5,6,medium,CA-DIF-EIA (streaming),123,
0.03696527330605982,0.8267644494002945,0.07017543859649122,0.04,0.2857142857142857,0.004803362353647553,2,48,9945,5,0.9853696997059697,238.8234999962151,63.86360002215952,0,5,6,medium,CA-DIF-EIA (streaming),456,
0.0017031061769340729,0.8400040024014409,0.005387931034482759,0.002702702702702703,0.8333333333333334,0.18461076645987592,5,1845,8149,1,0.5149648255140521,415.7021999999415,70.13519998872653,0,5,6,hard,sklearn_IF,42,
0.002419672913115435,0.8877493162564205,0.007246376811594203,0.0036363636363636364,1.0,0.16449869921953172,6,1644,8350,0,0.5249239814651737,410.6485999946017,72.94049998745322,0,5,6,hard,sklearn_IF,123,
0.0017942804000903945,0.8494763524781536,0.005112474437627812,0.002564102564102564,0.8333333333333334,0.19461677006203723,5,1945,8049,1,0.5096784951685903,392.0046999992337,75.3199000027962,0,5,6,hard,sklearn_IF,456,
0.010299225577878067,0.9672636915482623,0.038834951456310676,0.02,0.6666666666666666,0.01961176706023614,4,196,9798,2,3.9202504008913013,120.05159998079762,146.93560000159778,0,5,6,hard,sklearn_OCSVM,42,
0.011937077160484002,0.9705823494096457,0.038834951456310676,0.02,0.6666666666666666,0.01961176706023614,4,196,9798,2,3.5447495161638654,107.94560000067577,133.57999999425374,0,5,6,hard,sklearn_OCSVM,123,
0.011154240129972666,0.9695984257221,0.038834951456310676,0.02,0.6666666666666666,0.01961176706023614,4,196,9798,2,3.5998838274587617,106.85589999775402,147.86369999637827,0,5,6,hard,sklearn_OCSVM,456,
0.04423678704977058,0.9920452271362817,0.10714285714285714,0.06,0.5,0.004702821693015809,3,47,9947,3,0.7769162654876706,305.743100005202,138.56260001193732,0,5,6,hard,sklearn_LOF,42,
0.04423678704977058,0.9920452271362817,0.10714285714285714,0.06,0.5,0.004702821693015809,3,47,9947,3,0.7769162654876706,282.06739999586716,136.93499998771586,0,5,6,hard,sklearn_LOF,123,
0.04423678704977058,0.9920452271362817,0.10714285714285714,0.06,0.5,0.004702821693015809,3,47,9947,3,0.7769162654876706,278.98599999025464,140.08939999621361,0,5,6,hard,sklearn_LOF,456,
0.002585285162219137,0.8944033086518577,0.008849557522123894,0.0044444444444444444,1.0,0.13448068841304783,6,1344,8650,0,0.5328867229819299,1372.9992999869864,12.122000014642254,0,5,6,hard,LSTM-AE,42,
0.0025964770139057652,0.8947618571142686,0.008849557522123894,0.0044444444444444444,1.0,0.13448068841304783,6,1344,8650,0,0.5355644223093986,1754.2697000026237,17.921899998327717,0,5,6,hard,LSTM-AE,123,
0.0024860859757149887,0.8903675538656527,0.008849557522123894,0.0044444444444444444,1.0,0.13448068841304783,6,1344,8650,0,0.5368661290407181,1546.7989000026137,18.233699986012653,0,5,6,hard,LSTM-AE,456,
0.0009751154800013938,0.6210392902408112,0.003952569169960474,0.002,0.16666666666666666,0.04992995797478487,1,499,9495,5,0.7163907498202187,380.8227999834344,56.67690001428127,0,5,6,hard,CA-DIF-EIA,42,
0.003308936770481438,0.9101627643252619,0.009708737864077669,0.005,0.16666666666666666,0.01991194716830098,1,199,9795,5,0.947388617831431,418.8223000091966,61.75610001082532,0,5,6,hard,CA-DIF-EIA,123,
0.0010893475368384852,0.7260856513908345,0.0023446658851113715,0.001176470588235294,0.3333333333333333,0.1699019411646988,2,1698,8296,4,0.7125918783474132,405.965699988883,62.62879999121651,0,5,6,hard,CA-DIF-EIA,456,
0.001075117205572767,0.6554682809685812,0.004228329809725159,0.002127659574468085,0.3333333333333333,0.09385631378827296,2,938,9056,4,0.595,2644.7160999814514,1386.7902000201866,0,5,6,hard,sHST-River,42,
0.0005607756644525827,0.42495497298379026,0.0017050298380221654,0.000856898029134533,0.16666666666666666,0.11667000200120071,1,1166,8828,5,0.575,2789.645399985602,1297.597600001609,0,5,6,hard,sHST-River,123,
0.00048355146780425126,0.3766676672670269,0.0016207455429497568,0.0008143322475570033,0.16666666666666666,0.12277366419851911,1,1227,8767,5,0.595,2744.500600005267,1512.953599973116,0,5,6,hard,sHST-River,456,
0.00331378989107936,0.9051764391968514,0.01282051282051282,0.006666666666666667,0.16666666666666666,0.014908945367220332,1,149,9845,5,6.314891297795855,21.834699989994988,769.2488000029698,0,5,6,hard,MemStream,42,
0.00331378989107936,0.9051764391968514,0.01282051282051282,0.006666666666666667,0.16666666666666666,0.014908945367220332,1,149,9845,5,6.314891297795855,20.810299989534542,845.4991000180598,0,5,6,hard,MemStream,123,
0.00331378989107936,0.9051764391968514,0.01282051282051282,0.006666666666666667,0.16666666666666666,0.014908945367220332,1,149,9845,5,6.314891297795855,23.79040000960231,802.4741999979597,0,5,6,hard,MemStream,456,
0.0012157993259427546,0.7672186645320526,0.003619254433586681,0.0018135654697134566,0.8333333333333334,0.2753652191314789,5,2752,7242,1,0.36,209.03490000637248,49.787199997808784,0,5,6,hard,IForestASD,42,
0.0012245018285741566,0.7470732439463678,0.003734827264239029,0.0018779342723004694,0.3333333333333333,0.10636381829097459,2,1063,8931,4,0.4,212.37470000050962,46.281599992653355,0,5,6,hard,IForestASD,123,
0.0006731029255435168,0.5955823494096457,0.0012755102040816326,0.0006402048655569782,0.16666666666666666,0.15619371622973785,1,1561,8433,5,0.42,218.2852000114508,55.48559999442659,0,5,6,hard,IForestASD,456,
0.0010580370837746707,0.6234574077780002,0.0043859649122807015,0.0022222222222222222,0.16666666666666666,0.04492695617370422,1,449,9545,5,0.8185904628736277,253.37650001165457,60.38579999585636,0,5,6,hard,CA-DIF-EIA (streaming),42,
0.0031274203300691128,0.906760723100527,0.009925558312655087,0.005,0.6666666666666666,0.07964778867320392,4,796,9198,2,0.7742120595383389,234.9339000065811,54.20769998454489,0,5,6,hard,CA-DIF-EIA (streaming),123,
0.0012274712993635322,0.7531185377893402,0.0037359900373599006,0.001875,0.5,0.15979587752651592,3,1597,8397,3,0.742591812801144,247.03960001352243,63.412000017706305,0,5,6,hard,CA-DIF-EIA (streaming),456,
