fold,difficulty,algorithm,seed,AUC_PR,AUC_ROC,F1,Precision,Recall,FPR,TP,FP,TN,FN,optimal_threshold,train_ms,score_ms,error
0,easy,sklearn_IF,42,0.440439954776764,0.936595632,0.5590283400809717,0.46965986394557824,0.6904,0.03898,3452,3898,96102,1548,0.5864027974353275,804.330300015863,683.4996000106912,
0,easy,sklearn_IF,123,0.540940645685564,0.945390202,0.5906264501160092,0.550995670995671,0.6364,0.02593,3182,2593,97407,1818,0.6089310238580702,756.1833999934606,727.6564000057988,
0,easy,sklearn_IF,456,0.5297608006432297,0.9417474640000001,0.5773451327433629,0.5177777777777778,0.6524,0.03038,3262,3038,96962,1738,0.5986785174083932,717.9882999917027,713.8821000116877,
0,easy,sklearn_IF,789,0.49706229956987946,0.9412200159999999,0.556923076923077,0.46789115646258506,0.6878,0.03911,3439,3911,96089,1561,0.5884578488920622,810.870099987369,700.7118999899831,
0,easy,sklearn_IF,1024,0.4996777617681249,0.941889868,0.5731923890063425,0.49655677655677655,0.6778,0.03436,3389,3436,96564,1611,0.59292800624388,716.0340000118595,722.0989000052214,
0,hard,sklearn_IF,42,0.10553101640831072,0.752258075,0.18911534154535276,0.12184704184704184,0.4222,0.15214,2111,15214,84786,2889,0.5136209476336115,831.1628999945242,780.0235000031535,
0,hard,sklearn_IF,123,0.11290371635902482,0.76937643,0.2011566265060241,0.13250793650793652,0.4174,0.13663,2087,13663,86337,2913,0.5216504025992068,905.4100000066683,742.9021999996621,
0,hard,sklearn_IF,456,0.10536338315941306,0.7510396739999999,0.18476987447698745,0.11682539682539683,0.4416,0.16692,2208,16692,83308,2792,0.5081327609798865,801.468699995894,662.5547999865375,
0,hard,sklearn_IF,789,0.1097807526027465,0.760704618,0.1985670419651996,0.12483912483912483,0.485,0.17,2425,17000,83000,2575,0.5117986251402583,715.1660000090487,703.7299999792594,
0,hard,sklearn_IF,1024,0.10964694381132693,0.762644656,0.19857740585774059,0.12555555555555556,0.4746,0.16527,2373,16527,83473,2627,0.5101086843455765,713.0411999823991,674.409100000048,
0,medium,sklearn_IF,42,0.22095704902574262,0.87716532,0.35166163141993956,0.2519480519480519,0.582,0.0864,2910,8640,91360,2090,0.5434025128689823,738.2743000052869,704.8613000079058,
0,medium,sklearn_IF,123,0.24491810252410107,0.8891506070000001,0.3675507020280811,0.2671201814058957,0.589,0.0808,2945,8080,91920,2055,0.5481416592358007,724.1879999928642,672.236000013072,
0,medium,sklearn_IF,456,0.2278107167236248,0.8777334000000001,0.3427145085803432,0.2490702947845805,0.5492,0.08279,2746,8279,91721,2254,0.5447006422208073,730.6783000240102,727.5669999944512,
0,medium,sklearn_IF,789,0.230999435596847,0.882294841,0.35830161054172766,0.25333333333333335,0.6118,0.09016,3059,9016,90984,1941,0.5442598085498558,772.2428000124637,676.5567999973428,
0,medium,sklearn_IF,1024,0.23523445798166234,0.8838335619999999,0.3624516129032258,0.2675238095238095,0.5618,0.07691,2809,7691,92309,2191,0.5482436328146025,744.5515999861527,747.8963999892585,
1,easy,sklearn_IF,42,0.4281511458682244,0.937727172,0.5476923076923077,0.4601360544217687,0.6764,0.03968,3382,3968,96032,1618,0.5957384729244145,807.4223999865353,742.6849999756087,
1,easy,sklearn_IF,123,0.4420380847484425,0.938964396,0.5518816067653277,0.4780952380952381,0.6526,0.03562,3263,3562,96438,1737,0.6084332593824137,863.5070000018459,684.6158000116702,
1,easy,sklearn_IF,456,0.43528982136905436,0.937034586,0.5395951417004049,0.4533333333333333,0.6664,0.04018,3332,4018,95982,1668,0.6009900757508444,764.1053999832366,731.6711000166833,
1,easy,sklearn_IF,789,0.5126215105616457,0.939431254,0.5474336283185841,0.490952380952381,0.6186,0.03207,3093,3207,96793,1907,0.6094138445850131,820.9192999929655,692.4515999853611,
1,easy,sklearn_IF,1024,0.43709876833394085,0.9388305480000001,0.537165991902834,0.45129251700680273,0.6634,0.04033,3317,4033,95967,1683,0.6024570451802232,744.7412999754306,692.7158999897074,
1,hard,sklearn_IF,42,0.0977891252699103,0.747040412,0.17916069600818832,0.11263835263835263,0.4376,0.17237,2188,17237,82763,2812,0.5183300237781298,762.2939000139013,729.0943000116386,
1,hard,sklearn_IF,123,0.10167122134802552,0.7616625059999999,0.19134268537074148,0.11964912280701755,0.4774,0.17563,2387,17563,82437,2613,0.5184505941192908,740.3120000089984,733.3978999813553,
1,hard,sklearn_IF,456,0.09628996932703243,0.748871286,0.18169230769230768,0.11247619047619048,0.4724,0.18638,2362,18638,81362,2638,0.5138897267630624,894.0912000252865,736.8241000222042,
1,hard,sklearn_IF,789,0.10022507614500958,0.756727831,0.18527968596663397,0.11526251526251527,0.472,0.18115,2360,18115,81885,2640,0.520687510256716,923.6032999760937,772.2569000034127,
1,hard,sklearn_IF,1024,0.0945632753473979,0.7427746049999999,0.17807692307692308,0.11023809523809523,0.463,0.18685,2315,18685,81315,2685,0.5182516968217595,902.0075000007637,699.3087999871932,
1,medium,sklearn_IF,42,0.2016171241621499,0.8764885589999999,0.329609984399376,0.23954648526077096,0.5282,0.08384,2641,8384,91616,2359,0.5547189515192057,734.5243000017945,657.8433999966364,
1,medium,sklearn_IF,123,0.19896635980059638,0.8760539260000001,0.33224827586206895,0.2294095238095238,0.6022,0.10114,3011,10114,89886,1989,0.549093592954771,731.6862000152469,709.0811999805737,
1,medium,sklearn_IF,456,0.194478706821507,0.870564265,0.32597364568081993,0.23047619047619047,0.5566,0.09292,2783,9292,90708,2217,0.5530787632751357,718.6089000024367,660.2878000121564,
1,medium,sklearn_IF,789,0.20932221716736524,0.8753624799999999,0.32709256844850065,0.22123456790123458,0.6272,0.11039,3136,11039,88961,1864,0.5476000569306329,819.9974000162911,716.0878999857232,
1,medium,sklearn_IF,1024,0.2022252699759938,0.8761715619999999,0.3322727272727273,0.23206349206349206,0.5848,0.09676,2924,9676,90324,2076,0.5547271276559664,815.8120999869425,679.6438999881502,
2,easy,sklearn_IF,42,0.4015820761512593,0.9349521220000001,0.5227184466019418,0.4273015873015873,0.673,0.0451,3365,4510,95490,1635,0.5929533586012878,903.5999999905471,647.6693000004161,
2,easy,sklearn_IF,123,0.5228369078605816,0.946699256,0.5614574898785425,0.4717006802721088,0.6934,0.03883,3467,3883,96117,1533,0.6027405104024804,786.9862999941688,708.1042999925558,
2,easy,sklearn_IF,456,0.4777623168724597,0.939762838,0.53276955602537,0.46153846153846156,0.63,0.03675,3150,3675,96325,1850,0.6051052717011901,796.7285999911837,671.7936999921221,
2,easy,sklearn_IF,789,0.5696996700421257,0.9445922639999998,0.5699512195121951,0.5563809523809524,0.5842,0.02329,2921,2329,97671,2079,0.6166078692657925,735.4149000020698,695.2081999916118,
2,easy,sklearn_IF,1024,0.4562080256460245,0.938403542,0.5451162790697675,0.47223443223443223,0.6446,0.03602,3223,3602,96398,1777,0.604629216976963,773.2377999927849,706.4871999900788,
2,hard,sklearn_IF,42,0.09536131501655705,0.746296048,0.17915603532875368,0.11145299145299145,0.4564,0.18193,2282,18193,81807,2718,0.5112099354552558,737.0086000009906,654.9869000155013,
2,hard,sklearn_IF,123,0.10504296941314639,0.7644883980000001,0.19638461538461538,0.12157142857142857,0.5106,0.18447,2553,18447,81553,2447,0.5160539729325955,761.5072000189684,657.3479999788105,
2,hard,sklearn_IF,456,0.09683744375993236,0.7474846290000001,0.18276923076923077,0.11314285714285714,0.4752,0.18624,2376,18624,81376,2624,0.5097567821988301,735.0589999987278,706.8723999836948,
2,hard,sklearn_IF,789,0.10646100606380689,0.7614776560000001,0.19297350343473993,0.12004884004884005,0.4916,0.18017,2458,18017,81983,2542,0.518448878338516,726.9629999937024,674.8785999952815,
2,hard,sklearn_IF,1024,0.09636545183546591,0.742295084,0.18153846153846154,0.11238095238095239,0.472,0.1864,2360,18640,81360,2640,0.5136346433258705,812.9565000126604,656.8845000001602,
2,medium,sklearn_IF,42,0.18844478028390743,0.869724808,0.3145611866501854,0.20893267651888342,0.6362,0.12044,3181,12044,87956,1819,0.5354155236779813,745.3156000119634,721.3159999810159,
2,medium,sklearn_IF,123,0.22156052433123496,0.8860766499999998,0.3531478770131772,0.2496894409937888,0.603,0.0906,3015,9060,90940,1985,0.5546962093718859,778.0196999956388,656.0672000050545,
2,medium,sklearn_IF,456,0.20228084375244515,0.872533568,0.32727272727272727,0.22857142857142856,0.576,0.0972,2880,9720,90280,2120,0.5469186399042746,756.5615000203252,644.9494000116829,
2,medium,sklearn_IF,789,0.23487391394556667,0.8805720450000002,0.34103225806451615,0.2517142857142857,0.5286,0.07857,2643,7857,92143,2357,0.5632867477310983,745.4106000077445,729.3374000000767,
2,medium,sklearn_IF,1024,0.20401291366192034,0.873554964,0.3353510140405616,0.243718820861678,0.5374,0.08338,2687,8338,91662,2313,0.556593980341544,731.5414999902714,665.7676000031643,
3,easy,sklearn_IF,42,0.4845624110256091,0.937613902,0.5517124735729387,0.47794871794871796,0.6524,0.03563,3262,3563,96437,1738,0.6017183971766472,780.143300013151,676.9200999988243,
3,easy,sklearn_IF,123,0.45804399617578007,0.9417315620000001,0.5429959514170041,0.4561904761904762,0.6706,0.03997,3353,3997,96003,1647,0.5986045470884401,728.5042000003159,709.4249000074342,
3,easy,sklearn_IF,456,0.5124250349222316,0.9402665279999999,0.54830626450116,0.5115151515151515,0.5908,0.02821,2954,2821,97179,2046,0.6118324756748686,720.6291999900714,655.5300999898463,
3,easy,sklearn_IF,789,0.5226564779524939,0.944209762,0.5665486725663716,0.508095238095238,0.6402,0.03099,3201,3099,96901,1799,0.6062370491514416,767.23860000493,665.7785999996122,
3,easy,sklearn_IF,1024,0.4593571648790885,0.938111008,0.5397570850202429,0.45346938775510204,0.6666,0.04017,3333,4017,95983,1667,0.595423993428543,759.7596000123303,685.9406000003219,
3,hard,sklearn_IF,42,0.09486551061427898,0.741801185,0.1702845927379784,0.10593406593406593,0.4338,0.18306,2169,18306,81694,2831,0.5157976427009192,733.8839000149164,658.1021000165492,
3,hard,sklearn_IF,123,0.10048287582098406,0.752611737,0.18692307692307691,0.11571428571428571,0.486,0.1857,2430,18570,81430,2570,0.5132278848414228,778.748299984727,655.1930000132415,
3,hard,sklearn_IF,456,0.09513189653564824,0.737236566,0.17115384615384616,0.10595238095238095,0.445,0.18775,2225,18775,81225,2775,0.5102362097266985,757.677000015974,682.0067999942694,
3,hard,sklearn_IF,789,0.09945260416658971,0.7500295109999999,0.1793846153846154,0.11104761904761905,0.4664,0.18668,2332,18668,81332,2668,0.5145768745587983,712.3943000042345,697.9720999952406,
3,hard,sklearn_IF,1024,0.09135256732966784,0.7292081180000001,0.16915384615384615,0.10471428571428572,0.4398,0.18801,2199,18801,81199,2801,0.5119867401889063,807.2982000012416,639.1434000106528,
3,medium,sklearn_IF,42,0.191621136536022,0.8636613149999999,0.3084263959390863,0.20666666666666667,0.6076,0.11662,3038,11662,88338,1962,0.5400885382081039,734.8482999950647,704.1703999857418,
3,medium,sklearn_IF,123,0.20044674861144843,0.8741839349999999,0.3414477211796247,0.23326007326007325,0.6368,0.10466,3184,10466,89534,1816,0.5423324651379393,703.2756000116933,634.8258999933023,
3,medium,sklearn_IF,456,0.2008046866140037,0.867043565,0.3156345177664975,0.21149659863945577,0.6218,0.11591,3109,11591,88409,1891,0.5364879064782733,864.2455999797676,744.5474999840371,
3,medium,sklearn_IF,789,0.20637521643672493,0.8735208029999999,0.3187817258883249,0.21360544217687075,0.628,0.1156,3140,11560,88440,1860,0.5413257248152956,778.137000015704,813.3418000070378,
3,medium,sklearn_IF,1024,0.19153949563447298,0.8640141259999998,0.31238605898123323,0.2134065934065934,0.5826,0.10737,2913,10737,89263,2087,0.5418401787973421,835.9921000082977,735.5566000042018,
4,easy,sklearn_IF,42,0.42123484597386185,0.93415812,0.5243724696356276,0.44054421768707486,0.6476,0.04112,3238,4112,95888,1762,0.599456318450205,821.7590000131167,662.0220000040717,
4,easy,sklearn_IF,123,0.47205881118451964,0.941039462,0.5389473684210526,0.4527891156462585,0.6656,0.04022,3328,4022,95978,1672,0.6058769156217463,785.3745000029448,701.0453999973834,
4,easy,sklearn_IF,456,0.45654157413614643,0.9360543680000001,0.5348987854251012,0.4493877551020408,0.6606,0.04047,3303,4047,95953,1697,0.5970173072963535,767.6829000120051,754.5485000009649,
4,easy,sklearn_IF,789,0.5772232496977516,0.9446737839999999,0.5976585365853658,0.5834285714285714,0.6126,0.02187,3063,2187,97813,1937,0.6166778679346101,711.6015999927185,681.8512000027113,
4,easy,sklearn_IF,1024,0.5341963703201844,0.946492,0.5764601769911505,0.516984126984127,0.6514,0.03043,3257,3043,96957,1743,0.6104943108046736,776.1343000165652,692.1726000146009,
4,hard,sklearn_IF,42,0.09846766240276926,0.75119984,0.17746153846153845,0.10985714285714286,0.4614,0.18693,2307,18693,81307,2693,0.5158776956049905,788.6833000229672,694.0759000135586,
4,hard,sklearn_IF,123,0.10198225560250045,0.7577177580000001,0.18967615309126595,0.117997557997558,0.4832,0.18059,2416,18059,81941,2584,0.519658829949804,884.9265000026207,680.0923999981023,
4,hard,sklearn_IF,456,0.0983668749918957,0.7499298870000001,0.1776923076923077,0.11,0.462,0.1869,2310,18690,81310,2690,0.5124980701000832,753.4368000051472,768.4374999953434,
4,hard,sklearn_IF,789,0.10545857820312232,0.759853363,0.188,0.11638095238095238,0.4888,0.18556,2444,18556,81444,2556,0.5139354725250267,706.6307999775745,681.8218000116758,
4,hard,sklearn_IF,1024,0.103927624763022,0.7535048719999999,0.18730769230769231,0.11595238095238095,0.487,0.18565,2435,18565,81435,2565,0.5155288818458362,784.9932999815792,684.9358000035863,
4,medium,sklearn_IF,42,0.19405016985983412,0.869205868,0.31289340101522845,0.20965986394557823,0.6164,0.11618,3082,11618,88382,1918,0.543285999075318,765.1581999962218,636.0132000118028,
4,medium,sklearn_IF,123,0.20300463944709504,0.875306378,0.3326896551724138,0.2297142857142857,0.603,0.1011,3015,10110,89890,1985,0.5525607969476798,713.6069999833126,668.1474999932107,
4,medium,sklearn_IF,456,0.20486527470081198,0.867079574,0.32060422960725077,0.2296969696969697,0.5306,0.08897,2653,8897,91103,2347,0.5532475907514692,707.6506000012159,653.5258999792859,
4,medium,sklearn_IF,789,0.2330448485103071,0.8765362109999999,0.343588143525741,0.24970521541950114,0.5506,0.08272,2753,8272,91728,2247,0.5561218699016877,816.2092000129633,664.3189000023995,
4,medium,sklearn_IF,1024,0.23146830444255564,0.8794763199999999,0.34916129032258064,0.25771428571428573,0.5412,0.07794,2706,7794,92206,2294,0.5610846529430971,743.8531000225339,687.0331000245642,
0,easy,sklearn_LOF,42,0.8992188773506637,0.9786481709999999,0.8671219512195122,0.8464761904761905,0.8888,0.00806,4444,806,99194,556,0.7041582226753201,667.2256999881938,3381.275199993979,
0,easy,sklearn_LOF,123,0.9028719860843095,0.9775785029999999,0.8674550128534705,0.8926984126984127,0.8436,0.00507,4218,507,99493,782,0.8978518593311302,727.0051999948919,3194.451699993806,
0,easy,sklearn_LOF,456,0.8798336944528866,0.97624038,0.8452442159383033,0.8698412698412699,0.822,0.00615,4110,615,99385,890,0.8011466777324676,575.2266999916174,3049.6097000141162,
0,easy,sklearn_LOF,789,0.8697707162130768,0.97528969,0.8252956298200514,0.8493121693121694,0.8026,0.00712,4013,712,99288,987,0.7345124363899223,643.6247999954503,2967.5859000126366,
0,easy,sklearn_LOF,1024,0.8592746851649057,0.974458665,0.8135732647814911,0.8372486772486772,0.7912,0.00769,3956,769,99231,1044,0.7094573402404785,573.7619000137784,2942.1629999997094,
0,hard,sklearn_LOF,42,0.6430965427053557,0.9083551780000001,0.672608695652174,0.7366666666666667,0.6188,0.01106,3094,1106,98894,1906,0.6484069013595566,548.0038000096101,2884.3804999778513,
0,hard,sklearn_LOF,123,0.6488137913995522,0.907131109,0.6771739130434783,0.7416666666666667,0.623,0.01085,3115,1085,98915,1885,0.6541864585876461,505.4459000239149,2755.1662000187207,
0,hard,sklearn_LOF,456,0.6346387167592807,0.9028366029999999,0.6621739130434783,0.7252380952380952,0.6092,0.01154,3046,1154,98846,1954,0.6563471126556396,636.2390000140294,3187.737999978708,
0,hard,sklearn_LOF,789,0.6578424827139157,0.906652567,0.6715850144092219,0.7926530612244898,0.5826,0.00762,2913,762,99238,2087,0.7246790695190432,646.5949999983422,3298.849400016479,
0,hard,sklearn_LOF,1024,0.663613653922073,0.9099562580000001,0.6747826086956522,0.7390476190476191,0.6208,0.01096,3104,1096,98904,1896,0.6552476406097408,511.20239999727346,2862.513600004604,
0,medium,sklearn_LOF,42,0.754979878122442,0.945967529,0.7605141388174808,0.7826455026455027,0.7396,0.01027,3698,1027,98973,1302,0.6590754663944244,607.320700015407,2824.176800000714,
0,medium,sklearn_LOF,123,0.7623834623101465,0.9450554750000001,0.7619565217391304,0.8345238095238096,0.701,0.00695,3505,695,99305,1495,0.7401116180419889,589.203700015787,3018.7345999875106,
0,medium,sklearn_LOF,456,0.7396437631569202,0.9422576400000001,0.7446786632390745,0.7663492063492063,0.7242,0.01104,3621,1104,98896,1379,0.6620245790481566,580.3190999722574,3049.0381000272464,
0,medium,sklearn_LOF,789,0.759178197288467,0.944806088,0.7563043478260869,0.8283333333333334,0.6958,0.00721,3479,721,99279,1521,0.7334247064590453,612.7225999953225,2892.360000027111,
0,medium,sklearn_LOF,1024,0.7627737433677637,0.946948763,0.7569565217391304,0.829047619047619,0.6964,0.00718,3482,718,99282,1518,0.7241112852096516,560.6533999962267,2903.2700000097975,
1,easy,sklearn_LOF,42,0.7350424819533227,0.927155531,0.7128530259365994,0.841360544217687,0.6184,0.00583,3092,583,99417,1908,1.508548175096513,561.1748000083026,2925.9885999781545,
1,easy,sklearn_LOF,123,0.7871114699083224,0.9356617030000001,0.7889337175792507,0.931156462585034,0.6844,0.00253,3422,253,99747,1578,1.534249613285065,579.4078999897465,2990.260299993679,
1,easy,sklearn_LOF,456,0.757770395346588,0.931401892,0.7292219020172911,0.8606802721088436,0.6326,0.00512,3163,512,99488,1837,1.5894141566753388,576.6332999919541,2902.3166999977548,
1,easy,sklearn_LOF,789,0.7502734670356904,0.93003097,0.7223054755043228,0.8525170068027211,0.6266,0.00542,3133,542,99458,1867,1.5626154756546022,559.9249000078999,3113.591900008032,
1,easy,sklearn_LOF,1024,0.6238997162786237,0.871913696,0.5975460122699386,0.773015873015873,0.487,0.00715,2435,715,99285,2565,1.5577321434020992,672.3904999962542,3064.3834000220522,
1,hard,sklearn_LOF,42,0.33427851558916705,0.7774470809999999,0.36288184438040344,0.42829931972789115,0.3148,0.02101,1574,2101,97899,3426,1.324047694206238,640.683400008129,3036.201600014465,
1,hard,sklearn_LOF,123,0.3556608095051197,0.7891936100000001,0.37691803278688524,0.5474285714285714,0.2874,0.01188,1437,1188,98812,3563,1.3850683927536005,546.2201999907847,2889.565399993444,
1,hard,sklearn_LOF,456,0.32061186112901346,0.77871832,0.3626086956521739,0.39714285714285713,0.3336,0.02532,1668,2532,97468,3332,1.3170105648040766,573.689100012416,2782.9109999875072,
1,hard,sklearn_LOF,789,0.31990634597416207,0.781414116,0.3573487031700288,0.4217687074829932,0.31,0.02125,1550,2125,97875,3450,1.3367490446567536,538.6013999814168,2733.068800007459,
1,hard,sklearn_LOF,1024,0.3369557617822727,0.7860207730000001,0.3652173913043478,0.4,0.336,0.0252,1680,2520,97480,3320,1.3014528942108154,507.6219999755267,3066.5002999885473,
1,medium,sklearn_LOF,42,0.43790755497931805,0.8327079190000001,0.4468711656441718,0.5780952380952381,0.3642,0.01329,1821,1329,98671,3179,1.3940926814079284,532.5019999872893,2833.4797999996226,
1,medium,sklearn_LOF,123,0.4795628179619621,0.8479168739999999,0.47774647887323946,0.8076190476190476,0.3392,0.00404,1696,404,99596,3304,1.482545990943909,577.4505999870598,2736.9480000052135,
1,medium,sklearn_LOF,456,0.407327674118311,0.829113896,0.41544668587896255,0.4903401360544218,0.3604,0.01873,1802,1873,98127,3198,1.3669919955730438,586.5968000143766,2875.2041999832727,
1,medium,sklearn_LOF,789,0.416378835383719,0.8345535299999999,0.4191304347826087,0.45904761904761904,0.3856,0.02272,1928,2272,97728,3072,1.3262466478347779,562.3358000011649,3047.208700008923,
1,medium,sklearn_LOF,1024,0.42839023664164705,0.833703657,0.4295652173913043,0.4704761904761905,0.3952,0.02224,1976,2224,97776,3024,1.3291433620452882,573.0674999940675,2888.6506000126246,
2,easy,sklearn_LOF,42,0.9224628825266221,0.9864127189999999,0.8706341463414634,0.8499047619047619,0.8924,0.00788,4462,788,99212,538,0.5965985119342793,548.4746000147425,2817.3089000047185,
2,easy,sklearn_LOF,123,0.9188675651997552,0.9869014859999999,0.8667317073170732,0.8460952380952381,0.8884,0.00808,4442,808,99192,558,0.5990231275558455,549.9611000122968,2691.223500005435,
2,easy,sklearn_LOF,456,0.9207692118655032,0.986259359,0.869305912596401,0.8946031746031746,0.8454,0.00498,4227,498,99502,773,0.7497575676441192,528.5420999862254,2861.4984000159893,
2,easy,sklearn_LOF,789,0.9277380077114525,0.9865639439999999,0.8744473007712082,0.8998941798941799,0.8504,0.00473,4252,473,99527,748,0.8121596515178673,557.8842999821063,2741.269399994053,
2,easy,sklearn_LOF,1024,0.9255647538556857,0.987596463,0.8734190231362468,0.8988359788359789,0.8494,0.00478,4247,478,99522,753,0.8008912670612328,524.7806000115816,2770.814099989366,
2,hard,sklearn_LOF,42,0.6968835490531039,0.93268957,0.7177377892030848,0.7386243386243386,0.698,0.01235,3490,1235,98765,1510,0.45902512788772537,601.7710999876726,2870.7359000109136,
2,hard,sklearn_LOF,123,0.6812032500272454,0.932736665,0.7058097686375321,0.7263492063492063,0.6864,0.01293,3432,1293,98707,1568,0.47017349481582604,616.7324999987613,3073.917800007621,
2,hard,sklearn_LOF,456,0.6868146761491113,0.9321930220000001,0.7070437017994858,0.7276190476190476,0.6876,0.01287,3438,1287,98713,1562,0.45466206073760984,620.0223000196274,3195.372899994254,
2,hard,sklearn_LOF,789,0.69317286431801,0.934051039,0.7121850899742931,0.732910052910053,0.6926,0.01262,3463,1262,98738,1537,0.4731484758853902,547.7321999787819,2934.8757000116166,
2,hard,sklearn_LOF,1024,0.6866997253730759,0.934383084,0.7097172236503856,0.7303703703703703,0.6902,0.01274,3451,1274,98726,1549,0.4790554976463315,637.454500014428,3118.6068000097293,
2,medium,sklearn_LOF,42,0.794140896979019,0.963249033,0.7845853658536586,0.7659047619047619,0.8042,0.01229,4021,1229,98771,979,0.4598965346813181,708.9634999865666,3822.188499994809,
2,medium,sklearn_LOF,123,0.7830268238391626,0.964280064,0.7754146341463415,0.7569523809523809,0.7948,0.01276,3974,1276,98724,1026,0.47339987158775315,613.2423999952152,2857.972099998733,
2,medium,sklearn_LOF,456,0.7849465892723022,0.96139372,0.77573264781491,0.7983068783068783,0.7544,0.00953,3772,953,99047,1228,0.5226134198904036,677.5703000021167,3070.1016999955755,
2,medium,sklearn_LOF,789,0.80220551816938,0.9658605140000001,0.7847804878048781,0.766095238095238,0.8044,0.01228,4022,1228,98772,978,0.4807119011878945,565.2098999998998,2787.6863999990746,
2,medium,sklearn_LOF,1024,0.7960668181289803,0.965949509,0.781491002570694,0.8042328042328042,0.76,0.00925,3800,925,99075,1200,0.5559641575813281,604.6675000106916,2884.2468000075314,
3,easy,sklearn_LOF,42,0.9362216727371432,0.992285908,0.8777377892030849,0.9032804232804232,0.8536,0.00457,4268,457,99543,732,0.7612339687347409,614.6951999980956,2992.774799990002,
3,easy,sklearn_LOF,123,0.9129330596086338,0.991772264,0.8655609756097561,0.8449523809523809,0.8872,0.00814,4436,814,99186,564,0.5310552716255179,570.6615000090096,2903.559400001541,
3,easy,sklearn_LOF,456,0.9255168564578026,0.9918228179999999,0.8741463414634146,0.8533333333333334,0.896,0.0077,4480,770,99230,520,0.5545040249824459,593.563800008269,3421.4697999996133,
3,easy,sklearn_LOF,789,0.9343484149409247,0.992361455,0.8802056555269923,0.9058201058201059,0.856,0.00445,4280,445,99555,720,0.7527113687992095,785.4310999973677,3045.5949000024702,
3,easy,sklearn_LOF,1024,0.9340223929551497,0.9923328440000001,0.8767095115681234,0.9022222222222223,0.8526,0.00462,4263,462,99538,737,0.7556105899810779,521.5270999760833,2975.0918000063393,
3,hard,sklearn_LOF,42,0.7056587525176541,0.944172622,0.7108292682926829,0.6939047619047619,0.7286,0.01607,3643,1607,98393,1357,0.3482935488224002,532.9676000110339,2835.659200005466,
3,hard,sklearn_LOF,123,0.6879328709878318,0.942834811,0.7079024390243902,0.691047619047619,0.7256,0.01622,3628,1622,98378,1372,0.3384326398372618,508.47699999576434,2715.9346000116784,
3,hard,sklearn_LOF,456,0.7043288009408785,0.942705005,0.7091002570694087,0.7297354497354497,0.6896,0.01277,3448,1277,98723,1552,0.40489255130290935,589.0424000099301,2745.055500010494,
3,hard,sklearn_LOF,789,0.694486428922498,0.9435464580000001,0.7160975609756097,0.699047619047619,0.734,0.0158,3670,1580,98420,1330,0.3598346292972553,517.3263999749906,2869.1426000150386,
3,hard,sklearn_LOF,1024,0.690827490040406,0.940798534,0.7082776349614396,0.7288888888888889,0.6888,0.01281,3444,1281,98719,1556,0.41111056625843045,582.6325000089128,2750.324399996316,
3,medium,sklearn_LOF,42,0.82334078595866,0.973762582,0.7980487804878049,0.7790476190476191,0.818,0.0116,4090,1160,98840,910,0.4286961972713467,585.8659999794327,2690.5374999914784,
3,medium,sklearn_LOF,123,0.7969591912884298,0.97228509,0.784,0.7653333333333333,0.8036,0.01232,4018,1232,98768,982,0.4047985315322853,576.9915000128094,2781.8192999984603,
3,medium,sklearn_LOF,456,0.8200860868849932,0.9727600319999999,0.7931707317073171,0.7742857142857142,0.813,0.01185,4065,1185,98815,935,0.42216418385505383,509.34860002598725,2825.6595999991987,
3,medium,sklearn_LOF,789,0.8156997611699462,0.9736235639999999,0.8009756097560976,0.7819047619047619,0.821,0.01145,4105,1145,98855,895,0.43253593444824123,521.2253999779932,2838.03660000558,
3,medium,sklearn_LOF,1024,0.8142675633402456,0.9722011989999999,0.7927804878048781,0.7739047619047619,0.8126,0.01187,4063,1187,98813,937,0.43277662992477095,678.1319000001531,3289.756700018188,
4,easy,sklearn_LOF,42,0.9296417546131254,0.9915652669999999,0.870745501285347,0.896084656084656,0.8468,0.00491,4234,491,99509,766,0.7566204309463491,560.2312000119127,2813.037699990673,
4,easy,sklearn_LOF,123,0.9243286085100414,0.9914753690000001,0.8634146341463415,0.8428571428571429,0.885,0.00825,4425,825,99175,575,0.5311914443969716,645.0342000171077,2790.2861000038683,
4,easy,sklearn_LOF,456,0.9259408730798582,0.9912691330000001,0.8714146341463415,0.8506666666666667,0.8932,0.00784,4466,784,99216,534,0.5053906559944125,544.9512000195682,2878.109899989795,
4,easy,sklearn_LOF,789,0.9290612832286469,0.991467455,0.8753170731707317,0.8544761904761905,0.8972,0.00764,4486,764,99236,514,0.5194367766380292,601.966199988965,3119.4644999923185,
4,easy,sklearn_LOF,1024,0.9304354934570299,0.9921162379999999,0.8735609756097561,0.8527619047619047,0.8954,0.00773,4477,773,99227,523,0.5285632014274573,537.2268999926746,2875.3413000085857,
4,hard,sklearn_LOF,42,0.6635824831947071,0.9402578250000001,0.697560975609756,0.680952380952381,0.715,0.01675,3575,1675,98325,1425,0.3161409080028515,526.3936999836005,2885.9737000020687,
4,hard,sklearn_LOF,123,0.6806418013394414,0.943096389,0.6969665809768637,0.7172486772486772,0.6778,0.01336,3389,1336,98664,1611,0.3706996726989746,521.2958000192884,2702.859699988039,
4,hard,sklearn_LOF,456,0.6834913756943135,0.940881477,0.6889460154241646,0.708994708994709,0.67,0.01375,3350,1375,98625,1650,0.3524094599485394,635.0296000018716,2656.164899992291,
4,hard,sklearn_LOF,789,0.6767980851119259,0.940248808,0.6903856041131106,0.7104761904761905,0.6714,0.01368,3357,1368,98632,1643,0.36005514621734597,505.39609999395907,2732.6579999935348,
4,hard,sklearn_LOF,1024,0.677001072823877,0.9389671020000001,0.6948292682926829,0.6782857142857143,0.7122,0.01689,3561,1689,98311,1439,0.3019450962543482,546.5744999819435,2693.5346000245772,
4,medium,sklearn_LOF,42,0.8057180949394854,0.972545899,0.7869268292682927,0.7681904761904762,0.8066,0.01217,4033,1217,98783,967,0.40156772136688196,546.1534000060055,2623.861300002318,
4,medium,sklearn_LOF,123,0.8171650157722767,0.9737543119999998,0.7859512195121952,0.7672380952380953,0.8056,0.01222,4028,1222,98778,972,0.39722266793250954,504.02870000107214,2750.6698000070173,
4,medium,sklearn_LOF,456,0.805029839117635,0.970785344,0.7769756097560976,0.7584761904761905,0.7964,0.01268,3982,1268,98732,1018,0.3695247530937191,518.3856000076048,2666.9945000030566,
4,medium,sklearn_LOF,789,0.8128374054525775,0.973010169,0.783219512195122,0.7645714285714286,0.8028,0.01236,4014,1236,98764,986,0.38709166049957144,501.7476000066381,2650.539700000081,
4,medium,sklearn_LOF,1024,0.809644336638422,0.9724965170000001,0.7869268292682927,0.7681904761904762,0.8066,0.01217,4033,1217,98783,967,0.37751714587211593,514.6156999981031,2657.97199998633,
0,easy,LOF-50,42,0.9203673387970746,0.984307005,0.8706341463414634,0.8499047619047619,0.8924,0.00788,4462,788,99212,538,0.5715366125106749,1317.6269000105094,4392.636899981881,
0,easy,LOF-50,123,0.9237752536845425,0.9840272409999999,0.8718048780487805,0.851047619047619,0.8936,0.00782,4468,782,99218,532,0.5654832184314701,1189.2224999901373,4347.967600013362,
0,easy,LOF-50,456,0.9233649289468264,0.984389376,0.8694634146341463,0.8487619047619047,0.8912,0.00794,4456,794,99206,544,0.5601999640464767,1419.576899992535,4374.018200003775,
0,easy,LOF-50,789,0.9229638974443363,0.9833380270000001,0.8684832904884319,0.8937566137566137,0.8446,0.00502,4223,502,99498,777,0.7956998574733734,1337.7858999883756,4541.095499997027,
0,easy,LOF-50,1024,0.9232850892760034,0.983719088,0.8721951219512195,0.8514285714285714,0.894,0.0078,4470,780,99220,530,0.5763240933418255,1297.3921000084374,4544.884200004162,
0,hard,LOF-50,42,0.6696846925454769,0.925375768,0.7103341902313625,0.731005291005291,0.6908,0.01271,3454,1271,98729,1546,0.4243761312961578,1269.3963999918196,4593.290699995123,
0,hard,LOF-50,123,0.6840725642509943,0.9255735279999999,0.7162982005141388,0.7371428571428571,0.6966,0.01242,3483,1242,98758,1517,0.4170110642910002,1270.5228999839164,4609.306400001515,
0,hard,LOF-50,456,0.680948391106341,0.925345809,0.7204113110539846,0.7413756613756614,0.7006,0.01222,3503,1222,98778,1497,0.41704235494136804,1362.7768000005744,4307.205699995393,
0,hard,LOF-50,789,0.6865718666653648,0.9236524850000001,0.7187660668380462,0.7396825396825397,0.699,0.0123,3495,1230,98770,1505,0.4243612605333328,1352.5070000032429,4839.730599982431,
0,hard,LOF-50,1024,0.6871627184335279,0.9257108310000001,0.7230848329048843,0.7441269841269841,0.7032,0.01209,3516,1209,98791,1484,0.42559159874916075,1495.3280999907292,4373.975099995732,
0,medium,LOF-50,42,0.7943369710801231,0.961390519,0.7933658536585366,0.7744761904761904,0.8132,0.01184,4066,1184,98816,934,0.4363164842128748,1245.7563999923877,4452.39190000575,
0,medium,LOF-50,123,0.8082037252464758,0.962266012,0.7994146341463415,0.7803809523809524,0.8194,0.01153,4097,1153,98847,903,0.4329143583774534,1267.0899000077043,4456.0542999824975,
0,medium,LOF-50,456,0.8067012191313944,0.9626762859999999,0.8003902439024391,0.7813333333333333,0.8204,0.01148,4102,1148,98852,898,0.431834810972213,1463.5680000064895,4585.546299989801,
0,medium,LOF-50,789,0.8085145485407006,0.9615656800000001,0.7972682926829269,0.7782857142857142,0.8172,0.01164,4086,1164,98836,914,0.4364468216896042,1267.8286000154912,4738.5973000200465,
0,medium,LOF-50,1024,0.8117328228828136,0.9626720040000001,0.8025365853658537,0.7834285714285715,0.8226,0.01137,4113,1137,98863,887,0.4423455834388722,1285.7294999994338,4379.146699997364,
1,easy,LOF-50,42,0.8474939496646782,0.956031097,0.8330434782608696,0.9123809523809524,0.7664,0.00368,3832,368,99632,1168,1.1531062221527097,1288.8421000097878,4694.747400004417,
1,easy,LOF-50,123,0.8530428997755058,0.957471709,0.8341304347826087,0.9135714285714286,0.7674,0.00363,3837,363,99637,1163,1.1565226316452013,1266.9423000188544,4258.087800000794,
1,easy,LOF-50,456,0.8507073413842922,0.95693759,0.8339130434782609,0.9133333333333333,0.7672,0.00364,3836,364,99636,1164,1.172431960105894,1336.5182999987155,4234.72030000994,
1,easy,LOF-50,789,0.8501181719171486,0.956478555,0.8332608695652174,0.9126190476190477,0.7666,0.00367,3833,367,99633,1167,1.1481816482543943,1197.3425000032876,4605.074999999488,
1,easy,LOF-50,1024,0.8479565881759245,0.9562040589999999,0.8295652173913044,0.9085714285714286,0.7632,0.00384,3816,384,99616,1184,1.155840568542475,1249.3176000134554,4307.036200014409,
1,hard,LOF-50,42,0.4572846803486442,0.834398347,0.4930434782608696,0.54,0.4536,0.01932,2268,1932,98068,2732,0.9314881992340087,1234.9930999916978,4410.553099995013,
1,hard,LOF-50,123,0.4702629460639717,0.8398486139999999,0.5161967213114754,0.7497142857142857,0.3936,0.00657,1968,657,99343,3032,1.0111531436443324,1244.1083999874536,4234.515499992995,
1,hard,LOF-50,456,0.4553087630712229,0.835389226,0.4941304347826087,0.5411904761904762,0.4546,0.01927,2273,1927,98073,2727,0.938920292854309,1395.5092999967746,4174.008099973435,
1,hard,LOF-50,789,0.46495311176329907,0.837065623,0.5222085889570552,0.6755555555555556,0.4256,0.01022,2128,1022,98978,2872,0.9593529200553894,1213.7750000110827,5101.372700009961,
1,hard,LOF-50,1024,0.46225673821992924,0.83922834,0.5033128834355828,0.6511111111111111,0.4102,0.01099,2051,1099,98901,2949,0.9988138794898986,1272.3084000172094,4453.659000020707,
1,medium,LOF-50,42,0.6235316580367932,0.894113909,0.6245533141210374,0.7371428571428571,0.5418,0.00966,2709,966,99034,2291,1.0261622989177706,1234.312399988994,4569.133300014073,
1,medium,LOF-50,123,0.6432203961114095,0.900252619,0.6542939481268012,0.7722448979591837,0.5676,0.00837,2838,837,99163,2162,0.9966679525375368,1310.2033999748528,4475.986800011015,
1,medium,LOF-50,456,0.6170673838968905,0.8956765849999999,0.6142331288343559,0.7946031746031746,0.5006,0.00647,2503,647,99353,2497,1.0769069218635556,1387.2827000159305,4483.692699985113,
1,medium,LOF-50,789,0.6260907346084011,0.896429468,0.6476080691642652,0.7643537414965986,0.5618,0.00866,2809,866,99134,2191,0.9759602427482618,1224.627799994778,4702.097300003516,
1,medium,LOF-50,1024,0.6221227014880529,0.8982078570000002,0.6215561959654179,0.7336054421768707,0.5392,0.00979,2696,979,99021,2304,1.0206877529621128,1277.917500003241,4244.751199992606,
2,easy,LOF-50,42,0.9292572033031465,0.9897253260000001,0.8775321336760925,0.903068783068783,0.8534,0.00458,4267,458,99542,733,0.698161522746083,1204.8497000068892,4522.064999997383,
2,easy,LOF-50,123,0.9276173967088686,0.9895794950000001,0.8730077120822622,0.8984126984126984,0.849,0.0048,4245,480,99520,755,0.7108979320526123,1286.729799991008,4299.2642000026535,
2,easy,LOF-50,456,0.9301548909550286,0.9895850800000001,0.8783547557840617,0.9039153439153439,0.8542,0.00454,4271,454,99546,729,0.6815207296609876,1322.51929998165,4250.057600002037,
2,easy,LOF-50,789,0.9302487672168864,0.9896443639999999,0.878560411311054,0.9041269841269841,0.8544,0.00453,4272,453,99547,728,0.6929412835836405,1300.4069000016898,4746.316400007345,
2,easy,LOF-50,1024,0.9308532997938446,0.990091971,0.8795886889460154,0.9051851851851852,0.8554,0.00448,4277,448,99552,723,0.6880521059036253,1329.7347000043374,4200.693699996918,
2,hard,LOF-50,42,0.68997323661001,0.939793235,0.7152699228791773,0.7360846560846561,0.6956,0.01247,3478,1247,98753,1522,0.39371974289417216,1251.8004000012297,4305.708700005198,
2,hard,LOF-50,123,0.6811295981019064,0.938222039,0.7084878048780487,0.6916190476190476,0.7262,0.01619,3631,1619,98381,1369,0.3523798286914819,1285.3714000084437,4351.439999998547,
2,hard,LOF-50,456,0.691626887430485,0.9392541919999999,0.715681233933162,0.7365079365079366,0.696,0.01245,3480,1245,98755,1520,0.38984768271446196,1292.750699998578,4409.2991999932565,
2,hard,LOF-50,789,0.6903470953638854,0.938638588,0.7119794344473007,0.7326984126984127,0.6924,0.01263,3462,1263,98737,1538,0.39609109461307523,1302.4982000060845,4243.868499994278,
2,hard,LOF-50,1024,0.6916828310041903,0.939527444,0.7134190231362468,0.7341798941798942,0.6938,0.01256,3469,1256,98744,1531,0.3931101411581034,1264.2893000156619,4310.153400001582,
2,medium,LOF-50,42,0.8153262879681832,0.9735334340000001,0.7951219512195122,0.7761904761904762,0.815,0.01175,4075,1175,98825,925,0.40658454298973046,1212.6833000220358,4253.452000004472,
2,medium,LOF-50,123,0.8080602000487519,0.97264789,0.7886829268292683,0.7699047619047619,0.8084,0.01208,4042,1208,98792,958,0.4176035881042477,1256.1844000010751,4497.715000004973,
2,medium,LOF-50,456,0.8152532182666038,0.972488654,0.7933658536585366,0.7744761904761904,0.8132,0.01184,4066,1184,98816,934,0.403008449077606,1232.008399994811,4456.437500019092,
2,medium,LOF-50,789,0.8194405909732948,0.973485328,0.7955121951219513,0.7765714285714286,0.8154,0.01173,4077,1173,98827,923,0.4149474799633011,1191.0364000068512,4269.856700004311,
2,medium,LOF-50,1024,0.8187587137635481,0.974096947,0.7934190231362468,0.8165079365079365,0.7716,0.00867,3858,867,99133,1142,0.4875063729286189,1337.2944000002462,4268.509599991376,
3,easy,LOF-50,42,0.9329183811998402,0.9919242699999999,0.877120822622108,0.9026455026455027,0.853,0.0046,4265,460,99540,735,0.6749373328685745,1315.2931999939028,4372.67929999507,
3,easy,LOF-50,123,0.9308786708551499,0.991939329,0.875681233933162,0.9011640211640212,0.8516,0.00467,4258,467,99533,742,0.670870428085326,1197.165199992014,4210.253900004318,
3,easy,LOF-50,456,0.9308528899295694,0.991981971,0.8746529562982005,0.9001058201058201,0.8506,0.00472,4253,472,99528,747,0.665633051991462,1225.5117000022437,4360.709400003543,
3,easy,LOF-50,789,0.9319274141323297,0.992222711,0.878560411311054,0.9041269841269841,0.8544,0.00453,4272,453,99547,728,0.6846719419956204,1294.7806000011042,4449.175599991577,
3,easy,LOF-50,1024,0.931810492895737,0.992054229,0.8781491002570694,0.9037037037037037,0.854,0.00455,4270,455,99545,730,0.6744399547576903,1285.1313999854028,4354.527599993162,
3,hard,LOF-50,42,0.677611516457466,0.9393250439999999,0.7000514138817481,0.7204232804232804,0.6808,0.01321,3404,1321,98679,1596,0.35003164768218986,1389.0623000042979,4179.6160000085365,
3,hard,LOF-50,123,0.6747391327235779,0.940240109,0.7019023136246787,0.7223280423280424,0.6826,0.01312,3413,1312,98688,1587,0.3557617104053497,1329.7839000006206,4302.987899980508,
3,hard,LOF-50,456,0.674953565322634,0.939132291,0.6982005141388175,0.7185185185185186,0.679,0.0133,3395,1330,98670,1605,0.3558016258478163,1243.6159000208136,4432.371799979592,
3,hard,LOF-50,789,0.6745365175606174,0.940476176,0.7002570694087403,0.7206349206349206,0.681,0.0132,3405,1320,98680,1595,0.35618561625480627,1294.2890000122134,4275.245500000892,
3,hard,LOF-50,1024,0.673997075083111,0.939311619,0.7008740359897172,0.7212698412698413,0.6816,0.01317,3408,1317,98683,1592,0.3558603233098983,1239.852200000314,4451.706900028512,
3,medium,LOF-50,42,0.8130388071007919,0.972845958,0.7939512195121952,0.7750476190476191,0.8138,0.01181,4069,1181,98819,931,0.3772976100444787,1208.0892999947537,4262.299699999858,
3,medium,LOF-50,123,0.8089336138074708,0.973760386,0.7925853658536586,0.7737142857142857,0.8124,0.01188,4062,1188,98812,938,0.37809647321700723,1290.5086999817286,4268.894900014857,
3,medium,LOF-50,456,0.8109246260175249,0.972968653,0.7888780487804878,0.770095238095238,0.8086,0.01207,4043,1207,98793,957,0.3766671717166884,1413.1041999789886,4356.628100009402,
3,medium,LOF-50,789,0.8117291048738426,0.973994474,0.7951219512195122,0.7761904761904762,0.815,0.01175,4075,1175,98825,925,0.3794497847557043,1208.8344999938272,4205.391099996632,
3,medium,LOF-50,1024,0.8115951074065768,0.973077573,0.7931707317073171,0.7742857142857142,0.813,0.01185,4065,1185,98815,935,0.3811151862144445,1197.638800018467,4402.428000001237,
4,easy,LOF-50,42,0.9286896952998358,0.9912950030000001,0.8732133676092545,0.8986243386243387,0.8492,0.00479,4246,479,99521,754,0.6658273535966857,1353.544999990845,4416.597200004617,
4,easy,LOF-50,123,0.9313552920854407,0.9911120090000001,0.877120822622108,0.9026455026455027,0.853,0.0046,4265,460,99540,735,0.6552983570098871,1238.5322999907658,4323.72139999643,
4,easy,LOF-50,456,0.9294846363103468,0.991136577,0.8769151670951156,0.9024338624338625,0.8528,0.00461,4264,461,99539,736,0.6423806023597713,1341.5171999949962,4193.978800001787,
4,easy,LOF-50,789,0.9294980633619919,0.9912840549999999,0.8752699228791774,0.9007407407407407,0.8512,0.00469,4256,469,99531,744,0.6577236241102216,1395.4719999746885,4558.982400019886,
4,easy,LOF-50,1024,0.929200609977429,0.9911228430000001,0.8744473007712082,0.8998941798941799,0.8504,0.00473,4252,473,99527,748,0.6507001054286952,1263.3777000010014,4493.518300005235,
4,hard,LOF-50,42,0.6482025010055359,0.9377215409999999,0.6827317073170732,0.6664761904761904,0.6998,0.01751,3499,1751,98249,1501,0.2778107285499561,1350.6522999959998,4353.787100000773,
4,hard,LOF-50,123,0.6500477487975774,0.9365013629999999,0.679219512195122,0.663047619047619,0.6962,0.01769,3481,1769,98231,1519,0.2780757367610923,1269.47760002804,4484.810299996752,
4,hard,LOF-50,456,0.6494807652373564,0.93673396,0.6776585365853659,0.6615238095238095,0.6946,0.01777,3473,1777,98223,1527,0.27868118882179177,1249.1035999846645,4393.251600005897,
4,hard,LOF-50,789,0.6440544948941784,0.937449086,0.6780487804878049,0.6619047619047619,0.695,0.01775,3475,1775,98225,1525,0.28548126220703074,1288.2199000159744,4244.069300009869,
4,hard,LOF-50,1024,0.6450004560700279,0.935228544,0.678439024390244,0.6622857142857143,0.6954,0.01773,3477,1773,98227,1523,0.28022273182868895,1233.402699988801,4299.692100001266,
4,medium,LOF-50,42,0.8118993002122024,0.974251636,0.7873170731707317,0.7685714285714286,0.807,0.01215,4035,1215,98785,965,0.36062819361686677,1254.4240000133868,4364.6207000128925,
4,medium,LOF-50,123,0.8140231409131498,0.974057784,0.783219512195122,0.7645714285714286,0.8028,0.01236,4014,1236,98764,986,0.3610310256481165,1298.6082999850623,4392.791999998735,
4,medium,LOF-50,456,0.810632409803247,0.9731664590000001,0.7812853470437018,0.804021164021164,0.7598,0.00926,3799,926,99074,1201,0.428194609880447,1207.2192000050563,4257.009699998889,
4,medium,LOF-50,789,0.8088477378937193,0.9739131150000001,0.7824390243902439,0.7638095238095238,0.802,0.0124,4010,1240,98760,990,0.3600072503089893,1189.372299995739,4307.655699987663,
4,medium,LOF-50,1024,0.808546253573458,0.972739501,0.7802926829268293,0.7617142857142857,0.7998,0.01251,3999,1251,98749,1001,0.3636870086193081,1304.3742000008933,4277.565600001253,
0,easy,CA-DIF-EIA,42,0.5310543046810273,0.9434676500000001,0.5815929203539822,0.5215873015873016,0.6572,0.03014,3286,3014,96986,1714,0.6012276805862543,1123.3929000154603,662.3924000014085,
0,easy,CA-DIF-EIA,123,0.5819045893458118,0.9476489419999999,0.6006496519721578,0.5603463203463204,0.6472,0.02539,3236,2539,97461,1764,0.6108994671319288,1119.1035000083502,659.395399998175,
0,easy,CA-DIF-EIA,456,0.5651108025126458,0.9457641219999999,0.5870796460176991,0.5265079365079365,0.6634,0.02983,3317,2983,97017,1683,0.6050922247600161,1070.2719000109937,655.971000000136,
0,easy,CA-DIF-EIA,789,0.5356857038675567,0.9441933459999999,0.5817699115044248,0.5217460317460317,0.6574,0.03013,3287,3013,96987,1713,0.6030434296953918,1089.3818000040483,656.2593999842647,
0,easy,CA-DIF-EIA,1024,0.5204346810836802,0.9454356800000001,0.584070796460177,0.5238095238095238,0.66,0.03,3300,3000,97000,1700,0.6029012070625266,1072.6357999956235,660.763499996392,
0,hard,CA-DIF-EIA,42,0.11128567074677159,0.765691328,0.1945668449197861,0.12375510204081633,0.4548,0.16101,2274,16101,83899,2726,0.5129738214163387,1151.2071000179276,668.3854000002611,
0,hard,CA-DIF-EIA,123,0.11631861061025285,0.770547687,0.2019283065512979,0.1341215106732348,0.4084,0.13183,2042,13183,86817,2958,0.5267704970758335,1098.2165999885183,666.9914000085555,
0,hard,CA-DIF-EIA,456,0.1077101131985662,0.7576826830000001,0.1895632698768197,0.12213564213564214,0.4232,0.15209,2116,15209,84791,2884,0.5190533583814853,1201.0566999961156,658.6835000198334,
0,hard,CA-DIF-EIA,789,0.10923078237697681,0.7600089259999999,0.19162374020156775,0.12346320346320347,0.4278,0.15186,2139,15186,84814,2861,0.5172066327773027,1087.6555000140797,661.8902000191156,
0,hard,CA-DIF-EIA,1024,0.11163501299242429,0.7654609250000001,0.19572267920094008,0.12792626728110598,0.4164,0.14193,2082,14193,85807,2918,0.5249984804262109,1079.5261999883223,703.0341000063345,
0,medium,CA-DIF-EIA,42,0.24006570522260218,0.883887652,0.3541993957703927,0.25376623376623375,0.5862,0.08619,2931,8619,91381,2069,0.5460168477727981,1118.1892000022344,656.0182000102941,
0,medium,CA-DIF-EIA,123,0.25963545392582826,0.8908934159999999,0.3723539232053422,0.2794987468671679,0.5576,0.07187,2788,7187,92813,2212,0.5573702329967387,1102.184599993052,658.9203999901656,
0,medium,CA-DIF-EIA,456,0.24611860746971567,0.885698476,0.35556942277691106,0.2584126984126984,0.5698,0.08176,2849,8176,91824,2151,0.5524175838164411,1112.0060000102967,656.7021000082605,
0,medium,CA-DIF-EIA,789,0.23922877663595063,0.8853639689999999,0.35395770392749243,0.2535930735930736,0.5858,0.08621,2929,8621,91379,2071,0.5478894264530271,1082.4637000041548,658.0389999726322,
0,medium,CA-DIF-EIA,1024,0.24427974721390755,0.889393043,0.36247078464106847,0.27208020050125314,0.5428,0.07261,2714,7261,92739,2286,0.5580810096992649,1112.8044999786653,677.3425999854226,
1,easy,CA-DIF-EIA,42,0.47926763567450553,0.942233234,0.559323467230444,0.48454212454212453,0.6614,0.03518,3307,3518,96482,1693,0.6061125529659565,1130.9959999925923,682.936700002756,
1,easy,CA-DIF-EIA,123,0.5287516649723736,0.943310726,0.5632135306553911,0.4879120879120879,0.666,0.03495,3330,3495,96505,1670,0.6072323869015847,1103.0589999863878,705.261299997801,
1,easy,CA-DIF-EIA,456,0.4282855209775335,0.9382852519999999,0.5392712550607287,0.4530612244897959,0.666,0.0402,3330,4020,95980,1670,0.6007584335708246,1133.1148000026587,657.5790999922901,
1,easy,CA-DIF-EIA,789,0.49069941130936817,0.940713804,0.5489878542510122,0.46122448979591835,0.678,0.0396,3390,3960,96040,1610,0.6027329844826003,1148.0295000073966,651.991300022928,
1,easy,CA-DIF-EIA,1024,0.5012343314312068,0.945030542,0.5623008849557523,0.5042857142857143,0.6354,0.03123,3177,3123,96877,1823,0.6126710140121276,1114.0700999822002,653.1688999966718,
1,hard,CA-DIF-EIA,42,0.10150947567562109,0.755460802,0.18561538461538463,0.1149047619047619,0.4826,0.18587,2413,18587,81413,2587,0.5165577534386405,1199.7657000028994,666.7205999838188,
1,hard,CA-DIF-EIA,123,0.10364657213164766,0.7589629920000001,0.1871638861629048,0.11643467643467643,0.4768,0.18091,2384,18091,81909,2616,0.5197117305427704,1132.2691999957897,674.2729999823496,
1,hard,CA-DIF-EIA,456,0.09674221508768588,0.7509998730000002,0.1823748773307164,0.11345543345543345,0.4646,0.18152,2323,18152,81848,2677,0.5196423416902115,1119.7484000003897,645.3730999783147,
1,hard,CA-DIF-EIA,789,0.10086807219783989,0.755142568,0.18276923076923077,0.11314285714285714,0.4752,0.18624,2376,18624,81376,2624,0.515929319362123,1106.3239999930374,664.3770999799017,
1,hard,CA-DIF-EIA,1024,0.10326230487391383,0.757689263,0.18646153846153846,0.11542857142857142,0.4848,0.18576,2424,18576,81424,2576,0.518017355987796,1096.233599993866,692.013699997915,
1,medium,CA-DIF-EIA,42,0.21573230397282886,0.880312109,0.3372809667673716,0.24164502164502163,0.5582,0.08759,2791,8759,91241,2209,0.5573368037585513,1139.0664000064135,657.9891000001226,
1,medium,CA-DIF-EIA,123,0.22653913362687056,0.8816509299999999,0.34541935483870967,0.25495238095238093,0.5354,0.07823,2677,7823,92177,2323,0.5644149961825997,1211.241400014842,659.3551999831107,
1,medium,CA-DIF-EIA,456,0.19954344413687308,0.8763573130000001,0.32430344827586205,0.22392380952380952,0.5878,0.10186,2939,10186,89814,2061,0.5518318941385362,1109.070900012739,647.4721999838948,
1,medium,CA-DIF-EIA,789,0.21004561539334385,0.8781693840000001,0.32604229607250756,0.2335930735930736,0.5396,0.08852,2698,8852,91148,2302,0.5598692079074339,1115.307500003837,647.7339999983087,
1,medium,CA-DIF-EIA,1024,0.22100486423014098,0.883360126,0.34211480362537766,0.2451082251082251,0.5662,0.08719,2831,8719,91281,2169,0.5589255376771548,1092.9498000186868,717.3297999834176,
2,easy,CA-DIF-EIA,42,0.4903203978432311,0.942018984,0.551255060728745,0.46312925170068026,0.6808,0.03946,3404,3946,96054,1596,0.6012071030925267,1157.2711000044364,643.4615000034682,
2,easy,CA-DIF-EIA,123,0.5786612294962672,0.9451536739999999,0.5908292682926829,0.5767619047619048,0.6056,0.02222,3028,2222,97778,1972,0.6225288063345332,1127.1972999966238,641.7370999988634,
2,easy,CA-DIF-EIA,456,0.49292563002945217,0.941782864,0.5467206477732793,0.45931972789115644,0.6752,0.03974,3376,3974,96026,1624,0.6026218573512792,1130.1338000048418,643.7076999864075,
2,easy,CA-DIF-EIA,789,0.5269348966917842,0.943725208,0.5624129930394431,0.5246753246753246,0.606,0.02745,3030,2745,97255,1970,0.6194545407674188,1087.9286999988835,637.6835999835748,
2,easy,CA-DIF-EIA,1024,0.49176683029931156,0.943024238,0.5515789473684211,0.4634013605442177,0.6812,0.03944,3406,3944,96056,1594,0.6011227367388966,1083.3723999967333,645.4894000198692,
2,hard,CA-DIF-EIA,42,0.10449820198947359,0.763546813,0.18938461538461537,0.11723809523809524,0.4924,0.18538,2462,18538,81462,2538,0.513958420260126,1077.5042999885045,647.2469999862369,
2,hard,CA-DIF-EIA,123,0.1056772263108301,0.7624961539999999,0.18784615384615386,0.11628571428571428,0.4884,0.18558,2442,18558,81442,2558,0.5170186579000571,1122.105799993733,641.9435999996495,
2,hard,CA-DIF-EIA,456,0.09799794133237441,0.746855255,0.17815384615384616,0.11028571428571429,0.4632,0.18684,2316,18684,81316,2684,0.5171865600973378,1131.8084999802522,650.7513000105973,
2,hard,CA-DIF-EIA,789,0.10364401959771782,0.761191959,0.18676923076923077,0.11561904761904762,0.4856,0.18572,2428,18572,81428,2572,0.5165545217057553,1125.2244000206701,652.5261000206228,
2,hard,CA-DIF-EIA,1024,0.1057161440423261,0.7601987800000001,0.18653846153846154,0.11547619047619048,0.485,0.18575,2425,18575,81425,2575,0.5171462343932995,1120.2621999836992,667.7352999977302,
2,medium,CA-DIF-EIA,42,0.21758624605102764,0.87964152,0.34134165366614666,0.24807256235827665,0.547,0.0829,2735,8290,91710,2265,0.5584215706571067,1130.6482999934815,637.4419000057969,
2,medium,CA-DIF-EIA,123,0.23312418898733095,0.8813897919999999,0.3428380634390651,0.25734335839599,0.5134,0.07408,2567,7408,92592,2433,0.5666660502080453,1143.026200006716,640.887899993686,
2,medium,CA-DIF-EIA,456,0.2097974531749366,0.876172945,0.3328843338213763,0.2353623188405797,0.5684,0.09233,2842,9233,90767,2158,0.5551857137069468,1133.4339999884833,652.0440999884158,
2,medium,CA-DIF-EIA,789,0.22256632106625002,0.88064136,0.33569546120058563,0.23734989648033125,0.5732,0.09209,2866,9209,90791,2134,0.5564397349528126,1097.537800000282,660.8357999939471,
2,medium,CA-DIF-EIA,1024,0.22255077190389966,0.8816385499999999,0.344,0.2539047619047619,0.5332,0.07834,2666,7834,92166,2334,0.5624462925447584,1093.5996000189334,649.6128000144381,
3,easy,CA-DIF-EIA,42,0.5299836524088732,0.943709718,0.5611136890951276,0.5234632034632034,0.6046,0.02752,3023,2752,97248,1977,0.6151570924269094,1091.5024999994785,644.9084000196308,
3,easy,CA-DIF-EIA,123,0.5459966138466094,0.942072442,0.5709268292682926,0.5573333333333333,0.5852,0.02324,2926,2324,97676,2074,0.6212832645122691,1161.920500017004,650.0118999974802,
3,easy,CA-DIF-EIA,456,0.5049302670819609,0.941707946,0.5504424778761062,0.4936507936507937,0.622,0.0319,3110,3190,96810,1890,0.6114242923720463,1140.691800013883,639.5412999845576,
3,easy,CA-DIF-EIA,789,0.5477344198804033,0.9430760060000001,0.5725449871465296,0.5892063492063492,0.5568,0.01941,2784,1941,98059,2216,0.630668314558657,1077.1872000186704,637.923000002047,
3,easy,CA-DIF-EIA,1024,0.4886678190927666,0.94417436,0.5542494714587738,0.48014652014652015,0.6554,0.03548,3277,3548,96452,1723,0.6075896715708978,1103.0912999995053,641.5867999894544,
3,hard,CA-DIF-EIA,42,0.10040780458495963,0.7489440030000001,0.1753846153846154,0.10857142857142857,0.456,0.1872,2280,18720,81280,2720,0.5140763007921783,1157.570699986536,635.7665999967139,
3,hard,CA-DIF-EIA,123,0.10210821558317786,0.752582081,0.1763076923076923,0.10914285714285714,0.4584,0.18708,2292,18708,81292,2708,0.5167181766810962,1107.5605999794789,672.4566999764647,
3,hard,CA-DIF-EIA,456,0.09560698395078279,0.7382536220000001,0.17007692307692307,0.10528571428571429,0.4422,0.18789,2211,18789,81211,2789,0.5186607003172552,1089.1970999946352,643.6765000107698,
3,hard,CA-DIF-EIA,789,0.09783441124297139,0.742004918,0.17246153846153847,0.10676190476190477,0.4484,0.18758,2242,18758,81242,2758,0.5163829050895109,1132.0372000045609,688.0544000014197,
3,hard,CA-DIF-EIA,1024,0.10179755805034414,0.75169618,0.18128966223132037,0.11397683397683397,0.4428,0.17211,2214,17211,82789,2786,0.5232449119329766,1128.1234999769367,654.982200008817,
3,medium,CA-DIF-EIA,42,0.21803085289584573,0.874712116,0.3316965517241379,0.22902857142857141,0.6012,0.10119,3006,10119,89881,1994,0.5486960111627965,1113.0348999868147,653.1935000093654,
3,medium,CA-DIF-EIA,123,0.2174284370974601,0.871016193,0.3222254758418741,0.22782608695652173,0.5502,0.09324,2751,9324,90676,2249,0.5550210741002711,1113.7005999917164,691.7066999885719,
3,medium,CA-DIF-EIA,456,0.20593333731784794,0.8706210529999999,0.31935656836461124,0.21816849816849818,0.5956,0.10672,2978,10672,89328,2022,0.5500030657549319,1105.8636000088882,647.0292000158224,
3,medium,CA-DIF-EIA,789,0.21362466077463446,0.87024012,0.31800878477306005,0.2248447204968944,0.543,0.0936,2715,9360,90640,2285,0.556417558053282,1130.292499990901,645.1770999992732,
3,medium,CA-DIF-EIA,1024,0.21429327713404178,0.877014482,0.33597503900156006,0.24417233560090704,0.5384,0.08333,2692,8333,91667,2308,0.5600298842316432,1100.746899988735,646.7405000003055,
4,easy,CA-DIF-EIA,42,0.5428214695014937,0.9450034059999999,0.5733642691415313,0.5348917748917749,0.6178,0.02686,3089,2686,97314,1911,0.6163111539440845,1170.3139999881387,657.5089000107255,
4,easy,CA-DIF-EIA,123,0.5683191374072307,0.946015302,0.5943444730077121,0.6116402116402117,0.578,0.01835,2890,1835,98165,2110,0.6271764912712616,1098.6925000033807,644.2502999852877,
4,easy,CA-DIF-EIA,456,0.4819195094682178,0.94211515,0.5614849187935035,0.5238095238095238,0.605,0.0275,3025,2750,97250,1975,0.6158090435615828,1091.4945999975316,643.9419999951497,
4,easy,CA-DIF-EIA,789,0.5077004745929823,0.9399709159999999,0.5472566371681415,0.4907936507936508,0.6184,0.03208,3092,3208,96792,1908,0.6149520606092437,1119.075199996587,679.3448999815155,
4,easy,CA-DIF-EIA,1024,0.505025400799799,0.942479732,0.5498520084566596,0.47633699633699633,0.6502,0.03574,3251,3574,96426,1749,0.6075686524310939,1082.5782000028994,647.4415000120644,
4,hard,CA-DIF-EIA,42,0.1065935827364356,0.761591699,0.185,0.11452380952380953,0.481,0.18595,2405,18595,81405,2595,0.5174396372155167,1133.320699998876,675.6717000098433,
4,hard,CA-DIF-EIA,123,0.10200613503440162,0.752776432,0.1783076923076923,0.11038095238095239,0.4636,0.18682,2318,18682,81318,2682,0.5174326517452884,1116.6149000055157,647.8734999836888,
4,hard,CA-DIF-EIA,456,0.0994373571245015,0.751003154,0.17876349362119726,0.11120879120879121,0.4554,0.18198,2277,18198,81802,2723,0.5189034048937397,1120.6770999997389,660.9324000019114,
4,hard,CA-DIF-EIA,789,0.10002936784959271,0.7523423490000001,0.17861538461538462,0.11057142857142857,0.4644,0.18678,2322,18678,81322,2678,0.5193979223452109,1121.7827999789733,653.0291000090074,
4,hard,CA-DIF-EIA,1024,0.10211947540341304,0.7561990359999999,0.1786064769381747,0.1111111111111111,0.455,0.182,2275,18200,81800,2725,0.521409517302476,1083.7750999780837,666.9439999968745,
4,medium,CA-DIF-EIA,42,0.23415425880286098,0.881725836,0.34453172205438065,0.24683982683982683,0.5702,0.08699,2851,8699,91301,2149,0.5588045152959332,1150.8513999870047,640.0816999957897,
4,medium,CA-DIF-EIA,123,0.23156685134431923,0.8789323820000002,0.34363939899833057,0.2579448621553885,0.5146,0.07402,2573,7402,92598,2427,0.5653024199746594,1137.8962000017054,648.7240999995265,
4,medium,CA-DIF-EIA,456,0.21317775340055303,0.8746826739999998,0.33341389728096676,0.23887445887445888,0.5518,0.08791,2759,8791,91209,2241,0.5581890567577897,1083.5032000031788,642.498599976534,
4,medium,CA-DIF-EIA,789,0.21317399020390676,0.872521587,0.31812591508052707,0.22492753623188405,0.5432,0.09359,2716,9359,90641,2284,0.559446795442438,1170.9832999913488,654.3003999977373,
4,medium,CA-DIF-EIA,1024,0.21623137157055705,0.8761432429999999,0.32978851963746225,0.23627705627705628,0.5458,0.08821,2729,8821,91179,2271,0.5588234139581842,1087.4157999933232,657.9270999936853,
0,easy,METER-SCD,42,0.5405178220443233,0.9438564580000001,0.5729203539823009,0.5138095238095238,0.6474,0.03063,3237,3063,96937,1763,0.6039033981981377,563.5997999925166,681.2142000126187,
0,easy,METER-SCD,123,0.5874264692126111,0.9485259320000001,0.6120975609756097,0.5975238095238096,0.6274,0.02113,3137,2113,97887,1863,0.6144918792040677,508.10530001763254,679.1894000198226,
0,easy,METER-SCD,456,0.5362605778684819,0.9462454819999999,0.588495575221239,0.5277777777777778,0.665,0.02975,3325,2975,97025,1675,0.6043696865612362,494.9795999855269,663.261000008788,
0,easy,METER-SCD,789,0.5333425127345446,0.94397997,0.5715010570824525,0.4950915750915751,0.6758,0.03446,3379,3446,96554,1621,0.6001313194866752,489.5317000045907,675.6724000151735,
0,easy,METER-SCD,1024,0.535229357993958,0.946738254,0.5895127610208817,0.54995670995671,0.6352,0.02599,3176,2599,97401,1824,0.6075414517735069,517.1215000154916,667.4494000035338,
0,hard,METER-SCD,42,0.1126177998023547,0.770163553,0.19970053475935828,0.12702040816326532,0.4668,0.16041,2334,16041,83959,2666,0.5148661103382256,522.1690000034869,656.3000000023749,
0,hard,METER-SCD,123,0.11583380271530506,0.7686054990000001,0.19798432250839865,0.12756132756132757,0.442,0.15115,2210,15115,84885,2790,0.5192116177259485,486.6263000003528,661.0809999983758,
0,hard,METER-SCD,456,0.11012368441468334,0.75933806,0.19376146788990825,0.12571428571428572,0.4224,0.14688,2112,14688,85312,2888,0.5200613756069671,502.2205999994185,671.8950000067707,
0,hard,METER-SCD,789,0.11151824777352869,0.76466118,0.19649890590809627,0.1257703081232493,0.449,0.15605,2245,15605,84395,2755,0.5163040729945505,515.4000999755226,686.420400015777,
0,hard,METER-SCD,1024,0.11487499043136945,0.771286372,0.2011372064276885,0.1335960591133005,0.4068,0.13191,2034,13191,86809,2966,0.5253637884145034,485.25499997776933,661.9018000201322,
0,medium,METER-SCD,42,0.246956004869456,0.88687485,0.3606864274570983,0.2621315192743764,0.578,0.08135,2890,8135,91865,2110,0.5513717103778052,486.38299998128787,664.0169000020251,
0,medium,METER-SCD,123,0.26628426043074094,0.892662282,0.37084380610412926,0.28929971988795516,0.5164,0.06343,2582,6343,93657,2418,0.5630572756304202,504.73230000352487,668.4321999782696,
0,medium,METER-SCD,456,0.25022513570310456,0.8894619949999999,0.37314878892733566,0.2852910052910053,0.5392,0.06754,2696,6754,93246,2304,0.5588663672945776,493.30259999260306,660.6817999854684,
0,medium,METER-SCD,789,0.24351768584599398,0.886868014,0.36118564742589704,0.26249433106575965,0.5788,0.08131,2894,8131,91869,2106,0.5517966519475609,504.01860001147725,663.4596000076272,
0,medium,METER-SCD,1024,0.2491778357788957,0.891835533,0.37006451612903224,0.27314285714285713,0.5736,0.07632,2868,7632,92368,2132,0.5531077340770749,512.9215999913868,701.5765000251122,
1,easy,METER-SCD,42,0.4796675855730718,0.9414323680000001,0.5540803382663848,0.48,0.6552,0.03549,3276,3549,96451,1724,0.6074757629730209,539.0836999868043,648.9576000021771,
1,easy,METER-SCD,123,0.49848060198666533,0.9432219199999999,0.5688495575221238,0.5101587301587301,0.6428,0.03086,3214,3086,96914,1786,0.6133774031202942,501.4206999912858,651.2647999916226,
1,easy,METER-SCD,456,0.4551664442541031,0.9401836920000001,0.5491754756871036,0.47575091575091577,0.6494,0.03578,3247,3578,96422,1753,0.6079341090643192,576.0217999923043,682.6225999975577,
1,easy,METER-SCD,789,0.5021556508556168,0.9414324920000001,0.5539823008849557,0.49682539682539684,0.626,0.0317,3130,3170,96830,1870,0.6161696666059093,502.57119999150746,644.486599980155,
1,easy,METER-SCD,1024,0.47187237589507647,0.9424077199999998,0.5572938689217759,0.4827838827838828,0.659,0.0353,3295,3530,96470,1705,0.6090740343692048,492.4366000050213,655.8129999903031,
1,hard,METER-SCD,42,0.10025732615425395,0.753663501,0.1843846153846154,0.11414285714285714,0.4794,0.18603,2397,18603,81397,2603,0.5160494203495067,487.8057999885641,638.6413000000175,
1,hard,METER-SCD,123,0.10391936251983,0.7608129390000001,0.18676923076923077,0.11561904761904762,0.4856,0.18572,2428,18572,81428,2572,0.5197919753680954,492.20120001700707,668.907900020713,
1,hard,METER-SCD,456,0.09704332104175513,0.744360684,0.17858751279426816,0.11227799227799228,0.4362,0.17244,2181,17244,82756,2819,0.523376574742505,545.6046000181232,669.4768000161275,
1,hard,METER-SCD,789,0.10023801877056454,0.753333947,0.18607692307692308,0.11519047619047619,0.4838,0.18581,2419,18581,81419,2581,0.515500118841162,519.1967000137083,644.9815999949351,
1,hard,METER-SCD,1024,0.10167172751098709,0.757345181,0.18453846153846154,0.11423809523809524,0.4798,0.18601,2399,18601,81399,2601,0.5206354554114144,497.34169998555444,659.474499989301,
1,medium,METER-SCD,42,0.2120775416575608,0.8793309049999998,0.3312445095168375,0.23420289855072463,0.5656,0.09247,2828,9247,90753,2172,0.5558735738989374,516.5154999995138,670.1212999760173,
1,medium,METER-SCD,123,0.2252032948291336,0.8836932460000001,0.34425806451612906,0.2540952380952381,0.5336,0.07832,2668,7832,92168,2332,0.5664582938919351,495.18610001541674,655.500499997288,
1,medium,METER-SCD,456,0.20663450636633524,0.8757572880000001,0.3313595166163142,0.2374025974025974,0.5484,0.08808,2742,8808,91192,2258,0.5590214057644531,494.5372999936808,646.8075000157114,
1,medium,METER-SCD,789,0.21396922143106786,0.87769673,0.33196374622356495,0.23783549783549784,0.5494,0.08803,2747,8803,91197,2253,0.558570368044194,502.9066000133753,658.200499980012,
1,medium,METER-SCD,1024,0.21894581658819662,0.8835896910000001,0.34090634441087614,0.24424242424242423,0.5642,0.08729,2821,8729,91271,2179,0.5623270629826033,491.7405000014696,650.8488999970723,
2,easy,METER-SCD,42,0.5280597882002754,0.942648696,0.5543362831858407,0.49714285714285716,0.6264,0.03168,3132,3168,96832,1868,0.614601655789884,514.5032999862451,693.1116000050679,
2,easy,METER-SCD,123,0.5618989379396622,0.946013684,0.5830243902439024,0.5691428571428572,0.5976,0.02262,2988,2262,97738,2012,0.6226231029244371,501.8829999899026,645.2518000151031,
2,easy,METER-SCD,456,0.47540049604831225,0.9422011640000001,0.5533603238866397,0.4648979591836735,0.6834,0.03933,3417,3933,96067,1583,0.6041383998361369,506.1295999912545,666.50250001112,
2,easy,METER-SCD,789,0.5305019534874161,0.9431425499999999,0.5527433628318584,0.4957142857142857,0.6246,0.03177,3123,3177,96823,1877,0.617158530367405,537.7555000013672,642.0998999965377,
2,easy,METER-SCD,1024,0.5006653186264013,0.943088742,0.5555752212389381,0.4982539682539682,0.6278,0.03161,3139,3161,96839,1861,0.6140192546455824,511.44850000855513,644.7095999901649,
2,hard,METER-SCD,42,0.1050034467676862,0.7636553749999999,0.18853846153846154,0.11671428571428571,0.4902,0.18549,2451,18549,81451,2549,0.5152113988833082,504.22360000084154,655.4784000036307,
2,hard,METER-SCD,123,0.10581570179267571,0.763556454,0.18815384615384614,0.11647619047619047,0.4892,0.18554,2446,18554,81446,2554,0.5146814089130689,530.1559999934398,685.232099989662,
2,hard,METER-SCD,456,0.09936977521483782,0.750796786,0.18158979391560354,0.11296703296703296,0.4626,0.18162,2313,18162,81838,2687,0.5184450087487901,495.64370000734925,655.9961000166368,
2,hard,METER-SCD,789,0.10294728057753176,0.758994037,0.18553846153846154,0.11485714285714285,0.4824,0.18588,2412,18588,81412,2588,0.5149280072020889,491.34479998610914,642.8690000029746,
2,hard,METER-SCD,1024,0.10499451778523829,0.7619414880000001,0.18838461538461537,0.11661904761904762,0.4898,0.18551,2449,18551,81449,2551,0.5167623317548423,493.23430002550595,648.3742000127677,
2,medium,METER-SCD,42,0.22353813350478138,0.88008607,0.340497803806735,0.24074534161490682,0.5814,0.09168,2907,9168,90832,2093,0.5558052150358944,491.2099000066519,639.0649999957532,
2,medium,METER-SCD,123,0.23100018239309444,0.8830582380000002,0.3438709677419355,0.2538095238095238,0.533,0.07835,2665,7835,92165,2335,0.5617334226681348,498.7911000207532,650.8562000235543,
2,medium,METER-SCD,456,0.21092243783152245,0.879333669,0.33897035881435256,0.24634920634920635,0.5432,0.08309,2716,8309,91691,2284,0.5613463253674373,495.81860000034794,644.84779999475,
2,medium,METER-SCD,789,0.21811552669286102,0.8796399159999999,0.3325329428989751,0.23511387163561076,0.5678,0.09236,2839,9236,90764,2161,0.5554164640578999,519.8036999790929,656.1760999902617,
2,medium,METER-SCD,1024,0.22111488333300391,0.879801242,0.3401812688821752,0.24372294372294373,0.563,0.08735,2815,8735,91265,2185,0.5582128536426652,512.5147000071593,668.7512999924365,
3,easy,METER-SCD,42,0.5088646970581494,0.94031716,0.5539823008849557,0.49682539682539684,0.626,0.0317,3130,3170,96830,1870,0.6105920114955894,491.5196000074502,647.0913999946788,
3,easy,METER-SCD,123,0.5193819345246816,0.942226594,0.5650731707317073,0.5516190476190476,0.5792,0.02354,2896,2354,97646,2104,0.6189242153281915,520.2319999807514,644.725100020878,
3,easy,METER-SCD,456,0.5326856022313359,0.9449402040000002,0.5569911504424778,0.49952380952380954,0.6294,0.03153,3147,3153,96847,1853,0.6117333638089661,494.7268999821972,664.4310000119731,
3,easy,METER-SCD,789,0.5396475799250497,0.9431717960000001,0.5728780487804878,0.5592380952380952,0.5872,0.02314,2936,2314,97686,2064,0.6232837643368015,494.2575999884866,651.5992000058759,
3,easy,METER-SCD,1024,0.47381589471142194,0.94083412,0.5437632135306554,0.47106227106227105,0.643,0.0361,3215,3610,96390,1785,0.6061416950769835,511.28659999812953,648.683900013566,
3,hard,METER-SCD,42,0.0992416921476546,0.747159438,0.1743076923076923,0.1079047619047619,0.4532,0.18734,2266,18734,81266,2734,0.5152926823931517,487.8131000150461,655.622799997218,
3,hard,METER-SCD,123,0.10207638763047694,0.7522350019999999,0.17763527054108216,0.11107769423558897,0.4432,0.17734,2216,17734,82266,2784,0.5218399830178073,507.7004000195302,646.2695999944117,
3,hard,METER-SCD,456,0.09748082592436537,0.7421625810000001,0.17323076923076924,0.10723809523809524,0.4504,0.18748,2252,18748,81252,2748,0.5162946935019596,551.6791999980342,638.0086000135634,
3,hard,METER-SCD,789,0.10114625654966486,0.748509808,0.17656526005888126,0.10984126984126984,0.4498,0.18226,2249,18226,81774,2751,0.519297891490583,489.055299985921,651.6071000078227,
3,hard,METER-SCD,1024,0.09979878415047248,0.7508721730000001,0.1773846153846154,0.10980952380952382,0.4612,0.18694,2306,18694,81306,2694,0.5182734732960608,501.9550000142772,650.1664000097662,
3,medium,METER-SCD,42,0.20596953032555604,0.868147746,0.3201248049921997,0.23265306122448978,0.513,0.0846,2565,8460,91540,2435,0.5568993906122637,498.68690001312643,644.1402999917045,
3,medium,METER-SCD,123,0.21912972080696405,0.8752769119999999,0.32886363636363636,0.22968253968253968,0.5788,0.09706,2894,9706,90294,2106,0.5539291132699024,487.5811999954749,655.2334000007249,
3,medium,METER-SCD,456,0.2169091091964217,0.875507691,0.33126005361930294,0.2263003663003663,0.6178,0.10561,3089,10561,89439,1911,0.5467861416641243,512.8242999780923,717.1981999999844,
3,medium,METER-SCD,789,0.21742040224382303,0.873462242,0.32353887399463804,0.221025641025641,0.6034,0.10633,3017,10633,89367,1983,0.5502598264756982,495.90700000408106,652.0505999797024,
3,medium,METER-SCD,1024,0.20331716762545715,0.871984744,0.32045454545454544,0.22380952380952382,0.564,0.0978,2820,9780,90220,2180,0.5532588769082972,562.9850999976043,653.4586999914609,
4,easy,METER-SCD,42,0.4913581593557365,0.940360918,0.5557522123893806,0.4984126984126984,0.628,0.0316,3140,3160,96840,1860,0.6111161752653521,488.8360000040848,647.4991000141017,
4,easy,METER-SCD,123,0.5438266328776092,0.9427100620000001,0.5758048780487804,0.5620952380952381,0.5902,0.02299,2951,2299,97701,2049,0.6223934479784463,555.4734999896027,707.361899985699,
4,easy,METER-SCD,456,0.49818289327042303,0.941160946,0.5557308584686775,0.5184415584415585,0.5988,0.02781,2994,2781,97219,2006,0.6154475224138146,616.7660000210162,672.9132999898866,
4,easy,METER-SCD,789,0.5437705473933558,0.940425216,0.5615609756097562,0.5481904761904762,0.5756,0.02372,2878,2372,97628,2122,0.6264454722372217,508.3018000004813,656.1627999763004,
4,easy,METER-SCD,1024,0.46823680346182306,0.939006108,0.5352226720647774,0.4496598639455782,0.661,0.04045,3305,4045,95955,1695,0.6015948217528168,510.3520000120625,677.5053000019398,
4,hard,METER-SCD,42,0.10255246794659606,0.7558521490000001,0.17992307692307694,0.11138095238095239,0.4678,0.18661,2339,18661,81339,2661,0.5157961217684275,488.5444999963511,656.4190999779385,
4,hard,METER-SCD,123,0.10317903211363973,0.7546017689999999,0.18323846908734054,0.11399267399267399,0.4668,0.18141,2334,18141,81859,2666,0.5192787946729384,506.1755000206176,665.0508000166155,
4,hard,METER-SCD,456,0.09729808601021434,0.7424633549999999,0.1757016683022571,0.1093040293040293,0.4476,0.18237,2238,18237,81763,2762,0.5202878760648056,510.0770999852102,665.5006999790203,
4,hard,METER-SCD,789,0.09992914811976762,0.7512912389999999,0.17361538461538462,0.10747619047619048,0.4514,0.18743,2257,18743,81257,2743,0.5188761521801172,497.0677000237629,637.6243999984581,
4,hard,METER-SCD,1024,0.10086677455717602,0.7546942440000001,0.17846153846153845,0.11047619047619048,0.464,0.1868,2320,18680,81320,2680,0.5197447830970348,521.0013999894727,658.0397000070661,
4,medium,METER-SCD,42,0.2160135486608169,0.8734487180000001,0.3317130307467057,0.23453416149068324,0.5664,0.09243,2832,9243,90757,2168,0.5539011788658258,490.66149999271147,644.50179997948,
4,medium,METER-SCD,123,0.22385546427738795,0.875054825,0.3354758190327613,0.2438095238095238,0.5376,0.08337,2688,8337,91663,2312,0.563090825203071,486.31439998280257,649.7338000044692,
4,medium,METER-SCD,456,0.21050031160540644,0.873496028,0.32515373352855054,0.22989648033126295,0.5552,0.09299,2776,9299,90701,2224,0.5561010378945668,512.1303999912925,652.1749000239652,
4,medium,METER-SCD,789,0.21314027245093264,0.8687199130000002,0.31829545454545455,0.2223015873015873,0.5602,0.09799,2801,9799,90201,2199,0.5560962680827193,499.4269000017084,676.8193000170868,
4,medium,METER-SCD,1024,0.21054762171779434,0.8725194139999999,0.3261363636363636,0.22777777777777777,0.574,0.0973,2870,9730,90270,2130,0.5547701262615631,488.90140000730753,646.5570000000298,
0,easy,HBOS,42,,,,,,,0,0,0,0,,0.0,0.0,'HBOS' object has no attribute '_hbos_scores'
0,easy,HBOS,123,,,,,,,0,0,0,0,,0.0,0.0,'HBOS' object has no attribute '_hbos_scores'
0,easy,HBOS,456,,,,,,,0,0,0,0,,0.0,0.0,'HBOS' object has no attribute '_hbos_scores'
0,easy,HBOS,789,,,,,,,0,0,0,0,,0.0,0.0,'HBOS' object has no attribute '_hbos_scores'
0,easy,HBOS,1024,,,,,,,0,0,0,0,,0.0,0.0,'HBOS' object has no attribute '_hbos_scores'
0,hard,HBOS,42,,,,,,,0,0,0,0,,0.0,0.0,'HBOS' object has no attribute '_hbos_scores'
0,hard,HBOS,123,,,,,,,0,0,0,0,,0.0,0.0,'HBOS' object has no attribute '_hbos_scores'
0,hard,HBOS,456,,,,,,,0,0,0,0,,0.0,0.0,'HBOS' object has no attribute '_hbos_scores'
0,hard,HBOS,789,,,,,,,0,0,0,0,,0.0,0.0,'HBOS' object has no attribute '_hbos_scores'
0,hard,HBOS,1024,,,,,,,0,0,0,0,,0.0,0.0,'HBOS' object has no attribute '_hbos_scores'
0,medium,HBOS,42,,,,,,,0,0,0,0,,0.0,0.0,'HBOS' object has no attribute '_hbos_scores'
0,medium,HBOS,123,,,,,,,0,0,0,0,,0.0,0.0,'HBOS' object has no attribute '_hbos_scores'
0,medium,HBOS,456,,,,,,,0,0,0,0,,0.0,0.0,'HBOS' object has no attribute '_hbos_scores'
0,medium,HBOS,789,,,,,,,0,0,0,0,,0.0,0.0,'HBOS' object has no attribute '_hbos_scores'
0,medium,HBOS,1024,,,,,,,0,0,0,0,,0.0,0.0,'HBOS' object has no attribute '_hbos_scores'
1,easy,HBOS,42,,,,,,,0,0,0,0,,0.0,0.0,'HBOS' object has no attribute '_hbos_scores'
1,easy,HBOS,123,,,,,,,0,0,0,0,,0.0,0.0,'HBOS' object has no attribute '_hbos_scores'
1,easy,HBOS,456,,,,,,,0,0,0,0,,0.0,0.0,'HBOS' object has no attribute '_hbos_scores'
1,easy,HBOS,789,,,,,,,0,0,0,0,,0.0,0.0,'HBOS' object has no attribute '_hbos_scores'
1,easy,HBOS,1024,,,,,,,0,0,0,0,,0.0,0.0,'HBOS' object has no attribute '_hbos_scores'
1,hard,HBOS,42,,,,,,,0,0,0,0,,0.0,0.0,'HBOS' object has no attribute '_hbos_scores'
1,hard,HBOS,123,,,,,,,0,0,0,0,,0.0,0.0,'HBOS' object has no attribute '_hbos_scores'
1,hard,HBOS,456,,,,,,,0,0,0,0,,0.0,0.0,'HBOS' object has no attribute '_hbos_scores'
1,hard,HBOS,789,,,,,,,0,0,0,0,,0.0,0.0,'HBOS' object has no attribute '_hbos_scores'
1,hard,HBOS,1024,,,,,,,0,0,0,0,,0.0,0.0,'HBOS' object has no attribute '_hbos_scores'
1,medium,HBOS,42,,,,,,,0,0,0,0,,0.0,0.0,'HBOS' object has no attribute '_hbos_scores'
1,medium,HBOS,123,,,,,,,0,0,0,0,,0.0,0.0,'HBOS' object has no attribute '_hbos_scores'
1,medium,HBOS,456,,,,,,,0,0,0,0,,0.0,0.0,'HBOS' object has no attribute '_hbos_scores'
1,medium,HBOS,789,,,,,,,0,0,0,0,,0.0,0.0,'HBOS' object has no attribute '_hbos_scores'
1,medium,HBOS,1024,,,,,,,0,0,0,0,,0.0,0.0,'HBOS' object has no attribute '_hbos_scores'
2,easy,HBOS,42,,,,,,,0,0,0,0,,0.0,0.0,'HBOS' object has no attribute '_hbos_scores'
2,easy,HBOS,123,,,,,,,0,0,0,0,,0.0,0.0,'HBOS' object has no attribute '_hbos_scores'
2,easy,HBOS,456,,,,,,,0,0,0,0,,0.0,0.0,'HBOS' object has no attribute '_hbos_scores'
2,easy,HBOS,789,,,,,,,0,0,0,0,,0.0,0.0,'HBOS' object has no attribute '_hbos_scores'
2,easy,HBOS,1024,,,,,,,0,0,0,0,,0.0,0.0,'HBOS' object has no attribute '_hbos_scores'
2,hard,HBOS,42,,,,,,,0,0,0,0,,0.0,0.0,'HBOS' object has no attribute '_hbos_scores'
2,hard,HBOS,123,,,,,,,0,0,0,0,,0.0,0.0,'HBOS' object has no attribute '_hbos_scores'
2,hard,HBOS,456,,,,,,,0,0,0,0,,0.0,0.0,'HBOS' object has no attribute '_hbos_scores'
2,hard,HBOS,789,,,,,,,0,0,0,0,,0.0,0.0,'HBOS' object has no attribute '_hbos_scores'
2,hard,HBOS,1024,,,,,,,0,0,0,0,,0.0,0.0,'HBOS' object has no attribute '_hbos_scores'
2,medium,HBOS,42,,,,,,,0,0,0,0,,0.0,0.0,'HBOS' object has no attribute '_hbos_scores'
2,medium,HBOS,123,,,,,,,0,0,0,0,,0.0,0.0,'HBOS' object has no attribute '_hbos_scores'
2,medium,HBOS,456,,,,,,,0,0,0,0,,0.0,0.0,'HBOS' object has no attribute '_hbos_scores'
2,medium,HBOS,789,,,,,,,0,0,0,0,,0.0,0.0,'HBOS' object has no attribute '_hbos_scores'
2,medium,HBOS,1024,,,,,,,0,0,0,0,,0.0,0.0,'HBOS' object has no attribute '_hbos_scores'
3,easy,HBOS,42,,,,,,,0,0,0,0,,0.0,0.0,'HBOS' object has no attribute '_hbos_scores'
3,easy,HBOS,123,,,,,,,0,0,0,0,,0.0,0.0,'HBOS' object has no attribute '_hbos_scores'
3,easy,HBOS,456,,,,,,,0,0,0,0,,0.0,0.0,'HBOS' object has no attribute '_hbos_scores'
3,easy,HBOS,789,,,,,,,0,0,0,0,,0.0,0.0,'HBOS' object has no attribute '_hbos_scores'
3,easy,HBOS,1024,,,,,,,0,0,0,0,,0.0,0.0,'HBOS' object has no attribute '_hbos_scores'
3,hard,HBOS,42,,,,,,,0,0,0,0,,0.0,0.0,'HBOS' object has no attribute '_hbos_scores'
3,hard,HBOS,123,,,,,,,0,0,0,0,,0.0,0.0,'HBOS' object has no attribute '_hbos_scores'
3,hard,HBOS,456,,,,,,,0,0,0,0,,0.0,0.0,'HBOS' object has no attribute '_hbos_scores'
3,hard,HBOS,789,,,,,,,0,0,0,0,,0.0,0.0,'HBOS' object has no attribute '_hbos_scores'
3,hard,HBOS,1024,,,,,,,0,0,0,0,,0.0,0.0,'HBOS' object has no attribute '_hbos_scores'
3,medium,HBOS,42,,,,,,,0,0,0,0,,0.0,0.0,'HBOS' object has no attribute '_hbos_scores'
3,medium,HBOS,123,,,,,,,0,0,0,0,,0.0,0.0,'HBOS' object has no attribute '_hbos_scores'
3,medium,HBOS,456,,,,,,,0,0,0,0,,0.0,0.0,'HBOS' object has no attribute '_hbos_scores'
3,medium,HBOS,789,,,,,,,0,0,0,0,,0.0,0.0,'HBOS' object has no attribute '_hbos_scores'
3,medium,HBOS,1024,,,,,,,0,0,0,0,,0.0,0.0,'HBOS' object has no attribute '_hbos_scores'
4,easy,HBOS,42,,,,,,,0,0,0,0,,0.0,0.0,'HBOS' object has no attribute '_hbos_scores'
4,easy,HBOS,123,,,,,,,0,0,0,0,,0.0,0.0,'HBOS' object has no attribute '_hbos_scores'
4,easy,HBOS,456,,,,,,,0,0,0,0,,0.0,0.0,'HBOS' object has no attribute '_hbos_scores'
4,easy,HBOS,789,,,,,,,0,0,0,0,,0.0,0.0,'HBOS' object has no attribute '_hbos_scores'
4,easy,HBOS,1024,,,,,,,0,0,0,0,,0.0,0.0,'HBOS' object has no attribute '_hbos_scores'
4,hard,HBOS,42,,,,,,,0,0,0,0,,0.0,0.0,'HBOS' object has no attribute '_hbos_scores'
4,hard,HBOS,123,,,,,,,0,0,0,0,,0.0,0.0,'HBOS' object has no attribute '_hbos_scores'
4,hard,HBOS,456,,,,,,,0,0,0,0,,0.0,0.0,'HBOS' object has no attribute '_hbos_scores'
4,hard,HBOS,789,,,,,,,0,0,0,0,,0.0,0.0,'HBOS' object has no attribute '_hbos_scores'
4,hard,HBOS,1024,,,,,,,0,0,0,0,,0.0,0.0,'HBOS' object has no attribute '_hbos_scores'
4,medium,HBOS,42,,,,,,,0,0,0,0,,0.0,0.0,'HBOS' object has no attribute '_hbos_scores'
4,medium,HBOS,123,,,,,,,0,0,0,0,,0.0,0.0,'HBOS' object has no attribute '_hbos_scores'
4,medium,HBOS,456,,,,,,,0,0,0,0,,0.0,0.0,'HBOS' object has no attribute '_hbos_scores'
4,medium,HBOS,789,,,,,,,0,0,0,0,,0.0,0.0,'HBOS' object has no attribute '_hbos_scores'
4,medium,HBOS,1024,,,,,,,0,0,0,0,,0.0,0.0,'HBOS' object has no attribute '_hbos_scores'
0,easy,LSTM-AE,42,0.767802951665344,0.952493437,0.7186167146974063,0.8481632653061224,0.6234,0.00558,3117,558,99442,1883,1.3093091791868212,8766.552899993258,84.42510000895709,
0,easy,LSTM-AE,123,0.7710453647551812,0.953347572,0.7206916426512968,0.8506122448979592,0.6252,0.00549,3126,549,99451,1874,1.3145677268505098,7496.43329999526,62.16349999886006,
0,easy,LSTM-AE,456,0.7681413571411214,0.9524418130000001,0.7165417867435159,0.8457142857142858,0.6216,0.00567,3108,567,99433,1892,1.3078427863121034,7779.769799992209,59.74820000119507,
0,easy,LSTM-AE,789,0.7686943847872091,0.9543588950000002,0.7172334293948127,0.846530612244898,0.6222,0.00564,3111,564,99436,1889,1.3070520079135897,7522.616400005063,59.47710000327788,
0,easy,LSTM-AE,1024,0.7709234892775676,0.9528054370000001,0.7202305475504323,0.8500680272108844,0.6248,0.00551,3124,551,99449,1876,1.3139901733398442,7758.339699998032,56.98090000078082,
0,hard,LSTM-AE,42,0.1803138081736448,0.815616172,0.2616470588235294,0.166421768707483,0.6116,0.15317,3058,15317,84683,1942,0.3773693375289434,8321.159999992233,62.41750001208857,
0,hard,LSTM-AE,123,0.1861033462875084,0.824267208,0.2750984682713348,0.17607843137254903,0.6286,0.14707,3143,14707,85293,1857,0.38664642363786694,7907.801200024551,58.38849997962825,
0,hard,LSTM-AE,456,0.18247291161396462,0.818055402,0.2675711159737418,0.17126050420168068,0.6114,0.14793,3057,14793,85207,1943,0.38699805647134783,8000.422499986598,48.94320000312291,
0,hard,LSTM-AE,789,0.18352931683077492,0.820482535,0.2663302752293578,0.17279761904761906,0.5806,0.13897,2903,13897,86103,2097,0.39783868551254276,8348.623400001088,46.35750001762062,
0,hard,LSTM-AE,1024,0.18080025454574117,0.8155522990000001,0.2650695187165775,0.16859863945578232,0.6196,0.15277,3098,15277,84723,1902,0.37729386165738055,8282.823299989104,64.55790001200512,
0,medium,LSTM-AE,42,0.4000025566968025,0.9052238169999999,0.3963939899833055,0.29754385964912283,0.5936,0.07007,2968,7007,92993,2032,0.5798753345012665,8383.944400004111,65.92630001250654,
0,medium,LSTM-AE,123,0.4032104173930068,0.907122646,0.40841402337228716,0.30656641604010026,0.6116,0.06917,3058,6917,93083,1942,0.5846618527173996,8802.110000018729,53.178300004219636,
0,medium,LSTM-AE,456,0.3994840179976591,0.9055943259999999,0.40080133555926545,0.30085213032581454,0.6002,0.06974,3001,6974,93026,1999,0.5838047814369202,10736.31910001859,74.04969999333844,
0,medium,LSTM-AE,789,0.40064334962496667,0.907805625,0.39893155258764607,0.2994486215538847,0.5974,0.06988,2987,6988,93012,2013,0.5791530466079712,9035.276800015708,59.29549998836592,
0,medium,LSTM-AE,1024,0.3996764925822286,0.9048448859999999,0.3987543252595156,0.30486772486772484,0.5762,0.06569,2881,6569,93431,2119,0.6000346964597701,8070.79359999625,51.16890001227148,
1,easy,LSTM-AE,42,0.7582283347425857,0.951288347,0.7223054755043228,0.8525170068027211,0.6266,0.00542,3133,542,99458,1867,1.4275682073831562,9649.048499995843,68.42319999122992,
1,easy,LSTM-AE,123,0.7592323952878217,0.952952238,0.7211527377521614,0.851156462585034,0.6256,0.00547,3128,547,99453,1872,1.4406476235389714,8412.015499983681,59.598199994070455,
1,easy,LSTM-AE,456,0.7611676370941198,0.9518701350000001,0.724149855907781,0.8546938775510204,0.6282,0.00534,3141,534,99466,1859,1.4341436773538594,8014.44790000096,65.74210000690073,
1,easy,LSTM-AE,789,0.7584389026256845,0.945941264,0.72,0.8497959183673469,0.6246,0.00552,3123,552,99448,1877,1.4254690587520606,8437.046299979556,68.15090001327917,
1,easy,LSTM-AE,1024,0.7577968524740047,0.950387191,0.7211527377521614,0.851156462585034,0.6256,0.00547,3128,547,99453,1872,1.4268157958984378,8146.612999989884,60.32770001911558,
1,hard,LSTM-AE,42,0.16389599427223792,0.812209872,0.25176923076923075,0.15585714285714286,0.6546,0.17727,3273,17727,82273,1727,0.44505993127822885,8591.113100002985,56.42280000029132,
1,hard,LSTM-AE,123,0.16230894175631352,0.813018527,0.2544288577154309,0.15909774436090227,0.6348,0.16776,3174,16776,83224,1826,0.47035215139389036,7964.430699998047,44.72780000651255,
1,hard,LSTM-AE,456,0.16395162523999793,0.806528912,0.2463076923076923,0.1524761904761905,0.6404,0.17798,3202,17798,82202,1798,0.45314303636550907,9310.09020001511,58.06649997248314,
1,hard,LSTM-AE,789,0.1621383967063849,0.804010865,0.25187308085977483,0.15835263835263835,0.6152,0.16349,3076,16349,83651,1924,0.47418896958231926,8446.500799997011,50.51709999679588,
1,hard,LSTM-AE,1024,0.16083847800234571,0.805747252,0.24561122244488978,0.15358395989974938,0.6128,0.16886,3064,16886,83114,1936,0.4550312641263008,7806.08989999746,46.87649998231791,
1,medium,LSTM-AE,42,0.3712179080328009,0.897151548,0.37791044776119403,0.30142857142857143,0.5064,0.05868,2532,5868,94132,2468,0.7608069634437562,8708.666899998207,64.71669999882579,
1,medium,LSTM-AE,123,0.36807742051619763,0.900316738,0.3794561933534743,0.27186147186147186,0.628,0.0841,3140,8410,91590,1860,0.6636847150325775,9095.483399985824,48.11180001706816,
1,medium,LSTM-AE,456,0.37292432234543405,0.8982983149999999,0.3770097087378641,0.3081904761904762,0.4854,0.05448,2427,5448,94552,2573,0.7915662154555327,8301.74920000718,80.95880001201294,
1,medium,LSTM-AE,789,0.36680534542740684,0.886300384,0.3782698961937716,0.2892063492063492,0.5466,0.06717,2733,6717,93283,2267,0.7260529327392578,7863.160900014918,57.681200007209554,
1,medium,LSTM-AE,1024,0.3665935459761598,0.894693548,0.3735820895522388,0.29797619047619045,0.5006,0.05897,2503,5897,94103,2497,0.7584239959716798,9550.454000011086,49.21329999342561,
2,easy,LSTM-AE,42,0.7668327057899885,0.9563814229999998,0.7255331412103746,0.856326530612245,0.6294,0.00528,3147,528,99472,1853,1.4072476989030875,8292.278000008082,57.285599992610514,
2,easy,LSTM-AE,123,0.7735294136519807,0.9578554119999999,0.7306051873198848,0.8623129251700681,0.6338,0.00506,3169,506,99494,1831,1.4210109388828278,7989.556200016523,61.19799998123199,
2,easy,LSTM-AE,456,0.7729118172574878,0.9563778420000001,0.7289913544668588,0.8604081632653061,0.6324,0.00513,3162,513,99487,1838,1.4172282540798191,10945.317100005923,86.5889000124298,
2,easy,LSTM-AE,789,0.7705817808862168,0.9567439560000001,0.7285302593659942,0.8598639455782313,0.632,0.00515,3160,515,99485,1840,1.417370781302452,9946.08390002395,65.12569999904372,
2,easy,LSTM-AE,1024,0.7733967848785849,0.9566452030000001,0.7301440922190202,0.8617687074829932,0.6334,0.00508,3167,508,99492,1833,1.4174885380268099,8771.996399998898,61.08989997301251,
2,hard,LSTM-AE,42,0.17604323612833675,0.825067782,0.26372745490981964,0.1649122807017544,0.658,0.1666,3290,16660,83340,1710,0.426317175924778,10269.293999997899,68.6612999998033,
2,hard,LSTM-AE,123,0.17963757189264387,0.8291956119999998,0.27085377821393525,0.1684981684981685,0.69,0.17025,3450,17025,82975,1550,0.4213692319393158,8580.1766999939,46.53870000038296,
2,hard,LSTM-AE,456,0.17579289693169306,0.8223118789999999,0.2612307692307692,0.16171428571428573,0.6792,0.17604,3396,17604,82396,1604,0.41309147477149966,7918.650400009938,49.969299987424165,
2,hard,LSTM-AE,789,0.1767384149718139,0.825388023,0.26452905811623245,0.16541353383458646,0.66,0.1665,3300,16650,83350,1700,0.4266466876864433,8835.480300011113,68.924799998058,
2,hard,LSTM-AE,1024,0.17504973750727063,0.822034004,0.2609230769230769,0.16152380952380951,0.6784,0.17608,3392,17608,82392,1608,0.4117572128772737,8233.930200018222,60.59929999173619,
2,medium,LSTM-AE,42,0.39391661290654123,0.9047100469999999,0.38824707846410683,0.2914285714285714,0.5814,0.07068,2907,7068,92932,2093,0.6777981895208359,7653.1859999813605,59.72920000203885,
2,medium,LSTM-AE,123,0.4003237710912858,0.90805972,0.39652754590984973,0.2976441102756892,0.5938,0.07006,2969,7006,92994,2031,0.6816058996319772,7399.169399985112,58.35589999333024,
2,medium,LSTM-AE,456,0.39574638765767794,0.904496187,0.39197231833910035,0.29968253968253966,0.5664,0.06618,2832,6618,93382,2168,0.7005275905132292,7961.540599993896,50.356199993984774,
2,medium,LSTM-AE,789,0.39401936954248273,0.904286162,0.388914858096828,0.2919298245614035,0.5824,0.07063,2912,7063,92937,2088,0.67953204870224,7766.294100001687,57.879600004525855,
2,medium,LSTM-AE,1024,0.3941691651682664,0.903382873,0.38698961937716264,0.2958730158730159,0.5592,0.06654,2796,6654,93346,2204,0.6976641190052029,7532.441100018332,63.73019999591634,
3,easy,LSTM-AE,42,0.7650457271146858,0.95544058,0.7278386167146974,0.8590476190476191,0.6314,0.00518,3157,518,99482,1843,1.337249379754069,7945.514499995625,59.226299985311925,
3,easy,LSTM-AE,123,0.7648462567648,0.9547564209999999,0.7303746397694525,0.8620408163265306,0.6336,0.00507,3168,507,99493,1832,1.3424848937988287,7772.778599988669,58.367000019643456,
3,easy,LSTM-AE,456,0.7670579957124024,0.9553118780000001,0.7306051873198848,0.8623129251700681,0.6338,0.00506,3169,506,99494,1831,1.3472050452232367,7728.335899999365,62.207400012994185,
3,easy,LSTM-AE,789,0.7659092187974591,0.955985642,0.7289913544668588,0.8604081632653061,0.6324,0.00513,3162,513,99487,1838,1.3411593639850643,7559.627200011164,60.5208000051789,
3,easy,LSTM-AE,1024,0.7687181568480627,0.954830706,0.7331412103746398,0.8653061224489796,0.636,0.00495,3180,495,99505,1820,1.3472400426864632,7456.287699984387,59.28100002347492,
