fold,difficulty,budget_pct,algorithm,seed,AUC_PR
0,easy,0.01,sHST-River,42,0.5238095238095238
0,easy,0.01,sHST-River,123,0.5238095238095238
0,easy,0.01,sHST-River,456,0.5238095238095238
0,easy,0.01,sHST-River,789,0.5238095238095238
0,easy,0.01,sHST-River,1024,0.523809750569053
0,easy,0.05,sHST-River,42,0.5238095238095238
0,easy,0.05,sHST-River,123,0.5238095238095238
0,easy,0.05,sHST-River,456,0.5238095238095238
0,easy,0.05,sHST-River,789,0.5238095238095238
0,easy,0.05,sHST-River,1024,0.523809750569053
0,easy,0.1,sHST-River,42,0.5238095238095238
0,easy,0.1,sHST-River,123,0.5238095238095238
0,easy,0.1,sHST-River,456,0.5238095238095238
0,easy,0.1,sHST-River,789,0.5238095238095238
0,easy,0.1,sHST-River,1024,0.523809750569053
0,easy,0.25,sHST-River,42,0.5238095238095238
0,easy,0.25,sHST-River,123,0.5238095238095238
0,easy,0.25,sHST-River,456,0.5238095238095238
0,easy,0.25,sHST-River,789,0.5238095238095238
0,easy,0.25,sHST-River,1024,0.523809750569053
0,hard,0.01,sHST-River,42,0.5238095238095238
0,hard,0.01,sHST-River,123,0.5228117870636205
0,hard,0.01,sHST-River,456,0.5238095238095238
0,hard,0.01,sHST-River,789,0.5238095238095238
0,hard,0.01,sHST-River,1024,0.5231113354668292
0,hard,0.05,sHST-River,42,0.5238095238095238
0,hard,0.05,sHST-River,123,0.5228117870636205
0,hard,0.05,sHST-River,456,0.5238095238095238
0,hard,0.05,sHST-River,789,0.5238095238095238
0,hard,0.05,sHST-River,1024,0.5231113354668292
0,hard,0.1,sHST-River,42,0.5238095238095238
0,hard,0.1,sHST-River,123,0.5228117870636205
0,hard,0.1,sHST-River,456,0.5238095238095238
0,hard,0.1,sHST-River,789,0.5238095238095238
0,hard,0.1,sHST-River,1024,0.5231113354668292
0,hard,0.25,sHST-River,42,0.5238095238095238
0,hard,0.25,sHST-River,123,0.5228117870636205
0,hard,0.25,sHST-River,456,0.5238095238095238
0,hard,0.25,sHST-River,789,0.5238095238095238
0,hard,0.25,sHST-River,1024,0.5231113354668292
0,medium,0.01,sHST-River,42,0.5238095238095238
0,medium,0.01,sHST-River,123,0.5238095238095238
0,medium,0.01,sHST-River,456,0.5238095238095238
0,medium,0.01,sHST-River,789,0.5238095238095238
0,medium,0.01,sHST-River,1024,0.5237099772421969
0,medium,0.05,sHST-River,42,0.5238095238095238
0,medium,0.05,sHST-River,123,0.5238095238095238
0,medium,0.05,sHST-River,456,0.5238095238095238
0,medium,0.05,sHST-River,789,0.5238095238095238
0,medium,0.05,sHST-River,1024,0.5237099772421969
0,medium,0.1,sHST-River,42,0.5238095238095238
0,medium,0.1,sHST-River,123,0.5238095238095238
0,medium,0.1,sHST-River,456,0.5238095238095238
0,medium,0.1,sHST-River,789,0.5238095238095238
0,medium,0.1,sHST-River,1024,0.5237099772421969
0,medium,0.25,sHST-River,42,0.5238095238095238
0,medium,0.25,sHST-River,123,0.5238095238095238
0,medium,0.25,sHST-River,456,0.5238095238095238
0,medium,0.25,sHST-River,789,0.5238095238095238
0,medium,0.25,sHST-River,1024,0.5237099772421969
1,easy,0.01,sHST-River,42,0.5238095238095238
1,easy,0.01,sHST-River,123,0.523809750569053
1,easy,0.01,sHST-River,456,0.5238095238095238
1,easy,0.01,sHST-River,789,0.5238095238095238
1,easy,0.01,sHST-River,1024,0.523810430873557
1,easy,0.05,sHST-River,42,0.5238095238095238
1,easy,0.05,sHST-River,123,0.523809750569053
1,easy,0.05,sHST-River,456,0.5238095238095238
1,easy,0.05,sHST-River,789,0.5238095238095238
1,easy,0.05,sHST-River,1024,0.523810430873557
1,easy,0.1,sHST-River,42,0.5238095238095238
1,easy,0.1,sHST-River,123,0.523809750569053
1,easy,0.1,sHST-River,456,0.5238095238095238
1,easy,0.1,sHST-River,789,0.5238095238095238
1,easy,0.1,sHST-River,1024,0.523810430873557
1,easy,0.25,sHST-River,42,0.5238095238095238
1,easy,0.25,sHST-River,123,0.523809750569053
1,easy,0.25,sHST-River,456,0.5238095238095238
1,easy,0.25,sHST-River,789,0.5238095238095238
1,easy,0.25,sHST-River,1024,0.523810430873557
1,hard,0.01,sHST-River,42,0.5238095238095238
1,hard,0.01,sHST-River,123,0.5232111093120494
1,hard,0.01,sHST-River,456,0.5238095238095238
1,hard,0.01,sHST-River,789,0.5238095238095238
1,hard,0.01,sHST-River,1024,0.5228126924859823
1,hard,0.05,sHST-River,42,0.5238095238095238
1,hard,0.05,sHST-River,123,0.5232111093120494
1,hard,0.05,sHST-River,456,0.5238095238095238
1,hard,0.05,sHST-River,789,0.5238095238095238
1,hard,0.05,sHST-River,1024,0.5228126924859823
1,hard,0.1,sHST-River,42,0.5238095238095238
1,hard,0.1,sHST-River,123,0.5232111093120494
1,hard,0.1,sHST-River,456,0.5238095238095238
1,hard,0.1,sHST-River,789,0.5238095238095238
1,hard,0.1,sHST-River,1024,0.5228126924859823
1,hard,0.25,sHST-River,42,0.5238095238095238
1,hard,0.25,sHST-River,123,0.5232111093120494
1,hard,0.25,sHST-River,456,0.5238095238095238
1,hard,0.25,sHST-River,789,0.5238095238095238
1,hard,0.25,sHST-River,1024,0.5228126924859823
1,medium,0.01,sHST-River,42,0.5238095238095238
1,medium,0.01,sHST-River,123,0.523809750569053
1,medium,0.01,sHST-River,456,0.5238095238095238
1,medium,0.01,sHST-River,789,0.5238095238095238
1,medium,0.01,sHST-River,1024,0.5236108838872425
1,medium,0.05,sHST-River,42,0.5238095238095238
1,medium,0.05,sHST-River,123,0.523809750569053
1,medium,0.05,sHST-River,456,0.5238095238095238
1,medium,0.05,sHST-River,789,0.5238095238095238
1,medium,0.05,sHST-River,1024,0.5236108838872425
1,medium,0.1,sHST-River,42,0.5238095238095238
1,medium,0.1,sHST-River,123,0.523809750569053
1,medium,0.1,sHST-River,456,0.5238095238095238
1,medium,0.1,sHST-River,789,0.5238095238095238
1,medium,0.1,sHST-River,1024,0.5236108838872425
1,medium,0.25,sHST-River,42,0.5238095238095238
1,medium,0.25,sHST-River,123,0.523809750569053
1,medium,0.25,sHST-River,456,0.5238095238095238
1,medium,0.25,sHST-River,789,0.5238095238095238
1,medium,0.25,sHST-River,1024,0.5236108838872425
2,easy,0.01,sHST-River,42,0.5238095238095238
2,easy,0.01,sHST-River,123,0.5238099773329016
2,easy,0.01,sHST-River,456,0.5238095238095238
2,easy,0.01,sHST-River,789,0.5238095238095238
2,easy,0.01,sHST-River,1024,0.523810430873557
2,easy,0.05,sHST-River,42,0.5238095238095238
2,easy,0.05,sHST-River,123,0.5238099773329016
2,easy,0.05,sHST-River,456,0.5238095238095238
2,easy,0.05,sHST-River,789,0.5238095238095238
2,easy,0.05,sHST-River,1024,0.523810430873557
2,easy,0.1,sHST-River,42,0.5238095238095238
2,easy,0.1,sHST-River,123,0.5238099773329016
2,easy,0.1,sHST-River,456,0.5238095238095238
2,easy,0.1,sHST-River,789,0.5238095238095238
2,easy,0.1,sHST-River,1024,0.523810430873557
2,easy,0.25,sHST-River,42,0.5238095238095238
2,easy,0.25,sHST-River,123,0.5238099773329016
2,easy,0.25,sHST-River,456,0.5238095238095238
2,easy,0.25,sHST-River,789,0.5238095238095238
2,easy,0.25,sHST-River,1024,0.523810430873557
2,hard,0.01,sHST-River,42,0.5238095238095238
2,hard,0.01,sHST-River,123,0.5230117879707364
2,hard,0.01,sHST-River,456,0.5238095238095238
2,hard,0.01,sHST-River,789,0.5238095238095238
2,hard,0.01,sHST-River,1024,0.5204180850938344
2,hard,0.05,sHST-River,42,0.5238095238095238
2,hard,0.05,sHST-River,123,0.5230117879707364
2,hard,0.05,sHST-River,456,0.5238095238095238
2,hard,0.05,sHST-River,789,0.5238095238095238
2,hard,0.05,sHST-River,1024,0.5204180850938344
2,hard,0.1,sHST-River,42,0.5238095238095238
2,hard,0.1,sHST-River,123,0.5230117879707364
2,hard,0.1,sHST-River,456,0.5238095238095238
2,hard,0.1,sHST-River,789,0.5238095238095238
2,hard,0.1,sHST-River,1024,0.5204180850938344
2,hard,0.25,sHST-River,42,0.5238095238095238
2,hard,0.25,sHST-River,123,0.5230117879707364
2,hard,0.25,sHST-River,456,0.5238095238095238
2,hard,0.25,sHST-River,789,0.5238095238095238
2,hard,0.25,sHST-River,1024,0.5204180850938344
2,medium,0.01,sHST-River,42,0.5238095238095238
2,medium,0.01,sHST-River,123,0.5238099773329016
2,medium,0.01,sHST-River,456,0.5238095238095238
2,medium,0.01,sHST-River,789,0.5238095238095238
2,medium,0.01,sHST-River,1024,0.5230122408547371
2,medium,0.05,sHST-River,42,0.5238095238095238
2,medium,0.05,sHST-River,123,0.5238099773329016
2,medium,0.05,sHST-River,456,0.5238095238095238
2,medium,0.05,sHST-River,789,0.5238095238095238
2,medium,0.05,sHST-River,1024,0.5230122408547371
2,medium,0.1,sHST-River,42,0.5238095238095238
2,medium,0.1,sHST-River,123,0.5238099773329016
2,medium,0.1,sHST-River,456,0.5238095238095238
2,medium,0.1,sHST-River,789,0.5238095238095238
2,medium,0.1,sHST-River,1024,0.5230122408547371
2,medium,0.25,sHST-River,42,0.5238095238095238
2,medium,0.25,sHST-River,123,0.5238099773329016
2,medium,0.25,sHST-River,456,0.5238095238095238
2,medium,0.25,sHST-River,789,0.5238095238095238
2,medium,0.25,sHST-River,1024,0.5230122408547371
3,easy,0.01,sHST-River,42,0.5238095238095238
3,easy,0.01,sHST-River,123,0.5238102041010696
3,easy,0.01,sHST-River,456,0.5238095238095238
3,easy,0.01,sHST-River,789,0.5238095238095238
3,easy,0.01,sHST-River,1024,0.5238108844314914
3,easy,0.05,sHST-River,42,0.5238095238095238
3,easy,0.05,sHST-River,123,0.5238102041010696
3,easy,0.05,sHST-River,456,0.5238095238095238
3,easy,0.05,sHST-River,789,0.5238095238095238
3,easy,0.05,sHST-River,1024,0.5238108844314914
3,easy,0.1,sHST-River,42,0.5238095238095238
3,easy,0.1,sHST-River,123,0.5238102041010696
3,easy,0.1,sHST-River,456,0.5238095238095238
3,easy,0.1,sHST-River,789,0.5238095238095238
3,easy,0.1,sHST-River,1024,0.5238108844314914
3,easy,0.25,sHST-River,42,0.5238095238095238
3,easy,0.25,sHST-River,123,0.5238102041010696
3,easy,0.25,sHST-River,456,0.5238095238095238
3,easy,0.25,sHST-River,789,0.5238095238095238
3,easy,0.25,sHST-River,1024,0.5238108844314914
3,hard,0.01,sHST-River,42,0.5238095238095238
3,hard,0.01,sHST-River,123,0.523311336192508
3,hard,0.01,sHST-River,456,0.5238095238095238
3,hard,0.01,sHST-River,789,0.5238095238095238
3,hard,0.01,sHST-River,1024,0.5202189828312277
3,hard,0.05,sHST-River,42,0.5238095238095238
3,hard,0.05,sHST-River,123,0.523311336192508
3,hard,0.05,sHST-River,456,0.5238095238095238
3,hard,0.05,sHST-River,789,0.5238095238095238
3,hard,0.05,sHST-River,1024,0.5202189828312277
3,hard,0.1,sHST-River,42,0.5238095238095238
3,hard,0.1,sHST-River,123,0.523311336192508
3,hard,0.1,sHST-River,456,0.5238095238095238
3,hard,0.1,sHST-River,789,0.5238095238095238
3,hard,0.1,sHST-River,1024,0.5202189828312277
3,hard,0.25,sHST-River,42,0.5238095238095238
3,hard,0.25,sHST-River,123,0.523311336192508
3,hard,0.25,sHST-River,456,0.5238095238095238
3,hard,0.25,sHST-River,789,0.5238095238095238
3,hard,0.25,sHST-River,1024,0.5202189828312277
3,medium,0.01,sHST-River,42,0.5238095238095238
3,medium,0.01,sHST-River,123,0.5238102041010696
3,medium,0.01,sHST-River,456,0.5238095238095238
3,medium,0.01,sHST-River,789,0.5238095238095238
3,medium,0.01,sHST-River,1024,0.523411789784968
3,medium,0.05,sHST-River,42,0.5238095238095238
3,medium,0.05,sHST-River,123,0.5238102041010696
3,medium,0.05,sHST-River,456,0.5238095238095238
3,medium,0.05,sHST-River,789,0.5238095238095238
3,medium,0.05,sHST-River,1024,0.523411789784968
3,medium,0.1,sHST-River,42,0.5238095238095238
3,medium,0.1,sHST-River,123,0.5238102041010696
3,medium,0.1,sHST-River,456,0.5238095238095238
3,medium,0.1,sHST-River,789,0.5238095238095238
3,medium,0.1,sHST-River,1024,0.523411789784968
3,medium,0.25,sHST-River,42,0.5238095238095238
3,medium,0.25,sHST-River,123,0.5238102041010696
3,medium,0.25,sHST-River,456,0.5238095238095238
3,medium,0.25,sHST-River,789,0.5238095238095238
3,medium,0.25,sHST-River,1024,0.523411789784968
4,easy,0.01,sHST-River,42,0.5238095238095238
4,easy,0.01,sHST-River,123,0.5238095238095238
4,easy,0.01,sHST-River,456,0.5238095238095238
4,easy,0.01,sHST-River,789,0.5238095238095238
4,easy,0.01,sHST-River,1024,0.5238099773329016
4,easy,0.05,sHST-River,42,0.5238095238095238
4,easy,0.05,sHST-River,123,0.5238095238095238
4,easy,0.05,sHST-River,456,0.5238095238095238
4,easy,0.05,sHST-River,789,0.5238095238095238
4,easy,0.05,sHST-River,1024,0.5238099773329016
4,easy,0.1,sHST-River,42,0.5238095238095238
4,easy,0.1,sHST-River,123,0.5238095238095238
4,easy,0.1,sHST-River,456,0.5238095238095238
4,easy,0.1,sHST-River,789,0.5238095238095238
4,easy,0.1,sHST-River,1024,0.5238099773329016
4,easy,0.25,sHST-River,42,0.5238095238095238
4,easy,0.25,sHST-River,123,0.5238095238095238
4,easy,0.25,sHST-River,456,0.5238095238095238
4,easy,0.25,sHST-River,789,0.5238095238095238
4,easy,0.25,sHST-River,1024,0.5238099773329016
4,hard,0.01,sHST-River,42,0.5238095238095238
4,hard,0.01,sHST-River,123,0.5229115611270081
4,hard,0.01,sHST-River,456,0.5238095238095238
4,hard,0.01,sHST-River,789,0.5238095238095238
4,hard,0.01,sHST-River,1024,0.5228122397661774
4,hard,0.05,sHST-River,42,0.5238095238095238
4,hard,0.05,sHST-River,123,0.5229115611270081
4,hard,0.05,sHST-River,456,0.5238095238095238
4,hard,0.05,sHST-River,789,0.5238095238095238
4,hard,0.05,sHST-River,1024,0.5228122397661774
4,hard,0.1,sHST-River,42,0.5238095238095238
4,hard,0.1,sHST-River,123,0.5229115611270081
4,hard,0.1,sHST-River,456,0.5238095238095238
4,hard,0.1,sHST-River,789,0.5238095238095238
4,hard,0.1,sHST-River,1024,0.5228122397661774
4,hard,0.25,sHST-River,42,0.5238095238095238
4,hard,0.25,sHST-River,123,0.5229115611270081
4,hard,0.25,sHST-River,456,0.5238095238095238
4,hard,0.25,sHST-River,789,0.5238095238095238
4,hard,0.25,sHST-River,1024,0.5228122397661774
4,medium,0.01,sHST-River,42,0.5238095238095238
4,medium,0.01,sHST-River,123,0.5238095238095238
4,medium,0.01,sHST-River,456,0.5238095238095238
4,medium,0.01,sHST-River,789,0.5238095238095238
4,medium,0.01,sHST-River,1024,0.5234108833429938
4,medium,0.05,sHST-River,42,0.5238095238095238
4,medium,0.05,sHST-River,123,0.5238095238095238
4,medium,0.05,sHST-River,456,0.5238095238095238
4,medium,0.05,sHST-River,789,0.5238095238095238
4,medium,0.05,sHST-River,1024,0.5234108833429938
4,medium,0.1,sHST-River,42,0.5238095238095238
4,medium,0.1,sHST-River,123,0.5238095238095238
4,medium,0.1,sHST-River,456,0.5238095238095238
4,medium,0.1,sHST-River,789,0.5238095238095238
4,medium,0.1,sHST-River,1024,0.5234108833429938
4,medium,0.25,sHST-River,42,0.5238095238095238
4,medium,0.25,sHST-River,123,0.5238095238095238
4,medium,0.25,sHST-River,456,0.5238095238095238
4,medium,0.25,sHST-River,789,0.5238095238095238
4,medium,0.25,sHST-River,1024,0.5234108833429938
5,easy,0.01,sHST-River,42,0.5238095238095238
5,easy,0.01,sHST-River,123,0.5238095238095238
5,easy,0.01,sHST-River,456,0.5238095238095238
5,easy,0.01,sHST-River,789,0.5238095238095238
5,easy,0.01,sHST-River,1024,0.5238108844314914
5,easy,0.05,sHST-River,42,0.5238095238095238
5,easy,0.05,sHST-River,123,0.5238095238095238
5,easy,0.05,sHST-River,456,0.5238095238095238
5,easy,0.05,sHST-River,789,0.5238095238095238
5,easy,0.05,sHST-River,1024,0.5238108844314914
5,easy,0.1,sHST-River,42,0.5238095238095238
5,easy,0.1,sHST-River,123,0.5238095238095238
5,easy,0.1,sHST-River,456,0.5238095238095238
5,easy,0.1,sHST-River,789,0.5238095238095238
5,easy,0.1,sHST-River,1024,0.5238108844314914
5,easy,0.25,sHST-River,42,0.5238095238095238
5,easy,0.25,sHST-River,123,0.5238095238095238
5,easy,0.25,sHST-River,456,0.5238095238095238
5,easy,0.25,sHST-River,789,0.5238095238095238
5,easy,0.25,sHST-River,1024,0.5238108844314914
5,hard,0.01,sHST-River,42,0.5238095238095238
5,hard,0.01,sHST-River,123,0.5230113351039897
5,hard,0.01,sHST-River,456,0.5238095238095238
5,hard,0.01,sHST-River,789,0.5238095238095238
5,hard,0.01,sHST-River,1024,0.5204185358594657
5,hard,0.05,sHST-River,42,0.5238095238095238
5,hard,0.05,sHST-River,123,0.5230113351039897
5,hard,0.05,sHST-River,456,0.5238095238095238
5,hard,0.05,sHST-River,789,0.5238095238095238
5,hard,0.05,sHST-River,1024,0.5204185358594657
5,hard,0.1,sHST-River,42,0.5238095238095238
5,hard,0.1,sHST-River,123,0.5230113351039897
5,hard,0.1,sHST-River,456,0.5238095238095238
5,hard,0.1,sHST-River,789,0.5238095238095238
5,hard,0.1,sHST-River,1024,0.5204185358594657
5,hard,0.25,sHST-River,42,0.5238095238095238
5,hard,0.25,sHST-River,123,0.5230113351039897
5,hard,0.25,sHST-River,456,0.5238095238095238
5,hard,0.25,sHST-River,789,0.5238095238095238
5,hard,0.25,sHST-River,1024,0.5204185358594657
5,medium,0.01,sHST-River,42,0.5238095238095238
5,medium,0.01,sHST-River,123,0.5238095238095238
5,medium,0.01,sHST-River,456,0.5238095238095238
5,medium,0.01,sHST-River,789,0.5238095238095238
5,medium,0.01,sHST-River,1024,0.5226135963444074
5,medium,0.05,sHST-River,42,0.5238095238095238
5,medium,0.05,sHST-River,123,0.5238095238095238
5,medium,0.05,sHST-River,456,0.5238095238095238
5,medium,0.05,sHST-River,789,0.5238095238095238
5,medium,0.05,sHST-River,1024,0.5226135963444074
5,medium,0.1,sHST-River,42,0.5238095238095238
5,medium,0.1,sHST-River,123,0.5238095238095238
5,medium,0.1,sHST-River,456,0.5238095238095238
5,medium,0.1,sHST-River,789,0.5238095238095238
5,medium,0.1,sHST-River,1024,0.5226135963444074
5,medium,0.25,sHST-River,42,0.5238095238095238
5,medium,0.25,sHST-River,123,0.5238095238095238
5,medium,0.25,sHST-River,456,0.5238095238095238
5,medium,0.25,sHST-River,789,0.5238095238095238
5,medium,0.25,sHST-River,1024,0.5226135963444074
6,easy,0.01,sHST-River,42,0.5238095238095238
6,easy,0.01,sHST-River,123,0.523809750569053
6,easy,0.01,sHST-River,456,0.5238095238095238
6,easy,0.01,sHST-River,789,0.5238095238095238
6,easy,0.01,sHST-River,1024,0.5238115648007925
6,easy,0.05,sHST-River,42,0.5238095238095238
6,easy,0.05,sHST-River,123,0.523809750569053
6,easy,0.05,sHST-River,456,0.5238095238095238
6,easy,0.05,sHST-River,789,0.5238095238095238
6,easy,0.05,sHST-River,1024,0.5238115648007925
6,easy,0.1,sHST-River,42,0.5238095238095238
6,easy,0.1,sHST-River,123,0.523809750569053
6,easy,0.1,sHST-River,456,0.5238095238095238
6,easy,0.1,sHST-River,789,0.5238095238095238
6,easy,0.1,sHST-River,1024,0.5238115648007925
6,easy,0.25,sHST-River,42,0.5238095238095238
6,easy,0.25,sHST-River,123,0.523809750569053
6,easy,0.25,sHST-River,456,0.5238095238095238
6,easy,0.25,sHST-River,789,0.5238095238095238
6,easy,0.25,sHST-River,1024,0.5238115648007925
6,hard,0.01,sHST-River,42,0.5238095238095238
6,hard,0.01,sHST-River,123,0.5230115615352064
6,hard,0.01,sHST-River,456,0.5238095238095238
6,hard,0.01,sHST-River,789,0.5238095238095238
6,hard,0.01,sHST-River,1024,0.5224147257653264
6,hard,0.05,sHST-River,42,0.5238095238095238
6,hard,0.05,sHST-River,123,0.5230115615352064
6,hard,0.05,sHST-River,456,0.5238095238095238
6,hard,0.05,sHST-River,789,0.5238095238095238
6,hard,0.05,sHST-River,1024,0.5224147257653264
6,hard,0.1,sHST-River,42,0.5238095238095238
6,hard,0.1,sHST-River,123,0.5230115615352064
6,hard,0.1,sHST-River,456,0.5238095238095238
6,hard,0.1,sHST-River,789,0.5238095238095238
6,hard,0.1,sHST-River,1024,0.5224147257653264
6,hard,0.25,sHST-River,42,0.5238095238095238
6,hard,0.25,sHST-River,123,0.5230115615352064
6,hard,0.25,sHST-River,456,0.5238095238095238
6,hard,0.25,sHST-River,789,0.5238095238095238
6,hard,0.25,sHST-River,1024,0.5224147257653264
6,medium,0.01,sHST-River,42,0.5238095238095238
6,medium,0.01,sHST-River,123,0.523809750569053
6,medium,0.01,sHST-River,456,0.5238095238095238
6,medium,0.01,sHST-River,789,0.5238095238095238
6,medium,0.01,sHST-River,1024,0.5231131474002388
6,medium,0.05,sHST-River,42,0.5238095238095238
6,medium,0.05,sHST-River,123,0.523809750569053
6,medium,0.05,sHST-River,456,0.5238095238095238
6,medium,0.05,sHST-River,789,0.5238095238095238
6,medium,0.05,sHST-River,1024,0.5231131474002388
6,medium,0.1,sHST-River,42,0.5238095238095238
6,medium,0.1,sHST-River,123,0.523809750569053
6,medium,0.1,sHST-River,456,0.5238095238095238
6,medium,0.1,sHST-River,789,0.5238095238095238
6,medium,0.1,sHST-River,1024,0.5231131474002388
6,medium,0.25,sHST-River,42,0.5238095238095238
6,medium,0.25,sHST-River,123,0.523809750569053
6,medium,0.25,sHST-River,456,0.5238095238095238
6,medium,0.25,sHST-River,789,0.5238095238095238
6,medium,0.25,sHST-River,1024,0.5231131474002388
7,easy,0.01,sHST-River,42,0.5238095238095238
7,easy,0.01,sHST-River,123,0.5238095238095238
7,easy,0.01,sHST-River,456,0.5238095238095238
7,easy,0.01,sHST-River,789,0.5238095238095238
7,easy,0.01,sHST-River,1024,0.5238108844314914
7,easy,0.05,sHST-River,42,0.5238095238095238
7,easy,0.05,sHST-River,123,0.5238095238095238
7,easy,0.05,sHST-River,456,0.5238095238095238
7,easy,0.05,sHST-River,789,0.5238095238095238
7,easy,0.05,sHST-River,1024,0.5238108844314914
7,easy,0.1,sHST-River,42,0.5238095238095238
7,easy,0.1,sHST-River,123,0.5238095238095238
7,easy,0.1,sHST-River,456,0.5238095238095238
7,easy,0.1,sHST-River,789,0.5238095238095238
7,easy,0.1,sHST-River,1024,0.5238108844314914
7,easy,0.25,sHST-River,42,0.5238095238095238
7,easy,0.25,sHST-River,123,0.5238095238095238
7,easy,0.25,sHST-River,456,0.5238095238095238
7,easy,0.25,sHST-River,789,0.5238095238095238
7,easy,0.25,sHST-River,1024,0.5238108844314914
7,hard,0.01,sHST-River,42,0.5238095238095238
7,hard,0.01,sHST-River,123,0.5222131408686312
7,hard,0.01,sHST-River,456,0.5238095238095238
7,hard,0.01,sHST-River,789,0.5238095238095238
7,hard,0.01,sHST-River,1024,0.5204185358594657
7,hard,0.05,sHST-River,42,0.5238095238095238
7,hard,0.05,sHST-River,123,0.5222131408686312
7,hard,0.05,sHST-River,456,0.5238095238095238
7,hard,0.05,sHST-River,789,0.5238095238095238
7,hard,0.05,sHST-River,1024,0.5204185358594657
7,hard,0.1,sHST-River,42,0.5238095238095238
7,hard,0.1,sHST-River,123,0.5222131408686312
7,hard,0.1,sHST-River,456,0.5238095238095238
7,hard,0.1,sHST-River,789,0.5238095238095238
7,hard,0.1,sHST-River,1024,0.5204185358594657
7,hard,0.25,sHST-River,42,0.5238095238095238
7,hard,0.25,sHST-River,123,0.5222131408686312
7,hard,0.25,sHST-River,456,0.5238095238095238
7,hard,0.25,sHST-River,789,0.5238095238095238
7,hard,0.25,sHST-River,1024,0.5204185358594657
7,medium,0.01,sHST-River,42,0.5238095238095238
7,medium,0.01,sHST-River,123,0.5238095238095238
7,medium,0.01,sHST-River,456,0.5238095238095238
7,medium,0.01,sHST-River,789,0.5238095238095238
7,medium,0.01,sHST-River,1024,0.5233120159073353
7,medium,0.05,sHST-River,42,0.5238095238095238
7,medium,0.05,sHST-River,123,0.5238095238095238
7,medium,0.05,sHST-River,456,0.5238095238095238
7,medium,0.05,sHST-River,789,0.5238095238095238
7,medium,0.05,sHST-River,1024,0.5233120159073353
7,medium,0.1,sHST-River,42,0.5238095238095238
7,medium,0.1,sHST-River,123,0.5238095238095238
7,medium,0.1,sHST-River,456,0.5238095238095238
7,medium,0.1,sHST-River,789,0.5238095238095238
7,medium,0.1,sHST-River,1024,0.5233120159073353
7,medium,0.25,sHST-River,42,0.5238095238095238
7,medium,0.25,sHST-River,123,0.5238095238095238
7,medium,0.25,sHST-River,456,0.5238095238095238
7,medium,0.25,sHST-River,789,0.5238095238095238
7,medium,0.25,sHST-River,1024,0.5233120159073353
8,easy,0.01,sHST-River,42,0.5238095238095238
8,easy,0.01,sHST-River,123,0.523809750569053
8,easy,0.01,sHST-River,456,0.5238095238095238
8,easy,0.01,sHST-River,789,0.5238095238095238
8,easy,0.01,sHST-River,1024,0.5238102041010696
8,easy,0.05,sHST-River,42,0.5238095238095238
8,easy,0.05,sHST-River,123,0.523809750569053
8,easy,0.05,sHST-River,456,0.5238095238095238
8,easy,0.05,sHST-River,789,0.5238095238095238
8,easy,0.05,sHST-River,1024,0.5238102041010696
8,easy,0.1,sHST-River,42,0.5238095238095238
8,easy,0.1,sHST-River,123,0.523809750569053
8,easy,0.1,sHST-River,456,0.5238095238095238
8,easy,0.1,sHST-River,789,0.5238095238095238
8,easy,0.1,sHST-River,1024,0.5238102041010696
8,easy,0.25,sHST-River,42,0.5238095238095238
8,easy,0.25,sHST-River,123,0.523809750569053
8,easy,0.25,sHST-River,456,0.5238095238095238
8,easy,0.25,sHST-River,789,0.5238095238095238
8,easy,0.25,sHST-River,1024,0.5238102041010696
8,hard,0.01,sHST-River,42,0.5238095238095238
8,hard,0.01,sHST-River,123,0.5228120134127431
8,hard,0.01,sHST-River,456,0.5238095238095238
8,hard,0.01,sHST-River,789,0.5238095238095238
8,hard,0.01,sHST-River,1024,0.521914494556229
8,hard,0.05,sHST-River,42,0.5238095238095238
8,hard,0.05,sHST-River,123,0.5228120134127431
8,hard,0.05,sHST-River,456,0.5238095238095238
8,hard,0.05,sHST-River,789,0.5238095238095238
8,hard,0.05,sHST-River,1024,0.521914494556229
8,hard,0.1,sHST-River,42,0.5238095238095238
8,hard,0.1,sHST-River,123,0.5228120134127431
8,hard,0.1,sHST-River,456,0.5238095238095238
8,hard,0.1,sHST-River,789,0.5238095238095238
8,hard,0.1,sHST-River,1024,0.521914494556229
8,hard,0.25,sHST-River,42,0.5238095238095238
8,hard,0.25,sHST-River,123,0.5228120134127431
8,hard,0.25,sHST-River,456,0.5238095238095238
8,hard,0.25,sHST-River,789,0.5238095238095238
8,hard,0.25,sHST-River,1024,0.521914494556229
8,medium,0.01,sHST-River,42,0.5238095238095238
8,medium,0.01,sHST-River,123,0.523809750569053
8,medium,0.01,sHST-River,456,0.5238095238095238
8,medium,0.01,sHST-River,789,0.5238095238095238
8,medium,0.01,sHST-River,1024,0.5234111099470123
8,medium,0.05,sHST-River,42,0.5238095238095238
8,medium,0.05,sHST-River,123,0.523809750569053
8,medium,0.05,sHST-River,456,0.5238095238095238
8,medium,0.05,sHST-River,789,0.5238095238095238
8,medium,0.05,sHST-River,1024,0.5234111099470123
8,medium,0.1,sHST-River,42,0.5238095238095238
8,medium,0.1,sHST-River,123,0.523809750569053
8,medium,0.1,sHST-River,456,0.5238095238095238
8,medium,0.1,sHST-River,789,0.5238095238095238
8,medium,0.1,sHST-River,1024,0.5234111099470123
8,medium,0.25,sHST-River,42,0.5238095238095238
8,medium,0.25,sHST-River,123,0.523809750569053
8,medium,0.25,sHST-River,456,0.5238095238095238
8,medium,0.25,sHST-River,789,0.5238095238095238
8,medium,0.25,sHST-River,1024,0.5234111099470123
9,easy,0.01,sHST-River,42,0.5238095238095238
9,easy,0.01,sHST-River,123,0.523809750569053
9,easy,0.01,sHST-River,456,0.5238095238095238
9,easy,0.01,sHST-River,789,0.5238095238095238
9,easy,0.01,sHST-River,1024,0.5238113380067053
9,easy,0.05,sHST-River,42,0.5238095238095238
9,easy,0.05,sHST-River,123,0.523809750569053
9,easy,0.05,sHST-River,456,0.5238095238095238
9,easy,0.05,sHST-River,789,0.5238095238095238
9,easy,0.05,sHST-River,1024,0.5238113380067053
9,easy,0.1,sHST-River,42,0.5238095238095238
9,easy,0.1,sHST-River,123,0.523809750569053
9,easy,0.1,sHST-River,456,0.5238095238095238
9,easy,0.1,sHST-River,789,0.5238095238095238
9,easy,0.1,sHST-River,1024,0.5238113380067053
9,easy,0.25,sHST-River,42,0.5238095238095238
9,easy,0.25,sHST-River,123,0.523809750569053
9,easy,0.25,sHST-River,456,0.5238095238095238
9,easy,0.25,sHST-River,789,0.5238095238095238
9,easy,0.25,sHST-River,1024,0.5238113380067053
9,hard,0.01,sHST-River,42,0.5238095238095238
9,hard,0.01,sHST-River,123,0.5222133669714326
9,hard,0.01,sHST-River,456,0.5238095238095238
9,hard,0.01,sHST-River,789,0.5238095238095238
9,hard,0.01,sHST-River,1024,0.5215165230188141
9,hard,0.05,sHST-River,42,0.5238095238095238
9,hard,0.05,sHST-River,123,0.5222133669714326
9,hard,0.05,sHST-River,456,0.5238095238095238
9,hard,0.05,sHST-River,789,0.5238095238095238
9,hard,0.05,sHST-River,1024,0.5215165230188141
9,hard,0.1,sHST-River,42,0.5238095238095238
9,hard,0.1,sHST-River,123,0.5222133669714326
9,hard,0.1,sHST-River,456,0.5238095238095238
9,hard,0.1,sHST-River,789,0.5238095238095238
9,hard,0.1,sHST-River,1024,0.5215165230188141
9,hard,0.25,sHST-River,42,0.5238095238095238
9,hard,0.25,sHST-River,123,0.5222133669714326
9,hard,0.25,sHST-River,456,0.5238095238095238
9,hard,0.25,sHST-River,789,0.5238095238095238
9,hard,0.25,sHST-River,1024,0.5215165230188141
9,medium,0.01,sHST-River,42,0.5238095238095238
9,medium,0.01,sHST-River,123,0.523809750569053
9,medium,0.01,sHST-River,456,0.5238095238095238
9,medium,0.01,sHST-River,789,0.5238095238095238
9,medium,0.01,sHST-River,1024,0.523112920893461
9,medium,0.05,sHST-River,42,0.5238095238095238
9,medium,0.05,sHST-River,123,0.523809750569053
9,medium,0.05,sHST-River,456,0.5238095238095238
9,medium,0.05,sHST-River,789,0.5238095238095238
9,medium,0.05,sHST-River,1024,0.523112920893461
9,medium,0.1,sHST-River,42,0.5238095238095238
9,medium,0.1,sHST-River,123,0.523809750569053
9,medium,0.1,sHST-River,456,0.5238095238095238
9,medium,0.1,sHST-River,789,0.5238095238095238
9,medium,0.1,sHST-River,1024,0.523112920893461
9,medium,0.25,sHST-River,42,0.5238095238095238
9,medium,0.25,sHST-River,123,0.523809750569053
9,medium,0.25,sHST-River,456,0.5238095238095238
9,medium,0.25,sHST-River,789,0.5238095238095238
9,medium,0.25,sHST-River,1024,0.523112920893461
10,easy,0.01,sHST-River,42,0.5238095238095238
10,easy,0.01,sHST-River,123,0.5238095238095238
10,easy,0.01,sHST-River,456,0.5238095238095238
10,easy,0.01,sHST-River,789,0.5238095238095238
10,easy,0.01,sHST-River,1024,0.5238113380067053
10,easy,0.05,sHST-River,42,0.5238095238095238
10,easy,0.05,sHST-River,123,0.5238095238095238
10,easy,0.05,sHST-River,456,0.5238095238095238
10,easy,0.05,sHST-River,789,0.5238095238095238
10,easy,0.05,sHST-River,1024,0.5238113380067053
10,easy,0.1,sHST-River,42,0.5238095238095238
10,easy,0.1,sHST-River,123,0.5238095238095238
10,easy,0.1,sHST-River,456,0.5238095238095238
10,easy,0.1,sHST-River,789,0.5238095238095238
10,easy,0.1,sHST-River,1024,0.5238113380067053
10,easy,0.25,sHST-River,42,0.5238095238095238
10,easy,0.25,sHST-River,123,0.5238095238095238
10,easy,0.25,sHST-River,456,0.5238095238095238
10,easy,0.25,sHST-River,789,0.5238095238095238
10,easy,0.25,sHST-River,1024,0.5238113380067053
10,hard,0.01,sHST-River,42,0.5238095238095238
10,hard,0.01,sHST-River,123,0.5226122386776176
10,hard,0.01,sHST-River,456,0.5238095238095238
10,hard,0.01,sHST-River,789,0.5238095238095238
10,hard,0.01,sHST-River,1024,0.5204189866422759
10,hard,0.05,sHST-River,42,0.5238095238095238
10,hard,0.05,sHST-River,123,0.5226122386776176
10,hard,0.05,sHST-River,456,0.5238095238095238
10,hard,0.05,sHST-River,789,0.5238095238095238
10,hard,0.05,sHST-River,1024,0.5204189866422759
10,hard,0.1,sHST-River,42,0.5238095238095238
10,hard,0.1,sHST-River,123,0.5226122386776176
10,hard,0.1,sHST-River,456,0.5238095238095238
10,hard,0.1,sHST-River,789,0.5238095238095238
10,hard,0.1,sHST-River,1024,0.5204189866422759
10,hard,0.25,sHST-River,42,0.5238095238095238
10,hard,0.25,sHST-River,123,0.5226122386776176
10,hard,0.25,sHST-River,456,0.5238095238095238
10,hard,0.25,sHST-River,789,0.5238095238095238
10,hard,0.25,sHST-River,1024,0.5204189866422759
10,medium,0.01,sHST-River,42,0.5238095238095238
10,medium,0.01,sHST-River,123,0.5238095238095238
10,medium,0.01,sHST-River,456,0.5238095238095238
10,medium,0.01,sHST-River,789,0.5238095238095238
10,medium,0.01,sHST-River,1024,0.5230131466745046
10,medium,0.05,sHST-River,42,0.5238095238095238
10,medium,0.05,sHST-River,123,0.5238095238095238
10,medium,0.05,sHST-River,456,0.5238095238095238
10,medium,0.05,sHST-River,789,0.5238095238095238
10,medium,0.05,sHST-River,1024,0.5230131466745046
10,medium,0.1,sHST-River,42,0.5238095238095238
10,medium,0.1,sHST-River,123,0.5238095238095238
10,medium,0.1,sHST-River,456,0.5238095238095238
10,medium,0.1,sHST-River,789,0.5238095238095238
10,medium,0.1,sHST-River,1024,0.5230131466745046
10,medium,0.25,sHST-River,42,0.5238095238095238
10,medium,0.25,sHST-River,123,0.5238095238095238
10,medium,0.25,sHST-River,456,0.5238095238095238
10,medium,0.25,sHST-River,789,0.5238095238095238
10,medium,0.25,sHST-River,1024,0.5230131466745046
0,easy,0.01,MemStream,42,0.8329805287591434
0,easy,0.01,MemStream,123,0.8329805287591434
0,easy,0.01,MemStream,456,0.8329805287591434
0,easy,0.01,MemStream,789,0.8329805287591434
0,easy,0.01,MemStream,1024,0.8329805287591434
0,easy,0.05,MemStream,42,0.8329805287591434
0,easy,0.05,MemStream,123,0.8329805287591434
0,easy,0.05,MemStream,456,0.8329805287591434
0,easy,0.05,MemStream,789,0.8329805287591434
0,easy,0.05,MemStream,1024,0.8329805287591434
0,easy,0.1,MemStream,42,0.8329805287591434
0,easy,0.1,MemStream,123,0.8329805287591434
0,easy,0.1,MemStream,456,0.8329805287591434
0,easy,0.1,MemStream,789,0.8329805287591434
0,easy,0.1,MemStream,1024,0.8329805287591434
0,easy,0.25,MemStream,42,0.8329805287591434
0,easy,0.25,MemStream,123,0.8329805287591434
0,easy,0.25,MemStream,456,0.8329805287591434
0,easy,0.25,MemStream,789,0.8329805287591434
0,easy,0.25,MemStream,1024,0.8329805287591434
0,hard,0.01,MemStream,42,0.24404287899557092
0,hard,0.01,MemStream,123,0.24404287899557092
0,hard,0.01,MemStream,456,0.24404287899557092
0,hard,0.01,MemStream,789,0.24404287899557092
0,hard,0.01,MemStream,1024,0.24404287899557092
0,hard,0.05,MemStream,42,0.24404287899557092
0,hard,0.05,MemStream,123,0.24404287899557092
0,hard,0.05,MemStream,456,0.24404287899557092
0,hard,0.05,MemStream,789,0.24404287899557092
0,hard,0.05,MemStream,1024,0.24404287899557092
0,hard,0.1,MemStream,42,0.24404287899557092
0,hard,0.1,MemStream,123,0.24404287899557092
0,hard,0.1,MemStream,456,0.24404287899557092
0,hard,0.1,MemStream,789,0.24404287899557092
0,hard,0.1,MemStream,1024,0.24404287899557092
0,hard,0.25,MemStream,42,0.24404287899557092
0,hard,0.25,MemStream,123,0.24404287899557092
0,hard,0.25,MemStream,456,0.24404287899557092
0,hard,0.25,MemStream,789,0.24404287899557092
0,hard,0.25,MemStream,1024,0.24404287899557092
0,medium,0.01,MemStream,42,0.5681430082495017
0,medium,0.01,MemStream,123,0.5681430082495017
0,medium,0.01,MemStream,456,0.5681430082495017
0,medium,0.01,MemStream,789,0.5681430082495017
0,medium,0.01,MemStream,1024,0.5681430082495017
0,medium,0.05,MemStream,42,0.5681430082495017
0,medium,0.05,MemStream,123,0.5681430082495017
0,medium,0.05,MemStream,456,0.5681430082495017
0,medium,0.05,MemStream,789,0.5681430082495017
0,medium,0.05,MemStream,1024,0.5681430082495017
0,medium,0.1,MemStream,42,0.5681430082495017
0,medium,0.1,MemStream,123,0.5681430082495017
0,medium,0.1,MemStream,456,0.5681430082495017
0,medium,0.1,MemStream,789,0.5681430082495017
0,medium,0.1,MemStream,1024,0.5681430082495017
0,medium,0.25,MemStream,42,0.5681430082495017
0,medium,0.25,MemStream,123,0.5681430082495017
0,medium,0.25,MemStream,456,0.5681430082495017
0,medium,0.25,MemStream,789,0.5681430082495017
0,medium,0.25,MemStream,1024,0.5681430082495017
1,easy,0.01,MemStream,42,0.8182097136471043
1,easy,0.01,MemStream,123,0.8182097136471043
1,easy,0.01,MemStream,456,0.8182097136471043
1,easy,0.01,MemStream,789,0.8182097136471043
1,easy,0.01,MemStream,1024,0.8182097136471043
1,easy,0.05,MemStream,42,0.8182097136471043
1,easy,0.05,MemStream,123,0.8182097136471043
1,easy,0.05,MemStream,456,0.8182097136471043
1,easy,0.05,MemStream,789,0.8182097136471043
1,easy,0.05,MemStream,1024,0.8182097136471043
1,easy,0.1,MemStream,42,0.8182097136471043
1,easy,0.1,MemStream,123,0.8182097136471043
1,easy,0.1,MemStream,456,0.8182097136471043
1,easy,0.1,MemStream,789,0.8182097136471043
1,easy,0.1,MemStream,1024,0.8182097136471043
1,easy,0.25,MemStream,42,0.8182097136471043
1,easy,0.25,MemStream,123,0.8182097136471043
1,easy,0.25,MemStream,456,0.8182097136471043
1,easy,0.25,MemStream,789,0.8182097136471043
1,easy,0.25,MemStream,1024,0.8182097136471043
1,hard,0.01,MemStream,42,0.20448129616437094
1,hard,0.01,MemStream,123,0.20448129616437094
1,hard,0.01,MemStream,456,0.20448129616437094
1,hard,0.01,MemStream,789,0.20448129616437094
1,hard,0.01,MemStream,1024,0.20448129616437094
1,hard,0.05,MemStream,42,0.20448129616437094
1,hard,0.05,MemStream,123,0.20448129616437094
1,hard,0.05,MemStream,456,0.20448129616437094
1,hard,0.05,MemStream,789,0.20448129616437094
1,hard,0.05,MemStream,1024,0.20448129616437094
1,hard,0.1,MemStream,42,0.20448129616437094
1,hard,0.1,MemStream,123,0.20448129616437094
1,hard,0.1,MemStream,456,0.20448129616437094
1,hard,0.1,MemStream,789,0.20448129616437094
1,hard,0.1,MemStream,1024,0.20448129616437094
1,hard,0.25,MemStream,42,0.20448129616437094
1,hard,0.25,MemStream,123,0.20448129616437094
1,hard,0.25,MemStream,456,0.20448129616437094
1,hard,0.25,MemStream,789,0.20448129616437094
1,hard,0.25,MemStream,1024,0.20448129616437094
1,medium,0.01,MemStream,42,0.5180781787652885
1,medium,0.01,MemStream,123,0.5180781787652885
1,medium,0.01,MemStream,456,0.5180781787652885
1,medium,0.01,MemStream,789,0.5180781787652885
1,medium,0.01,MemStream,1024,0.5180781787652885
1,medium,0.05,MemStream,42,0.5180781787652885
1,medium,0.05,MemStream,123,0.5180781787652885
1,medium,0.05,MemStream,456,0.5180781787652885
1,medium,0.05,MemStream,789,0.5180781787652885
1,medium,0.05,MemStream,1024,0.5180781787652885
1,medium,0.1,MemStream,42,0.5180781787652885
1,medium,0.1,MemStream,123,0.5180781787652885
1,medium,0.1,MemStream,456,0.5180781787652885
1,medium,0.1,MemStream,789,0.5180781787652885
1,medium,0.1,MemStream,1024,0.5180781787652885
1,medium,0.25,MemStream,42,0.5180781787652885
1,medium,0.25,MemStream,123,0.5180781787652885
1,medium,0.25,MemStream,456,0.5180781787652885
1,medium,0.25,MemStream,789,0.5180781787652885
1,medium,0.25,MemStream,1024,0.5180781787652885
2,easy,0.01,MemStream,42,0.8266151718532222
2,easy,0.01,MemStream,123,0.8266151718532222
2,easy,0.01,MemStream,456,0.8266151718532222
2,easy,0.01,MemStream,789,0.8266151718532222
2,easy,0.01,MemStream,1024,0.8266151718532222
2,easy,0.05,MemStream,42,0.8266151718532222
2,easy,0.05,MemStream,123,0.8266151718532222
2,easy,0.05,MemStream,456,0.8266151718532222
2,easy,0.05,MemStream,789,0.8266151718532222
2,easy,0.05,MemStream,1024,0.8266151718532222
2,easy,0.1,MemStream,42,0.8266151718532222
2,easy,0.1,MemStream,123,0.8266151718532222
2,easy,0.1,MemStream,456,0.8266151718532222
2,easy,0.1,MemStream,789,0.8266151718532222
2,easy,0.1,MemStream,1024,0.8266151718532222
2,easy,0.25,MemStream,42,0.8266151718532222
2,easy,0.25,MemStream,123,0.8266151718532222
2,easy,0.25,MemStream,456,0.8266151718532222
2,easy,0.25,MemStream,789,0.8266151718532222
2,easy,0.25,MemStream,1024,0.8266151718532222
2,hard,0.01,MemStream,42,0.2191626271654205
2,hard,0.01,MemStream,123,0.2191626271654205
2,hard,0.01,MemStream,456,0.2191626271654205
2,hard,0.01,MemStream,789,0.2191626271654205
2,hard,0.01,MemStream,1024,0.2191626271654205
2,hard,0.05,MemStream,42,0.2191626271654205
2,hard,0.05,MemStream,123,0.2191626271654205
2,hard,0.05,MemStream,456,0.2191626271654205
2,hard,0.05,MemStream,789,0.2191626271654205
2,hard,0.05,MemStream,1024,0.2191626271654205
2,hard,0.1,MemStream,42,0.2191626271654205
2,hard,0.1,MemStream,123,0.2191626271654205
2,hard,0.1,MemStream,456,0.2191626271654205
2,hard,0.1,MemStream,789,0.2191626271654205
2,hard,0.1,MemStream,1024,0.2191626271654205
2,hard,0.25,MemStream,42,0.2191626271654205
2,hard,0.25,MemStream,123,0.2191626271654205
2,hard,0.25,MemStream,456,0.2191626271654205
2,hard,0.25,MemStream,789,0.2191626271654205
2,hard,0.25,MemStream,1024,0.2191626271654205
2,medium,0.01,MemStream,42,0.5364616419125465
2,medium,0.01,MemStream,123,0.5364616419125465
2,medium,0.01,MemStream,456,0.5364616419125465
2,medium,0.01,MemStream,789,0.5364616419125465
2,medium,0.01,MemStream,1024,0.5364616419125465
2,medium,0.05,MemStream,42,0.5364616419125465
2,medium,0.05,MemStream,123,0.5364616419125465
2,medium,0.05,MemStream,456,0.5364616419125465
2,medium,0.05,MemStream,789,0.5364616419125465
2,medium,0.05,MemStream,1024,0.5364616419125465
2,medium,0.1,MemStream,42,0.5364616419125465
2,medium,0.1,MemStream,123,0.5364616419125465
2,medium,0.1,MemStream,456,0.5364616419125465
2,medium,0.1,MemStream,789,0.5364616419125465
2,medium,0.1,MemStream,1024,0.5364616419125465
2,medium,0.25,MemStream,42,0.5364616419125465
2,medium,0.25,MemStream,123,0.5364616419125465
2,medium,0.25,MemStream,456,0.5364616419125465
2,medium,0.25,MemStream,789,0.5364616419125465
2,medium,0.25,MemStream,1024,0.5364616419125465
3,easy,0.01,MemStream,42,0.8215985593526406
3,easy,0.01,MemStream,123,0.8215985593526406
3,easy,0.01,MemStream,456,0.8215985593526406
3,easy,0.01,MemStream,789,0.8215985593526406
3,easy,0.01,MemStream,1024,0.8215985593526406
3,easy,0.05,MemStream,42,0.8215985593526406
3,easy,0.05,MemStream,123,0.8215985593526406
3,easy,0.05,MemStream,456,0.8215985593526406
3,easy,0.05,MemStream,789,0.8215985593526406
3,easy,0.05,MemStream,1024,0.8215985593526406
3,easy,0.1,MemStream,42,0.8215985593526406
3,easy,0.1,MemStream,123,0.8215985593526406
3,easy,0.1,MemStream,456,0.8215985593526406
3,easy,0.1,MemStream,789,0.8215985593526406
3,easy,0.1,MemStream,1024,0.8215985593526406
3,easy,0.25,MemStream,42,0.8215985593526406
3,easy,0.25,MemStream,123,0.8215985593526406
3,easy,0.25,MemStream,456,0.8215985593526406
3,easy,0.25,MemStream,789,0.8215985593526406
3,easy,0.25,MemStream,1024,0.8215985593526406
3,hard,0.01,MemStream,42,0.19269380890864787
3,hard,0.01,MemStream,123,0.19269380890864787
3,hard,0.01,MemStream,456,0.19269380890864787
3,hard,0.01,MemStream,789,0.19269380890864787
3,hard,0.01,MemStream,1024,0.19269380890864787
3,hard,0.05,MemStream,42,0.19269380890864787
3,hard,0.05,MemStream,123,0.19269380890864787
3,hard,0.05,MemStream,456,0.19269380890864787
3,hard,0.05,MemStream,789,0.19269380890864787
3,hard,0.05,MemStream,1024,0.19269380890864787
3,hard,0.1,MemStream,42,0.19269380890864787
3,hard,0.1,MemStream,123,0.19269380890864787
3,hard,0.1,MemStream,456,0.19269380890864787
3,hard,0.1,MemStream,789,0.19269380890864787
3,hard,0.1,MemStream,1024,0.19269380890864787
3,hard,0.25,MemStream,42,0.19269380890864787
3,hard,0.25,MemStream,123,0.19269380890864787
3,hard,0.25,MemStream,456,0.19269380890864787
3,hard,0.25,MemStream,789,0.19269380890864787
3,hard,0.25,MemStream,1024,0.19269380890864787
3,medium,0.01,MemStream,42,0.49601459817781296
3,medium,0.01,MemStream,123,0.49601459817781296
3,medium,0.01,MemStream,456,0.49601459817781296
3,medium,0.01,MemStream,789,0.49601459817781296
3,medium,0.01,MemStream,1024,0.49601459817781296
3,medium,0.05,MemStream,42,0.49601459817781296
3,medium,0.05,MemStream,123,0.49601459817781296
3,medium,0.05,MemStream,456,0.49601459817781296
3,medium,0.05,MemStream,789,0.49601459817781296
3,medium,0.05,MemStream,1024,0.49601459817781296
3,medium,0.1,MemStream,42,0.49601459817781296
3,medium,0.1,MemStream,123,0.49601459817781296
3,medium,0.1,MemStream,456,0.49601459817781296
3,medium,0.1,MemStream,789,0.49601459817781296
3,medium,0.1,MemStream,1024,0.49601459817781296
3,medium,0.25,MemStream,42,0.49601459817781296
3,medium,0.25,MemStream,123,0.49601459817781296
3,medium,0.25,MemStream,456,0.49601459817781296
3,medium,0.25,MemStream,789,0.49601459817781296
3,medium,0.25,MemStream,1024,0.49601459817781296
4,easy,0.01,MemStream,42,0.8245000282088895
4,easy,0.01,MemStream,123,0.8245000282088895
4,easy,0.01,MemStream,456,0.8245000282088895
4,easy,0.01,MemStream,789,0.8245000282088895
4,easy,0.01,MemStream,1024,0.8245000282088895
4,easy,0.05,MemStream,42,0.8245000282088895
4,easy,0.05,MemStream,123,0.8245000282088895
4,easy,0.05,MemStream,456,0.8245000282088895
4,easy,0.05,MemStream,789,0.8245000282088895
4,easy,0.05,MemStream,1024,0.8245000282088895
4,easy,0.1,MemStream,42,0.8245000282088895
4,easy,0.1,MemStream,123,0.8245000282088895
4,easy,0.1,MemStream,456,0.8245000282088895
4,easy,0.1,MemStream,789,0.8245000282088895
4,easy,0.1,MemStream,1024,0.8245000282088895
4,easy,0.25,MemStream,42,0.8245000282088895
4,easy,0.25,MemStream,123,0.8245000282088895
4,easy,0.25,MemStream,456,0.8245000282088895
4,easy,0.25,MemStream,789,0.8245000282088895
4,easy,0.25,MemStream,1024,0.8245000282088895
4,hard,0.01,MemStream,42,0.2067242440576553
4,hard,0.01,MemStream,123,0.2067242440576553
4,hard,0.01,MemStream,456,0.2067242440576553
4,hard,0.01,MemStream,789,0.2067242440576553
4,hard,0.01,MemStream,1024,0.2067242440576553
4,hard,0.05,MemStream,42,0.2067242440576553
4,hard,0.05,MemStream,123,0.2067242440576553
4,hard,0.05,MemStream,456,0.2067242440576553
4,hard,0.05,MemStream,789,0.2067242440576553
4,hard,0.05,MemStream,1024,0.2067242440576553
4,hard,0.1,MemStream,42,0.2067242440576553
4,hard,0.1,MemStream,123,0.2067242440576553
4,hard,0.1,MemStream,456,0.2067242440576553
4,hard,0.1,MemStream,789,0.2067242440576553
4,hard,0.1,MemStream,1024,0.2067242440576553
4,hard,0.25,MemStream,42,0.2067242440576553
4,hard,0.25,MemStream,123,0.2067242440576553
4,hard,0.25,MemStream,456,0.2067242440576553
4,hard,0.25,MemStream,789,0.2067242440576553
4,hard,0.25,MemStream,1024,0.2067242440576553
4,medium,0.01,MemStream,42,0.5227540884058951
4,medium,0.01,MemStream,123,0.5227540884058951
4,medium,0.01,MemStream,456,0.5227540884058951
4,medium,0.01,MemStream,789,0.5227540884058951
4,medium,0.01,MemStream,1024,0.5227540884058951
4,medium,0.05,MemStream,42,0.5227540884058951
4,medium,0.05,MemStream,123,0.5227540884058951
4,medium,0.05,MemStream,456,0.5227540884058951
4,medium,0.05,MemStream,789,0.5227540884058951
4,medium,0.05,MemStream,1024,0.5227540884058951
4,medium,0.1,MemStream,42,0.5227540884058951
4,medium,0.1,MemStream,123,0.5227540884058951
4,medium,0.1,MemStream,456,0.5227540884058951
4,medium,0.1,MemStream,789,0.5227540884058951
4,medium,0.1,MemStream,1024,0.5227540884058951
4,medium,0.25,MemStream,42,0.5227540884058951
4,medium,0.25,MemStream,123,0.5227540884058951
4,medium,0.25,MemStream,456,0.5227540884058951
4,medium,0.25,MemStream,789,0.5227540884058951
4,medium,0.25,MemStream,1024,0.5227540884058951
5,easy,0.01,MemStream,42,0.7975573126608785
5,easy,0.01,MemStream,123,0.7975573126608785
5,easy,0.01,MemStream,456,0.7975573126608785
5,easy,0.01,MemStream,789,0.7975573126608785
5,easy,0.01,MemStream,1024,0.7975573126608785
5,easy,0.05,MemStream,42,0.7975573126608785
5,easy,0.05,MemStream,123,0.7975573126608785
5,easy,0.05,MemStream,456,0.7975573126608785
5,easy,0.05,MemStream,789,0.7975573126608785
5,easy,0.05,MemStream,1024,0.7975573126608785
5,easy,0.1,MemStream,42,0.7975573126608785
5,easy,0.1,MemStream,123,0.7975573126608785
5,easy,0.1,MemStream,456,0.7975573126608785
5,easy,0.1,MemStream,789,0.7975573126608785
5,easy,0.1,MemStream,1024,0.7975573126608785
5,easy,0.25,MemStream,42,0.7975573126608785
5,easy,0.25,MemStream,123,0.7975573126608785
5,easy,0.25,MemStream,456,0.7975573126608785
5,easy,0.25,MemStream,789,0.7975573126608785
5,easy,0.25,MemStream,1024,0.7975573126608785
5,hard,0.01,MemStream,42,0.1892128467585072
5,hard,0.01,MemStream,123,0.1892128467585072
5,hard,0.01,MemStream,456,0.1892128467585072
5,hard,0.01,MemStream,789,0.1892128467585072
5,hard,0.01,MemStream,1024,0.1892128467585072
5,hard,0.05,MemStream,42,0.1892128467585072
5,hard,0.05,MemStream,123,0.1892128467585072
5,hard,0.05,MemStream,456,0.1892128467585072
5,hard,0.05,MemStream,789,0.1892128467585072
5,hard,0.05,MemStream,1024,0.1892128467585072
5,hard,0.1,MemStream,42,0.1892128467585072
5,hard,0.1,MemStream,123,0.1892128467585072
5,hard,0.1,MemStream,456,0.1892128467585072
5,hard,0.1,MemStream,789,0.1892128467585072
5,hard,0.1,MemStream,1024,0.1892128467585072
5,hard,0.25,MemStream,42,0.1892128467585072
5,hard,0.25,MemStream,123,0.1892128467585072
5,hard,0.25,MemStream,456,0.1892128467585072
5,hard,0.25,MemStream,789,0.1892128467585072
5,hard,0.25,MemStream,1024,0.1892128467585072
5,medium,0.01,MemStream,42,0.46941452318644783
5,medium,0.01,MemStream,123,0.46941452318644783
5,medium,0.01,MemStream,456,0.46941452318644783
5,medium,0.01,MemStream,789,0.46941452318644783
5,medium,0.01,MemStream,1024,0.46941452318644783
5,medium,0.05,MemStream,42,0.46941452318644783
5,medium,0.05,MemStream,123,0.46941452318644783
5,medium,0.05,MemStream,456,0.46941452318644783
5,medium,0.05,MemStream,789,0.46941452318644783
5,medium,0.05,MemStream,1024,0.46941452318644783
5,medium,0.1,MemStream,42,0.46941452318644783
5,medium,0.1,MemStream,123,0.46941452318644783
5,medium,0.1,MemStream,456,0.46941452318644783
5,medium,0.1,MemStream,789,0.46941452318644783
5,medium,0.1,MemStream,1024,0.46941452318644783
5,medium,0.25,MemStream,42,0.46941452318644783
5,medium,0.25,MemStream,123,0.46941452318644783
5,medium,0.25,MemStream,456,0.46941452318644783
5,medium,0.25,MemStream,789,0.46941452318644783
5,medium,0.25,MemStream,1024,0.46941452318644783
6,easy,0.01,MemStream,42,0.8123372583276001
6,easy,0.01,MemStream,123,0.8123372583276001
6,easy,0.01,MemStream,456,0.8123372583276001
6,easy,0.01,MemStream,789,0.8123372583276001
6,easy,0.01,MemStream,1024,0.8123372583276001
6,easy,0.05,MemStream,42,0.8123372583276001
6,easy,0.05,MemStream,123,0.8123372583276001
6,easy,0.05,MemStream,456,0.8123372583276001
6,easy,0.05,MemStream,789,0.8123372583276001
6,easy,0.05,MemStream,1024,0.8123372583276001
6,easy,0.1,MemStream,42,0.8123372583276001
6,easy,0.1,MemStream,123,0.8123372583276001
6,easy,0.1,MemStream,456,0.8123372583276001
6,easy,0.1,MemStream,789,0.8123372583276001
6,easy,0.1,MemStream,1024,0.8123372583276001
6,easy,0.25,MemStream,42,0.8123372583276001
6,easy,0.25,MemStream,123,0.8123372583276001
6,easy,0.25,MemStream,456,0.8123372583276001
6,easy,0.25,MemStream,789,0.8123372583276001
6,easy,0.25,MemStream,1024,0.8123372583276001
6,hard,0.01,MemStream,42,0.18386072865289954
6,hard,0.01,MemStream,123,0.18386072865289954
6,hard,0.01,MemStream,456,0.18386072865289954
6,hard,0.01,MemStream,789,0.18386072865289954
6,hard,0.01,MemStream,1024,0.18386072865289954
6,hard,0.05,MemStream,42,0.18386072865289954
6,hard,0.05,MemStream,123,0.18386072865289954
6,hard,0.05,MemStream,456,0.18386072865289954
6,hard,0.05,MemStream,789,0.18386072865289954
6,hard,0.05,MemStream,1024,0.18386072865289954
6,hard,0.1,MemStream,42,0.18386072865289954
6,hard,0.1,MemStream,123,0.18386072865289954
6,hard,0.1,MemStream,456,0.18386072865289954
6,hard,0.1,MemStream,789,0.18386072865289954
6,hard,0.1,MemStream,1024,0.18386072865289954
6,hard,0.25,MemStream,42,0.18386072865289954
6,hard,0.25,MemStream,123,0.18386072865289954
6,hard,0.25,MemStream,456,0.18386072865289954
6,hard,0.25,MemStream,789,0.18386072865289954
6,hard,0.25,MemStream,1024,0.18386072865289954
6,medium,0.01,MemStream,42,0.488626178924881
6,medium,0.01,MemStream,123,0.488626178924881
6,medium,0.01,MemStream,456,0.488626178924881
6,medium,0.01,MemStream,789,0.488626178924881
6,medium,0.01,MemStream,1024,0.488626178924881
6,medium,0.05,MemStream,42,0.488626178924881
6,medium,0.05,MemStream,123,0.488626178924881
6,medium,0.05,MemStream,456,0.488626178924881
6,medium,0.05,MemStream,789,0.488626178924881
6,medium,0.05,MemStream,1024,0.488626178924881
6,medium,0.1,MemStream,42,0.488626178924881
6,medium,0.1,MemStream,123,0.488626178924881
6,medium,0.1,MemStream,456,0.488626178924881
6,medium,0.1,MemStream,789,0.488626178924881
6,medium,0.1,MemStream,1024,0.488626178924881
6,medium,0.25,MemStream,42,0.488626178924881
6,medium,0.25,MemStream,123,0.488626178924881
6,medium,0.25,MemStream,456,0.488626178924881
6,medium,0.25,MemStream,789,0.488626178924881
6,medium,0.25,MemStream,1024,0.488626178924881
7,easy,0.01,MemStream,42,0.8085102598289897
7,easy,0.01,MemStream,123,0.8085102598289897
7,easy,0.01,MemStream,456,0.8085102598289897
7,easy,0.01,MemStream,789,0.8085102598289897
7,easy,0.01,MemStream,1024,0.8085102598289897
7,easy,0.05,MemStream,42,0.8085102598289897
7,easy,0.05,MemStream,123,0.8085102598289897
7,easy,0.05,MemStream,456,0.8085102598289897
7,easy,0.05,MemStream,789,0.8085102598289897
7,easy,0.05,MemStream,1024,0.8085102598289897
7,easy,0.1,MemStream,42,0.8085102598289897
7,easy,0.1,MemStream,123,0.8085102598289897
7,easy,0.1,MemStream,456,0.8085102598289897
7,easy,0.1,MemStream,789,0.8085102598289897
7,easy,0.1,MemStream,1024,0.8085102598289897
7,easy,0.25,MemStream,42,0.8085102598289897
7,easy,0.25,MemStream,123,0.8085102598289897
7,easy,0.25,MemStream,456,0.8085102598289897
7,easy,0.25,MemStream,789,0.8085102598289897
7,easy,0.25,MemStream,1024,0.8085102598289897
7,hard,0.01,MemStream,42,0.19314805969753415
7,hard,0.01,MemStream,123,0.19314805969753415
7,hard,0.01,MemStream,456,0.19314805969753415
7,hard,0.01,MemStream,789,0.19314805969753415
7,hard,0.01,MemStream,1024,0.19314805969753415
7,hard,0.05,MemStream,42,0.19314805969753415
7,hard,0.05,MemStream,123,0.19314805969753415
7,hard,0.05,MemStream,456,0.19314805969753415
7,hard,0.05,MemStream,789,0.19314805969753415
7,hard,0.05,MemStream,1024,0.19314805969753415
7,hard,0.1,MemStream,42,0.19314805969753415
7,hard,0.1,MemStream,123,0.19314805969753415
7,hard,0.1,MemStream,456,0.19314805969753415
7,hard,0.1,MemStream,789,0.19314805969753415
7,hard,0.1,MemStream,1024,0.19314805969753415
7,hard,0.25,MemStream,42,0.19314805969753415
7,hard,0.25,MemStream,123,0.19314805969753415
7,hard,0.25,MemStream,456,0.19314805969753415
7,hard,0.25,MemStream,789,0.19314805969753415
7,hard,0.25,MemStream,1024,0.19314805969753415
7,medium,0.01,MemStream,42,0.4835785843097977
7,medium,0.01,MemStream,123,0.4835785843097977
7,medium,0.01,MemStream,456,0.4835785843097977
7,medium,0.01,MemStream,789,0.4835785843097977
7,medium,0.01,MemStream,1024,0.4835785843097977
7,medium,0.05,MemStream,42,0.4835785843097977
7,medium,0.05,MemStream,123,0.4835785843097977
7,medium,0.05,MemStream,456,0.4835785843097977
7,medium,0.05,MemStream,789,0.4835785843097977
7,medium,0.05,MemStream,1024,0.4835785843097977
7,medium,0.1,MemStream,42,0.4835785843097977
7,medium,0.1,MemStream,123,0.4835785843097977
7,medium,0.1,MemStream,456,0.4835785843097977
7,medium,0.1,MemStream,789,0.4835785843097977
7,medium,0.1,MemStream,1024,0.4835785843097977
7,medium,0.25,MemStream,42,0.4835785843097977
7,medium,0.25,MemStream,123,0.4835785843097977
7,medium,0.25,MemStream,456,0.4835785843097977
7,medium,0.25,MemStream,789,0.4835785843097977
7,medium,0.25,MemStream,1024,0.4835785843097977
8,easy,0.01,MemStream,42,0.8255257277353871
8,easy,0.01,MemStream,123,0.8255257277353871
8,easy,0.01,MemStream,456,0.8255257277353871
8,easy,0.01,MemStream,789,0.8255257277353871
8,easy,0.01,MemStream,1024,0.8255257277353871
8,easy,0.05,MemStream,42,0.8255257277353871
8,easy,0.05,MemStream,123,0.8255257277353871
8,easy,0.05,MemStream,456,0.8255257277353871
8,easy,0.05,MemStream,789,0.8255257277353871
8,easy,0.05,MemStream,1024,0.8255257277353871
8,easy,0.1,MemStream,42,0.8255257277353871
8,easy,0.1,MemStream,123,0.8255257277353871
8,easy,0.1,MemStream,456,0.8255257277353871
8,easy,0.1,MemStream,789,0.8255257277353871
8,easy,0.1,MemStream,1024,0.8255257277353871
8,easy,0.25,MemStream,42,0.8255257277353871
8,easy,0.25,MemStream,123,0.8255257277353871
8,easy,0.25,MemStream,456,0.8255257277353871
8,easy,0.25,MemStream,789,0.8255257277353871
8,easy,0.25,MemStream,1024,0.8255257277353871
8,hard,0.01,MemStream,42,0.20531362181755058
8,hard,0.01,MemStream,123,0.20531362181755058
8,hard,0.01,MemStream,456,0.20531362181755058
8,hard,0.01,MemStream,789,0.20531362181755058
8,hard,0.01,MemStream,1024,0.20531362181755058
8,hard,0.05,MemStream,42,0.20531362181755058
8,hard,0.05,MemStream,123,0.20531362181755058
8,hard,0.05,MemStream,456,0.20531362181755058
8,hard,0.05,MemStream,789,0.20531362181755058
8,hard,0.05,MemStream,1024,0.20531362181755058
8,hard,0.1,MemStream,42,0.20531362181755058
8,hard,0.1,MemStream,123,0.20531362181755058
8,hard,0.1,MemStream,456,0.20531362181755058
8,hard,0.1,MemStream,789,0.20531362181755058
8,hard,0.1,MemStream,1024,0.20531362181755058
8,hard,0.25,MemStream,42,0.20531362181755058
8,hard,0.25,MemStream,123,0.20531362181755058
8,hard,0.25,MemStream,456,0.20531362181755058
8,hard,0.25,MemStream,789,0.20531362181755058
8,hard,0.25,MemStream,1024,0.20531362181755058
8,medium,0.01,MemStream,42,0.5131153663149469
8,medium,0.01,MemStream,123,0.5131153663149469
8,medium,0.01,MemStream,456,0.5131153663149469
8,medium,0.01,MemStream,789,0.5131153663149469
8,medium,0.01,MemStream,1024,0.5131153663149469
8,medium,0.05,MemStream,42,0.5131153663149469
8,medium,0.05,MemStream,123,0.5131153663149469
8,medium,0.05,MemStream,456,0.5131153663149469
8,medium,0.05,MemStream,789,0.5131153663149469
8,medium,0.05,MemStream,1024,0.5131153663149469
8,medium,0.1,MemStream,42,0.5131153663149469
8,medium,0.1,MemStream,123,0.5131153663149469
8,medium,0.1,MemStream,456,0.5131153663149469
8,medium,0.1,MemStream,789,0.5131153663149469
8,medium,0.1,MemStream,1024,0.5131153663149469
8,medium,0.25,MemStream,42,0.5131153663149469
8,medium,0.25,MemStream,123,0.5131153663149469
8,medium,0.25,MemStream,456,0.5131153663149469
8,medium,0.25,MemStream,789,0.5131153663149469
8,medium,0.25,MemStream,1024,0.5131153663149469
9,easy,0.01,MemStream,42,0.7921830493149439
9,easy,0.01,MemStream,123,0.7921830493149439
9,easy,0.01,MemStream,456,0.7921830493149439
9,easy,0.01,MemStream,789,0.7921830493149439
9,easy,0.01,MemStream,1024,0.7921830493149439
9,easy,0.05,MemStream,42,0.7921830493149439
9,easy,0.05,MemStream,123,0.7921830493149439
9,easy,0.05,MemStream,456,0.7921830493149439
9,easy,0.05,MemStream,789,0.7921830493149439
9,easy,0.05,MemStream,1024,0.7921830493149439
9,easy,0.1,MemStream,42,0.7921830493149439
9,easy,0.1,MemStream,123,0.7921830493149439
9,easy,0.1,MemStream,456,0.7921830493149439
9,easy,0.1,MemStream,789,0.7921830493149439
9,easy,0.1,MemStream,1024,0.7921830493149439
9,easy,0.25,MemStream,42,0.7921830493149439
9,easy,0.25,MemStream,123,0.7921830493149439
9,easy,0.25,MemStream,456,0.7921830493149439
9,easy,0.25,MemStream,789,0.7921830493149439
9,easy,0.25,MemStream,1024,0.7921830493149439
9,hard,0.01,MemStream,42,0.1751593577287556
9,hard,0.01,MemStream,123,0.1751593577287556
9,hard,0.01,MemStream,456,0.1751593577287556
9,hard,0.01,MemStream,789,0.1751593577287556
9,hard,0.01,MemStream,1024,0.1751593577287556
9,hard,0.05,MemStream,42,0.1751593577287556
9,hard,0.05,MemStream,123,0.1751593577287556
9,hard,0.05,MemStream,456,0.1751593577287556
9,hard,0.05,MemStream,789,0.1751593577287556
9,hard,0.05,MemStream,1024,0.1751593577287556
9,hard,0.1,MemStream,42,0.1751593577287556
9,hard,0.1,MemStream,123,0.1751593577287556
9,hard,0.1,MemStream,456,0.1751593577287556
9,hard,0.1,MemStream,789,0.1751593577287556
9,hard,0.1,MemStream,1024,0.1751593577287556
9,hard,0.25,MemStream,42,0.1751593577287556
9,hard,0.25,MemStream,123,0.1751593577287556
9,hard,0.25,MemStream,456,0.1751593577287556
9,hard,0.25,MemStream,789,0.1751593577287556
9,hard,0.25,MemStream,1024,0.1751593577287556
9,medium,0.01,MemStream,42,0.4404145795109107
9,medium,0.01,MemStream,123,0.4404145795109107
9,medium,0.01,MemStream,456,0.4404145795109107
9,medium,0.01,MemStream,789,0.4404145795109107
9,medium,0.01,MemStream,1024,0.4404145795109107
9,medium,0.05,MemStream,42,0.4404145795109107
9,medium,0.05,MemStream,123,0.4404145795109107
9,medium,0.05,MemStream,456,0.4404145795109107
9,medium,0.05,MemStream,789,0.4404145795109107
9,medium,0.05,MemStream,1024,0.4404145795109107
9,medium,0.1,MemStream,42,0.4404145795109107
9,medium,0.1,MemStream,123,0.4404145795109107
9,medium,0.1,MemStream,456,0.4404145795109107
9,medium,0.1,MemStream,789,0.4404145795109107
9,medium,0.1,MemStream,1024,0.4404145795109107
9,medium,0.25,MemStream,42,0.4404145795109107
9,medium,0.25,MemStream,123,0.4404145795109107
9,medium,0.25,MemStream,456,0.4404145795109107
9,medium,0.25,MemStream,789,0.4404145795109107
9,medium,0.25,MemStream,1024,0.4404145795109107
10,easy,0.01,MemStream,42,0.7927526172968813
10,easy,0.01,MemStream,123,0.7927526172968813
10,easy,0.01,MemStream,456,0.7927526172968813
10,easy,0.01,MemStream,789,0.7927526172968813
10,easy,0.01,MemStream,1024,0.7927526172968813
10,easy,0.05,MemStream,42,0.7927526172968813
10,easy,0.05,MemStream,123,0.7927526172968813
10,easy,0.05,MemStream,456,0.7927526172968813
10,easy,0.05,MemStream,789,0.7927526172968813
10,easy,0.05,MemStream,1024,0.7927526172968813
10,easy,0.1,MemStream,42,0.7927526172968813
10,easy,0.1,MemStream,123,0.7927526172968813
10,easy,0.1,MemStream,456,0.7927526172968813
10,easy,0.1,MemStream,789,0.7927526172968813
10,easy,0.1,MemStream,1024,0.7927526172968813
10,easy,0.25,MemStream,42,0.7927526172968813
10,easy,0.25,MemStream,123,0.7927526172968813
10,easy,0.25,MemStream,456,0.7927526172968813
10,easy,0.25,MemStream,789,0.7927526172968813
10,easy,0.25,MemStream,1024,0.7927526172968813
10,hard,0.01,MemStream,42,0.17645285416605694
10,hard,0.01,MemStream,123,0.17645285416605694
10,hard,0.01,MemStream,456,0.17645285416605694
10,hard,0.01,MemStream,789,0.17645285416605694
10,hard,0.01,MemStream,1024,0.17645285416605694
10,hard,0.05,MemStream,42,0.17645285416605694
10,hard,0.05,MemStream,123,0.17645285416605694
10,hard,0.05,MemStream,456,0.17645285416605694
10,hard,0.05,MemStream,789,0.17645285416605694
10,hard,0.05,MemStream,1024,0.17645285416605694
10,hard,0.1,MemStream,42,0.17645285416605694
10,hard,0.1,MemStream,123,0.17645285416605694
10,hard,0.1,MemStream,456,0.17645285416605694
10,hard,0.1,MemStream,789,0.17645285416605694
10,hard,0.1,MemStream,1024,0.17645285416605694
10,hard,0.25,MemStream,42,0.17645285416605694
10,hard,0.25,MemStream,123,0.17645285416605694
10,hard,0.25,MemStream,456,0.17645285416605694
10,hard,0.25,MemStream,789,0.17645285416605694
10,hard,0.25,MemStream,1024,0.17645285416605694
10,medium,0.01,MemStream,42,0.4470112848700638
10,medium,0.01,MemStream,123,0.4470112848700638
10,medium,0.01,MemStream,456,0.4470112848700638
10,medium,0.01,MemStream,789,0.4470112848700638
10,medium,0.01,MemStream,1024,0.4470112848700638
10,medium,0.05,MemStream,42,0.4470112848700638
10,medium,0.05,MemStream,123,0.4470112848700638
10,medium,0.05,MemStream,456,0.4470112848700638
10,medium,0.05,MemStream,789,0.4470112848700638
10,medium,0.05,MemStream,1024,0.4470112848700638
10,medium,0.1,MemStream,42,0.4470112848700638
10,medium,0.1,MemStream,123,0.4470112848700638
10,medium,0.1,MemStream,456,0.4470112848700638
10,medium,0.1,MemStream,789,0.4470112848700638
10,medium,0.1,MemStream,1024,0.4470112848700638
10,medium,0.25,MemStream,42,0.4470112848700638
10,medium,0.25,MemStream,123,0.4470112848700638
10,medium,0.25,MemStream,456,0.4470112848700638
10,medium,0.25,MemStream,789,0.4470112848700638
10,medium,0.25,MemStream,1024,0.4470112848700638
0,easy,0.01,IForestASD,42,0.36387895268794523
0,easy,0.01,IForestASD,123,0.5206733759459474
0,easy,0.01,IForestASD,456,0.5499109712700557
0,easy,0.01,IForestASD,789,0.25992830440114656
0,easy,0.01,IForestASD,1024,0.1536410927008019
0,easy,0.05,IForestASD,42,0.36387895268794523
0,easy,0.05,IForestASD,123,0.5206733759459474
0,easy,0.05,IForestASD,456,0.5499109712700557
0,easy,0.05,IForestASD,789,0.25992830440114656
0,easy,0.05,IForestASD,1024,0.1536410927008019
0,easy,0.1,IForestASD,42,0.36387895268794523
0,easy,0.1,IForestASD,123,0.5206733759459474
0,easy,0.1,IForestASD,456,0.5499109712700557
0,easy,0.1,IForestASD,789,0.25992830440114656
0,easy,0.1,IForestASD,1024,0.1536410927008019
0,easy,0.25,IForestASD,42,0.36387895268794523
0,easy,0.25,IForestASD,123,0.5206733759459474
0,easy,0.25,IForestASD,456,0.5499109712700557
0,easy,0.25,IForestASD,789,0.25992830440114656
0,easy,0.25,IForestASD,1024,0.1536410927008019
0,hard,0.01,IForestASD,42,0.0649450121834579
0,hard,0.01,IForestASD,123,0.06380686541186636
0,hard,0.01,IForestASD,456,0.08231255244705075
0,hard,0.01,IForestASD,789,0.060011629613949014
0,hard,0.01,IForestASD,1024,0.0569945722169147
0,hard,0.05,IForestASD,42,0.0649450121834579
0,hard,0.05,IForestASD,123,0.06380686541186636
0,hard,0.05,IForestASD,456,0.08231255244705075
0,hard,0.05,IForestASD,789,0.060011629613949014
0,hard,0.05,IForestASD,1024,0.0569945722169147
0,hard,0.1,IForestASD,42,0.0649450121834579
0,hard,0.1,IForestASD,123,0.06380686541186636
0,hard,0.1,IForestASD,456,0.08231255244705075
0,hard,0.1,IForestASD,789,0.060011629613949014
0,hard,0.1,IForestASD,1024,0.0569945722169147
0,hard,0.25,IForestASD,42,0.0649450121834579
0,hard,0.25,IForestASD,123,0.06380686541186636
0,hard,0.25,IForestASD,456,0.08231255244705075
0,hard,0.25,IForestASD,789,0.060011629613949014
0,hard,0.25,IForestASD,1024,0.0569945722169147
0,medium,0.01,IForestASD,42,0.18061775273365482
0,medium,0.01,IForestASD,123,0.2513003706834477
0,medium,0.01,IForestASD,456,0.24924964737231634
0,medium,0.01,IForestASD,789,0.11278301280531478
0,medium,0.01,IForestASD,1024,0.10225733579619113
0,medium,0.05,IForestASD,42,0.18061775273365482
0,medium,0.05,IForestASD,123,0.2513003706834477
0,medium,0.05,IForestASD,456,0.24924964737231634
0,medium,0.05,IForestASD,789,0.11278301280531478
0,medium,0.05,IForestASD,1024,0.10225733579619113
0,medium,0.1,IForestASD,42,0.18061775273365482
0,medium,0.1,IForestASD,123,0.2513003706834477
0,medium,0.1,IForestASD,456,0.24924964737231634
0,medium,0.1,IForestASD,789,0.11278301280531478
0,medium,0.1,IForestASD,1024,0.10225733579619113
0,medium,0.25,IForestASD,42,0.18061775273365482
0,medium,0.25,IForestASD,123,0.2513003706834477
0,medium,0.25,IForestASD,456,0.24924964737231634
0,medium,0.25,IForestASD,789,0.11278301280531478
0,medium,0.25,IForestASD,1024,0.10225733579619113
1,easy,0.01,IForestASD,42,0.36673522232937017
1,easy,0.01,IForestASD,123,0.5631774478682247
1,easy,0.01,IForestASD,456,0.5164652735487252
1,easy,0.01,IForestASD,789,0.25551041446965433
1,easy,0.01,IForestASD,1024,0.19951145526217973
1,easy,0.05,IForestASD,42,0.36673522232937017
1,easy,0.05,IForestASD,123,0.5631774478682247
1,easy,0.05,IForestASD,456,0.5164652735487252
1,easy,0.05,IForestASD,789,0.25551041446965433
1,easy,0.05,IForestASD,1024,0.19951145526217973
1,easy,0.1,IForestASD,42,0.36673522232937017
1,easy,0.1,IForestASD,123,0.5631774478682247
1,easy,0.1,IForestASD,456,0.5164652735487252
1,easy,0.1,IForestASD,789,0.25551041446965433
1,easy,0.1,IForestASD,1024,0.19951145526217973
1,easy,0.25,IForestASD,42,0.36673522232937017
1,easy,0.25,IForestASD,123,0.5631774478682247
1,easy,0.25,IForestASD,456,0.5164652735487252
1,easy,0.25,IForestASD,789,0.25551041446965433
1,easy,0.25,IForestASD,1024,0.19951145526217973
1,hard,0.01,IForestASD,42,0.05783859544563865
1,hard,0.01,IForestASD,123,0.05365536374603089
1,hard,0.01,IForestASD,456,0.07129196833370989
1,hard,0.01,IForestASD,789,0.05245347323081488
1,hard,0.01,IForestASD,1024,0.05892179870773556
1,hard,0.05,IForestASD,42,0.05783859544563865
1,hard,0.05,IForestASD,123,0.05365536374603089
1,hard,0.05,IForestASD,456,0.07129196833370989
1,hard,0.05,IForestASD,789,0.05245347323081488
1,hard,0.05,IForestASD,1024,0.05892179870773556
1,hard,0.1,IForestASD,42,0.05783859544563865
1,hard,0.1,IForestASD,123,0.05365536374603089
1,hard,0.1,IForestASD,456,0.07129196833370989
1,hard,0.1,IForestASD,789,0.05245347323081488
1,hard,0.1,IForestASD,1024,0.05892179870773556
1,hard,0.25,IForestASD,42,0.05783859544563865
1,hard,0.25,IForestASD,123,0.05365536374603089
1,hard,0.25,IForestASD,456,0.07129196833370989
1,hard,0.25,IForestASD,789,0.05245347323081488
1,hard,0.25,IForestASD,1024,0.05892179870773556
1,medium,0.01,IForestASD,42,0.1391873213263815
1,medium,0.01,IForestASD,123,0.20262441167450576
1,medium,0.01,IForestASD,456,0.20428441549397117
1,medium,0.01,IForestASD,789,0.08662492746438091
1,medium,0.01,IForestASD,1024,0.10730826371327652
1,medium,0.05,IForestASD,42,0.1391873213263815
1,medium,0.05,IForestASD,123,0.20262441167450576
1,medium,0.05,IForestASD,456,0.20428441549397117
1,medium,0.05,IForestASD,789,0.08662492746438091
1,medium,0.05,IForestASD,1024,0.10730826371327652
1,medium,0.1,IForestASD,42,0.1391873213263815
1,medium,0.1,IForestASD,123,0.20262441167450576
1,medium,0.1,IForestASD,456,0.20428441549397117
1,medium,0.1,IForestASD,789,0.08662492746438091
1,medium,0.1,IForestASD,1024,0.10730826371327652
1,medium,0.25,IForestASD,42,0.1391873213263815
1,medium,0.25,IForestASD,123,0.20262441167450576
1,medium,0.25,IForestASD,456,0.20428441549397117
1,medium,0.25,IForestASD,789,0.08662492746438091
1,medium,0.25,IForestASD,1024,0.10730826371327652
2,easy,0.01,IForestASD,42,0.4540713017994972
2,easy,0.01,IForestASD,123,0.5809212348435324
2,easy,0.01,IForestASD,456,0.6001759241782735
2,easy,0.01,IForestASD,789,0.340790028678907
2,easy,0.01,IForestASD,1024,0.2304500474456329
2,easy,0.05,IForestASD,42,0.4540713017994972
2,easy,0.05,IForestASD,123,0.5809212348435324
2,easy,0.05,IForestASD,456,0.6001759241782735
2,easy,0.05,IForestASD,789,0.340790028678907
2,easy,0.05,IForestASD,1024,0.2304500474456329
2,easy,0.1,IForestASD,42,0.4540713017994972
2,easy,0.1,IForestASD,123,0.5809212348435324
2,easy,0.1,IForestASD,456,0.6001759241782735
2,easy,0.1,IForestASD,789,0.340790028678907
2,easy,0.1,IForestASD,1024,0.2304500474456329
2,easy,0.25,IForestASD,42,0.4540713017994972
2,easy,0.25,IForestASD,123,0.5809212348435324
2,easy,0.25,IForestASD,456,0.6001759241782735
2,easy,0.25,IForestASD,789,0.340790028678907
2,easy,0.25,IForestASD,1024,0.2304500474456329
2,hard,0.01,IForestASD,42,0.06501435056998695
2,hard,0.01,IForestASD,123,0.0675671862183543
2,hard,0.01,IForestASD,456,0.08533988197361159
2,hard,0.01,IForestASD,789,0.059851725039554333
2,hard,0.01,IForestASD,1024,0.0593506343945511
2,hard,0.05,IForestASD,42,0.06501435056998695
2,hard,0.05,IForestASD,123,0.0675671862183543
2,hard,0.05,IForestASD,456,0.08533988197361159
2,hard,0.05,IForestASD,789,0.059851725039554333
2,hard,0.05,IForestASD,1024,0.0593506343945511
2,hard,0.1,IForestASD,42,0.06501435056998695
2,hard,0.1,IForestASD,123,0.0675671862183543
2,hard,0.1,IForestASD,456,0.08533988197361159
2,hard,0.1,IForestASD,789,0.059851725039554333
2,hard,0.1,IForestASD,1024,0.0593506343945511
2,hard,0.25,IForestASD,42,0.06501435056998695
2,hard,0.25,IForestASD,123,0.0675671862183543
2,hard,0.25,IForestASD,456,0.08533988197361159
2,hard,0.25,IForestASD,789,0.059851725039554333
2,hard,0.25,IForestASD,1024,0.0593506343945511
2,medium,0.01,IForestASD,42,0.17328676816876684
2,medium,0.01,IForestASD,123,0.30566443938248444
2,medium,0.01,IForestASD,456,0.2626198919605964
2,medium,0.01,IForestASD,789,0.11375051872295652
2,medium,0.01,IForestASD,1024,0.12402155143313727
2,medium,0.05,IForestASD,42,0.17328676816876684
2,medium,0.05,IForestASD,123,0.30566443938248444
2,medium,0.05,IForestASD,456,0.2626198919605964
2,medium,0.05,IForestASD,789,0.11375051872295652
2,medium,0.05,IForestASD,1024,0.12402155143313727
2,medium,0.1,IForestASD,42,0.17328676816876684
2,medium,0.1,IForestASD,123,0.30566443938248444
2,medium,0.1,IForestASD,456,0.2626198919605964
2,medium,0.1,IForestASD,789,0.11375051872295652
2,medium,0.1,IForestASD,1024,0.12402155143313727
2,medium,0.25,IForestASD,42,0.17328676816876684
2,medium,0.25,IForestASD,123,0.30566443938248444
2,medium,0.25,IForestASD,456,0.2626198919605964
2,medium,0.25,IForestASD,789,0.11375051872295652
2,medium,0.25,IForestASD,1024,0.12402155143313727
3,easy,0.01,IForestASD,42,0.32902042653671143
3,easy,0.01,IForestASD,123,0.5343792949521343
3,easy,0.01,IForestASD,456,0.554695318871495
3,easy,0.01,IForestASD,789,0.23898380025670113
3,easy,0.01,IForestASD,1024,0.16673694567667197
3,easy,0.05,IForestASD,42,0.32902042653671143
3,easy,0.05,IForestASD,123,0.5343792949521343
3,easy,0.05,IForestASD,456,0.554695318871495
3,easy,0.05,IForestASD,789,0.23898380025670113
3,easy,0.05,IForestASD,1024,0.16673694567667197
3,easy,0.1,IForestASD,42,0.32902042653671143
3,easy,0.1,IForestASD,123,0.5343792949521343
3,easy,0.1,IForestASD,456,0.554695318871495
3,easy,0.1,IForestASD,789,0.23898380025670113
3,easy,0.1,IForestASD,1024,0.16673694567667197
3,easy,0.25,IForestASD,42,0.32902042653671143
3,easy,0.25,IForestASD,123,0.5343792949521343
3,easy,0.25,IForestASD,456,0.554695318871495
3,easy,0.25,IForestASD,789,0.23898380025670113
3,easy,0.25,IForestASD,1024,0.16673694567667197
3,hard,0.01,IForestASD,42,0.05869451140842417
3,hard,0.01,IForestASD,123,0.05802053769338243
3,hard,0.01,IForestASD,456,0.07640121762875243
3,hard,0.01,IForestASD,789,0.05525310936346396
3,hard,0.01,IForestASD,1024,0.05616397489150315
3,hard,0.05,IForestASD,42,0.05869451140842417
3,hard,0.05,IForestASD,123,0.05802053769338243
3,hard,0.05,IForestASD,456,0.07640121762875243
3,hard,0.05,IForestASD,789,0.05525310936346396
3,hard,0.05,IForestASD,1024,0.05616397489150315
3,hard,0.1,IForestASD,42,0.05869451140842417
3,hard,0.1,IForestASD,123,0.05802053769338243
3,hard,0.1,IForestASD,456,0.07640121762875243
3,hard,0.1,IForestASD,789,0.05525310936346396
3,hard,0.1,IForestASD,1024,0.05616397489150315
3,hard,0.25,IForestASD,42,0.05869451140842417
3,hard,0.25,IForestASD,123,0.05802053769338243
3,hard,0.25,IForestASD,456,0.07640121762875243
3,hard,0.25,IForestASD,789,0.05525310936346396
3,hard,0.25,IForestASD,1024,0.05616397489150315
3,medium,0.01,IForestASD,42,0.1473988106889989
3,medium,0.01,IForestASD,123,0.2166956139366249
3,medium,0.01,IForestASD,456,0.2294084386423315
3,medium,0.01,IForestASD,789,0.09818625174737552
3,medium,0.01,IForestASD,1024,0.10454146443531383
3,medium,0.05,IForestASD,42,0.1473988106889989
3,medium,0.05,IForestASD,123,0.2166956139366249
3,medium,0.05,IForestASD,456,0.2294084386423315
3,medium,0.05,IForestASD,789,0.09818625174737552
3,medium,0.05,IForestASD,1024,0.10454146443531383
3,medium,0.1,IForestASD,42,0.1473988106889989
3,medium,0.1,IForestASD,123,0.2166956139366249
3,medium,0.1,IForestASD,456,0.2294084386423315
3,medium,0.1,IForestASD,789,0.09818625174737552
3,medium,0.1,IForestASD,1024,0.10454146443531383
3,medium,0.25,IForestASD,42,0.1473988106889989
3,medium,0.25,IForestASD,123,0.2166956139366249
3,medium,0.25,IForestASD,456,0.2294084386423315
3,medium,0.25,IForestASD,789,0.09818625174737552
3,medium,0.25,IForestASD,1024,0.10454146443531383
4,easy,0.01,IForestASD,42,0.39013459797061095
4,easy,0.01,IForestASD,123,0.5116813249666355
4,easy,0.01,IForestASD,456,0.5825677515225889
4,easy,0.01,IForestASD,789,0.28250254122503465
4,easy,0.01,IForestASD,1024,0.17948275324628438
4,easy,0.05,IForestASD,42,0.39013459797061095
4,easy,0.05,IForestASD,123,0.5116813249666355
4,easy,0.05,IForestASD,456,0.5825677515225889
4,easy,0.05,IForestASD,789,0.28250254122503465
4,easy,0.05,IForestASD,1024,0.17948275324628438
4,easy,0.1,IForestASD,42,0.39013459797061095
4,easy,0.1,IForestASD,123,0.5116813249666355
4,easy,0.1,IForestASD,456,0.5825677515225889
4,easy,0.1,IForestASD,789,0.28250254122503465
4,easy,0.1,IForestASD,1024,0.17948275324628438
4,easy,0.25,IForestASD,42,0.39013459797061095
4,easy,0.25,IForestASD,123,0.5116813249666355
4,easy,0.25,IForestASD,456,0.5825677515225889
4,easy,0.25,IForestASD,789,0.28250254122503465
4,easy,0.25,IForestASD,1024,0.17948275324628438
4,hard,0.01,IForestASD,42,0.06238408663282436
4,hard,0.01,IForestASD,123,0.06079932803546151
4,hard,0.01,IForestASD,456,0.08197614155273804
4,hard,0.01,IForestASD,789,0.05708260735050368
4,hard,0.01,IForestASD,1024,0.06080952542833862
4,hard,0.05,IForestASD,42,0.06238408663282436
4,hard,0.05,IForestASD,123,0.06079932803546151
4,hard,0.05,IForestASD,456,0.08197614155273804
4,hard,0.05,IForestASD,789,0.05708260735050368
4,hard,0.05,IForestASD,1024,0.06080952542833862
4,hard,0.1,IForestASD,42,0.06238408663282436
4,hard,0.1,IForestASD,123,0.06079932803546151
4,hard,0.1,IForestASD,456,0.08197614155273804
4,hard,0.1,IForestASD,789,0.05708260735050368
4,hard,0.1,IForestASD,1024,0.06080952542833862
4,hard,0.25,IForestASD,42,0.06238408663282436
4,hard,0.25,IForestASD,123,0.06079932803546151
4,hard,0.25,IForestASD,456,0.08197614155273804
4,hard,0.25,IForestASD,789,0.05708260735050368
4,hard,0.25,IForestASD,1024,0.06080952542833862
4,medium,0.01,IForestASD,42,0.15904766499953285
4,medium,0.01,IForestASD,123,0.23365352996943045
4,medium,0.01,IForestASD,456,0.25050494384920213
4,medium,0.01,IForestASD,789,0.10264733503593668
4,medium,0.01,IForestASD,1024,0.10996597455094342
4,medium,0.05,IForestASD,42,0.15904766499953285
4,medium,0.05,IForestASD,123,0.23365352996943045
4,medium,0.05,IForestASD,456,0.25050494384920213
4,medium,0.05,IForestASD,789,0.10264733503593668
4,medium,0.05,IForestASD,1024,0.10996597455094342
4,medium,0.1,IForestASD,42,0.15904766499953285
4,medium,0.1,IForestASD,123,0.23365352996943045
4,medium,0.1,IForestASD,456,0.25050494384920213
4,medium,0.1,IForestASD,789,0.10264733503593668
4,medium,0.1,IForestASD,1024,0.10996597455094342
4,medium,0.25,IForestASD,42,0.15904766499953285
4,medium,0.25,IForestASD,123,0.23365352996943045
4,medium,0.25,IForestASD,456,0.25050494384920213
4,medium,0.25,IForestASD,789,0.10264733503593668
4,medium,0.25,IForestASD,1024,0.10996597455094342
5,easy,0.01,IForestASD,42,0.2922681528039611
5,easy,0.01,IForestASD,123,0.5233230143127733
5,easy,0.01,IForestASD,456,0.5204498152063936
5,easy,0.01,IForestASD,789,0.20925348976570962
5,easy,0.01,IForestASD,1024,0.1385743596883332
5,easy,0.05,IForestASD,42,0.2922681528039611
5,easy,0.05,IForestASD,123,0.5233230143127733
5,easy,0.05,IForestASD,456,0.5204498152063936
5,easy,0.05,IForestASD,789,0.20925348976570962
5,easy,0.05,IForestASD,1024,0.1385743596883332
5,easy,0.1,IForestASD,42,0.2922681528039611
5,easy,0.1,IForestASD,123,0.5233230143127733
5,easy,0.1,IForestASD,456,0.5204498152063936
5,easy,0.1,IForestASD,789,0.20925348976570962
5,easy,0.1,IForestASD,1024,0.1385743596883332
5,easy,0.25,IForestASD,42,0.2922681528039611
5,easy,0.25,IForestASD,123,0.5233230143127733
5,easy,0.25,IForestASD,456,0.5204498152063936
5,easy,0.25,IForestASD,789,0.20925348976570962
5,easy,0.25,IForestASD,1024,0.1385743596883332
5,hard,0.01,IForestASD,42,0.06054879995283915
5,hard,0.01,IForestASD,123,0.06450331248646568
5,hard,0.01,IForestASD,456,0.07952263797652342
5,hard,0.01,IForestASD,789,0.061526726646529306
5,hard,0.01,IForestASD,1024,0.054926726793295536
5,hard,0.05,IForestASD,42,0.06054879995283915
5,hard,0.05,IForestASD,123,0.06450331248646568
5,hard,0.05,IForestASD,456,0.07952263797652342
5,hard,0.05,IForestASD,789,0.061526726646529306
5,hard,0.05,IForestASD,1024,0.054926726793295536
5,hard,0.1,IForestASD,42,0.06054879995283915
5,hard,0.1,IForestASD,123,0.06450331248646568
5,hard,0.1,IForestASD,456,0.07952263797652342
5,hard,0.1,IForestASD,789,0.061526726646529306
5,hard,0.1,IForestASD,1024,0.054926726793295536
5,hard,0.25,IForestASD,42,0.06054879995283915
5,hard,0.25,IForestASD,123,0.06450331248646568
5,hard,0.25,IForestASD,456,0.07952263797652342
5,hard,0.25,IForestASD,789,0.061526726646529306
5,hard,0.25,IForestASD,1024,0.054926726793295536
5,medium,0.01,IForestASD,42,0.16289095210416424
5,medium,0.01,IForestASD,123,0.2569301361713944
5,medium,0.01,IForestASD,456,0.24476947789326778
5,medium,0.01,IForestASD,789,0.11715156813561804
5,medium,0.01,IForestASD,1024,0.09965061247346513
5,medium,0.05,IForestASD,42,0.16289095210416424
5,medium,0.05,IForestASD,123,0.2569301361713944
5,medium,0.05,IForestASD,456,0.24476947789326778
5,medium,0.05,IForestASD,789,0.11715156813561804
5,medium,0.05,IForestASD,1024,0.09965061247346513
5,medium,0.1,IForestASD,42,0.16289095210416424
5,medium,0.1,IForestASD,123,0.2569301361713944
5,medium,0.1,IForestASD,456,0.24476947789326778
5,medium,0.1,IForestASD,789,0.11715156813561804
5,medium,0.1,IForestASD,1024,0.09965061247346513
5,medium,0.25,IForestASD,42,0.16289095210416424
5,medium,0.25,IForestASD,123,0.2569301361713944
5,medium,0.25,IForestASD,456,0.24476947789326778
5,medium,0.25,IForestASD,789,0.11715156813561804
5,medium,0.25,IForestASD,1024,0.09965061247346513
6,easy,0.01,IForestASD,42,0.28365790108755723
6,easy,0.01,IForestASD,123,0.5099804485606448
6,easy,0.01,IForestASD,456,0.5971119130755237
6,easy,0.01,IForestASD,789,0.1897565048542864
6,easy,0.01,IForestASD,1024,0.17922908307440924
6,easy,0.05,IForestASD,42,0.28365790108755723
6,easy,0.05,IForestASD,123,0.5099804485606448
6,easy,0.05,IForestASD,456,0.5971119130755237
6,easy,0.05,IForestASD,789,0.1897565048542864
6,easy,0.05,IForestASD,1024,0.17922908307440924
6,easy,0.1,IForestASD,42,0.28365790108755723
6,easy,0.1,IForestASD,123,0.5099804485606448
6,easy,0.1,IForestASD,456,0.5971119130755237
6,easy,0.1,IForestASD,789,0.1897565048542864
6,easy,0.1,IForestASD,1024,0.17922908307440924
6,easy,0.25,IForestASD,42,0.28365790108755723
6,easy,0.25,IForestASD,123,0.5099804485606448
6,easy,0.25,IForestASD,456,0.5971119130755237
6,easy,0.25,IForestASD,789,0.1897565048542864
6,easy,0.25,IForestASD,1024,0.17922908307440924
6,hard,0.01,IForestASD,42,0.051320718320651056
6,hard,0.01,IForestASD,123,0.054977703732290086
6,hard,0.01,IForestASD,456,0.08259081131586293
6,hard,0.01,IForestASD,789,0.051885190256089404
6,hard,0.01,IForestASD,1024,0.05609324257058228
6,hard,0.05,IForestASD,42,0.051320718320651056
6,hard,0.05,IForestASD,123,0.054977703732290086
6,hard,0.05,IForestASD,456,0.08259081131586293
6,hard,0.05,IForestASD,789,0.051885190256089404
6,hard,0.05,IForestASD,1024,0.05609324257058228
6,hard,0.1,IForestASD,42,0.051320718320651056
6,hard,0.1,IForestASD,123,0.054977703732290086
6,hard,0.1,IForestASD,456,0.08259081131586293
6,hard,0.1,IForestASD,789,0.051885190256089404
6,hard,0.1,IForestASD,1024,0.05609324257058228
6,hard,0.25,IForestASD,42,0.051320718320651056
6,hard,0.25,IForestASD,123,0.054977703732290086
6,hard,0.25,IForestASD,456,0.08259081131586293
6,hard,0.25,IForestASD,789,0.051885190256089404
6,hard,0.25,IForestASD,1024,0.05609324257058228
6,medium,0.01,IForestASD,42,0.11512279313240636
6,medium,0.01,IForestASD,123,0.18591345121933897
6,medium,0.01,IForestASD,456,0.25242228733398736
6,medium,0.01,IForestASD,789,0.07679282708436189
6,medium,0.01,IForestASD,1024,0.09996848941842572
6,medium,0.05,IForestASD,42,0.11512279313240636
6,medium,0.05,IForestASD,123,0.18591345121933897
6,medium,0.05,IForestASD,456,0.25242228733398736
6,medium,0.05,IForestASD,789,0.07679282708436189
6,medium,0.05,IForestASD,1024,0.09996848941842572
6,medium,0.1,IForestASD,42,0.11512279313240636
6,medium,0.1,IForestASD,123,0.18591345121933897
6,medium,0.1,IForestASD,456,0.25242228733398736
6,medium,0.1,IForestASD,789,0.07679282708436189
6,medium,0.1,IForestASD,1024,0.09996848941842572
6,medium,0.25,IForestASD,42,0.11512279313240636
6,medium,0.25,IForestASD,123,0.18591345121933897
6,medium,0.25,IForestASD,456,0.25242228733398736
6,medium,0.25,IForestASD,789,0.07679282708436189
6,medium,0.25,IForestASD,1024,0.09996848941842572
7,easy,0.01,IForestASD,42,0.35955614531588354
7,easy,0.01,IForestASD,123,0.5361117186513725
7,easy,0.01,IForestASD,456,0.645744218281219
7,easy,0.01,IForestASD,789,0.275631639468821
7,easy,0.01,IForestASD,1024,0.17677606764107112
7,easy,0.05,IForestASD,42,0.35955614531588354
7,easy,0.05,IForestASD,123,0.5361117186513725
7,easy,0.05,IForestASD,456,0.645744218281219
7,easy,0.05,IForestASD,789,0.275631639468821
7,easy,0.05,IForestASD,1024,0.17677606764107112
7,easy,0.1,IForestASD,42,0.35955614531588354
7,easy,0.1,IForestASD,123,0.5361117186513725
7,easy,0.1,IForestASD,456,0.645744218281219
7,easy,0.1,IForestASD,789,0.275631639468821
7,easy,0.1,IForestASD,1024,0.17677606764107112
7,easy,0.25,IForestASD,42,0.35955614531588354
7,easy,0.25,IForestASD,123,0.5361117186513725
7,easy,0.25,IForestASD,456,0.645744218281219
7,easy,0.25,IForestASD,789,0.275631639468821
7,easy,0.25,IForestASD,1024,0.17677606764107112
7,hard,0.01,IForestASD,42,0.053955956542372605
7,hard,0.01,IForestASD,123,0.06159731209182357
7,hard,0.01,IForestASD,456,0.08670215299827363
7,hard,0.01,IForestASD,789,0.05640799569871398
7,hard,0.01,IForestASD,1024,0.054676031745367296
7,hard,0.05,IForestASD,42,0.053955956542372605
7,hard,0.05,IForestASD,123,0.06159731209182357
7,hard,0.05,IForestASD,456,0.08670215299827363
7,hard,0.05,IForestASD,789,0.05640799569871398
7,hard,0.05,IForestASD,1024,0.054676031745367296
7,hard,0.1,IForestASD,42,0.053955956542372605
7,hard,0.1,IForestASD,123,0.06159731209182357
7,hard,0.1,IForestASD,456,0.08670215299827363
7,hard,0.1,IForestASD,789,0.05640799569871398
7,hard,0.1,IForestASD,1024,0.054676031745367296
7,hard,0.25,IForestASD,42,0.053955956542372605
7,hard,0.25,IForestASD,123,0.06159731209182357
7,hard,0.25,IForestASD,456,0.08670215299827363
7,hard,0.25,IForestASD,789,0.05640799569871398
7,hard,0.25,IForestASD,1024,0.054676031745367296
7,medium,0.01,IForestASD,42,0.13851827172139008
7,medium,0.01,IForestASD,123,0.25343460129520906
7,medium,0.01,IForestASD,456,0.2902868768936597
7,medium,0.01,IForestASD,789,0.10379748328315214
7,medium,0.01,IForestASD,1024,0.10034806710889044
7,medium,0.05,IForestASD,42,0.13851827172139008
7,medium,0.05,IForestASD,123,0.25343460129520906
7,medium,0.05,IForestASD,456,0.2902868768936597
7,medium,0.05,IForestASD,789,0.10379748328315214
7,medium,0.05,IForestASD,1024,0.10034806710889044
7,medium,0.1,IForestASD,42,0.13851827172139008
7,medium,0.1,IForestASD,123,0.25343460129520906
7,medium,0.1,IForestASD,456,0.2902868768936597
7,medium,0.1,IForestASD,789,0.10379748328315214
7,medium,0.1,IForestASD,1024,0.10034806710889044
7,medium,0.25,IForestASD,42,0.13851827172139008
7,medium,0.25,IForestASD,123,0.25343460129520906
7,medium,0.25,IForestASD,456,0.2902868768936597
7,medium,0.25,IForestASD,789,0.10379748328315214
7,medium,0.25,IForestASD,1024,0.10034806710889044
8,easy,0.01,IForestASD,42,0.36966018941734957
8,easy,0.01,IForestASD,123,0.5490694064344195
8,easy,0.01,IForestASD,456,0.5722586451691437
8,easy,0.01,IForestASD,789,0.2652134562716491
8,easy,0.01,IForestASD,1024,0.16973559317116615
8,easy,0.05,IForestASD,42,0.36966018941734957
8,easy,0.05,IForestASD,123,0.5490694064344195
8,easy,0.05,IForestASD,456,0.5722586451691437
8,easy,0.05,IForestASD,789,0.2652134562716491
8,easy,0.05,IForestASD,1024,0.16973559317116615
8,easy,0.1,IForestASD,42,0.36966018941734957
8,easy,0.1,IForestASD,123,0.5490694064344195
8,easy,0.1,IForestASD,456,0.5722586451691437
8,easy,0.1,IForestASD,789,0.2652134562716491
8,easy,0.1,IForestASD,1024,0.16973559317116615
8,easy,0.25,IForestASD,42,0.36966018941734957
8,easy,0.25,IForestASD,123,0.5490694064344195
8,easy,0.25,IForestASD,456,0.5722586451691437
8,easy,0.25,IForestASD,789,0.2652134562716491
8,easy,0.25,IForestASD,1024,0.16973559317116615
8,hard,0.01,IForestASD,42,0.06254470330182926
8,hard,0.01,IForestASD,123,0.05807115395432763
8,hard,0.01,IForestASD,456,0.07920666491956868
8,hard,0.01,IForestASD,789,0.05934999222570655
8,hard,0.01,IForestASD,1024,0.05545691272220099
8,hard,0.05,IForestASD,42,0.06254470330182926
8,hard,0.05,IForestASD,123,0.05807115395432763
8,hard,0.05,IForestASD,456,0.07920666491956868
8,hard,0.05,IForestASD,789,0.05934999222570655
8,hard,0.05,IForestASD,1024,0.05545691272220099
8,hard,0.1,IForestASD,42,0.06254470330182926
8,hard,0.1,IForestASD,123,0.05807115395432763
8,hard,0.1,IForestASD,456,0.07920666491956868
8,hard,0.1,IForestASD,789,0.05934999222570655
8,hard,0.1,IForestASD,1024,0.05545691272220099
8,hard,0.25,IForestASD,42,0.06254470330182926
8,hard,0.25,IForestASD,123,0.05807115395432763
8,hard,0.25,IForestASD,456,0.07920666491956868
8,hard,0.25,IForestASD,789,0.05934999222570655
8,hard,0.25,IForestASD,1024,0.05545691272220099
8,medium,0.01,IForestASD,42,0.17033873427420468
8,medium,0.01,IForestASD,123,0.24060813565549943
8,medium,0.01,IForestASD,456,0.24395326895871694
8,medium,0.01,IForestASD,789,0.11308486106944288
8,medium,0.01,IForestASD,1024,0.10638206983779111
8,medium,0.05,IForestASD,42,0.17033873427420468
8,medium,0.05,IForestASD,123,0.24060813565549943
8,medium,0.05,IForestASD,456,0.24395326895871694
8,medium,0.05,IForestASD,789,0.11308486106944288
8,medium,0.05,IForestASD,1024,0.10638206983779111
8,medium,0.1,IForestASD,42,0.17033873427420468
8,medium,0.1,IForestASD,123,0.24060813565549943
8,medium,0.1,IForestASD,456,0.24395326895871694
8,medium,0.1,IForestASD,789,0.11308486106944288
8,medium,0.1,IForestASD,1024,0.10638206983779111
8,medium,0.25,IForestASD,42,0.17033873427420468
8,medium,0.25,IForestASD,123,0.24060813565549943
8,medium,0.25,IForestASD,456,0.24395326895871694
8,medium,0.25,IForestASD,789,0.11308486106944288
8,medium,0.25,IForestASD,1024,0.10638206983779111
9,easy,0.01,IForestASD,42,0.38308183190683703
9,easy,0.01,IForestASD,123,0.5413716745347323
9,easy,0.01,IForestASD,456,0.49123033740352406
9,easy,0.01,IForestASD,789,0.28170286667689115
9,easy,0.01,IForestASD,1024,0.1710721857375886
9,easy,0.05,IForestASD,42,0.38308183190683703
9,easy,0.05,IForestASD,123,0.5413716745347323
9,easy,0.05,IForestASD,456,0.49123033740352406
9,easy,0.05,IForestASD,789,0.28170286667689115
9,easy,0.05,IForestASD,1024,0.1710721857375886
9,easy,0.1,IForestASD,42,0.38308183190683703
9,easy,0.1,IForestASD,123,0.5413716745347323
9,easy,0.1,IForestASD,456,0.49123033740352406
9,easy,0.1,IForestASD,789,0.28170286667689115
9,easy,0.1,IForestASD,1024,0.1710721857375886
9,easy,0.25,IForestASD,42,0.38308183190683703
9,easy,0.25,IForestASD,123,0.5413716745347323
9,easy,0.25,IForestASD,456,0.49123033740352406
9,easy,0.25,IForestASD,789,0.28170286667689115
9,easy,0.25,IForestASD,1024,0.1710721857375886
9,hard,0.01,IForestASD,42,0.05599863307675583
9,hard,0.01,IForestASD,123,0.05576178783985647
9,hard,0.01,IForestASD,456,0.06672475426844025
9,hard,0.01,IForestASD,789,0.05467857486261196
9,hard,0.01,IForestASD,1024,0.055417470464833134
9,hard,0.05,IForestASD,42,0.05599863307675583
9,hard,0.05,IForestASD,123,0.05576178783985647
9,hard,0.05,IForestASD,456,0.06672475426844025
9,hard,0.05,IForestASD,789,0.05467857486261196
9,hard,0.05,IForestASD,1024,0.055417470464833134
9,hard,0.1,IForestASD,42,0.05599863307675583
9,hard,0.1,IForestASD,123,0.05576178783985647
9,hard,0.1,IForestASD,456,0.06672475426844025
9,hard,0.1,IForestASD,789,0.05467857486261196
9,hard,0.1,IForestASD,1024,0.055417470464833134
9,hard,0.25,IForestASD,42,0.05599863307675583
9,hard,0.25,IForestASD,123,0.05576178783985647
9,hard,0.25,IForestASD,456,0.06672475426844025
9,hard,0.25,IForestASD,789,0.05467857486261196
9,hard,0.25,IForestASD,1024,0.055417470464833134
9,medium,0.01,IForestASD,42,0.14042644915367206
9,medium,0.01,IForestASD,123,0.20695721524144067
9,medium,0.01,IForestASD,456,0.1759881817082924
9,medium,0.01,IForestASD,789,0.09185777099816866
9,medium,0.01,IForestASD,1024,0.09539125936222626
9,medium,0.05,IForestASD,42,0.14042644915367206
9,medium,0.05,IForestASD,123,0.20695721524144067
9,medium,0.05,IForestASD,456,0.1759881817082924
9,medium,0.05,IForestASD,789,0.09185777099816866
9,medium,0.05,IForestASD,1024,0.09539125936222626
9,medium,0.1,IForestASD,42,0.14042644915367206
9,medium,0.1,IForestASD,123,0.20695721524144067
9,medium,0.1,IForestASD,456,0.1759881817082924
9,medium,0.1,IForestASD,789,0.09185777099816866
9,medium,0.1,IForestASD,1024,0.09539125936222626
9,medium,0.25,IForestASD,42,0.14042644915367206
9,medium,0.25,IForestASD,123,0.20695721524144067
9,medium,0.25,IForestASD,456,0.1759881817082924
9,medium,0.25,IForestASD,789,0.09185777099816866
9,medium,0.25,IForestASD,1024,0.09539125936222626
10,easy,0.01,IForestASD,42,0.39661494881649634
10,easy,0.01,IForestASD,123,0.5065565445875589
10,easy,0.01,IForestASD,456,0.6094616184616015
10,easy,0.01,IForestASD,789,0.29468901144867216
10,easy,0.01,IForestASD,1024,0.19133607647859707
10,easy,0.05,IForestASD,42,0.39661494881649634
10,easy,0.05,IForestASD,123,0.5065565445875589
10,easy,0.05,IForestASD,456,0.6094616184616015
10,easy,0.05,IForestASD,789,0.29468901144867216
10,easy,0.05,IForestASD,1024,0.19133607647859707
10,easy,0.1,IForestASD,42,0.39661494881649634
10,easy,0.1,IForestASD,123,0.5065565445875589
10,easy,0.1,IForestASD,456,0.6094616184616015
10,easy,0.1,IForestASD,789,0.29468901144867216
10,easy,0.1,IForestASD,1024,0.19133607647859707
10,easy,0.25,IForestASD,42,0.39661494881649634
10,easy,0.25,IForestASD,123,0.5065565445875589
10,easy,0.25,IForestASD,456,0.6094616184616015
10,easy,0.25,IForestASD,789,0.29468901144867216
10,easy,0.25,IForestASD,1024,0.19133607647859707
10,hard,0.01,IForestASD,42,0.06006921526869665
10,hard,0.01,IForestASD,123,0.05694336776882015
10,hard,0.01,IForestASD,456,0.08708107699149079
10,hard,0.01,IForestASD,789,0.057917101662331556
10,hard,0.01,IForestASD,1024,0.06051084713569388
10,hard,0.05,IForestASD,42,0.06006921526869665
10,hard,0.05,IForestASD,123,0.05694336776882015
10,hard,0.05,IForestASD,456,0.08708107699149079
10,hard,0.05,IForestASD,789,0.057917101662331556
10,hard,0.05,IForestASD,1024,0.06051084713569388
10,hard,0.1,IForestASD,42,0.06006921526869665
10,hard,0.1,IForestASD,123,0.05694336776882015
10,hard,0.1,IForestASD,456,0.08708107699149079
10,hard,0.1,IForestASD,789,0.057917101662331556
10,hard,0.1,IForestASD,1024,0.06051084713569388
10,hard,0.25,IForestASD,42,0.06006921526869665
10,hard,0.25,IForestASD,123,0.05694336776882015
10,hard,0.25,IForestASD,456,0.08708107699149079
10,hard,0.25,IForestASD,789,0.057917101662331556
10,hard,0.25,IForestASD,1024,0.06051084713569388
10,medium,0.01,IForestASD,42,0.16007314110821308
10,medium,0.01,IForestASD,123,0.20615891195321326
10,medium,0.01,IForestASD,456,0.25301712761483186
10,medium,0.01,IForestASD,789,0.10427682968719486
10,medium,0.01,IForestASD,1024,0.11184680365820902
10,medium,0.05,IForestASD,42,0.16007314110821308
10,medium,0.05,IForestASD,123,0.20615891195321326
10,medium,0.05,IForestASD,456,0.25301712761483186
10,medium,0.05,IForestASD,789,0.10427682968719486
10,medium,0.05,IForestASD,1024,0.11184680365820902
10,medium,0.1,IForestASD,42,0.16007314110821308
10,medium,0.1,IForestASD,123,0.20615891195321326
10,medium,0.1,IForestASD,456,0.25301712761483186
10,medium,0.1,IForestASD,789,0.10427682968719486
10,medium,0.1,IForestASD,1024,0.11184680365820902
10,medium,0.25,IForestASD,42,0.16007314110821308
10,medium,0.25,IForestASD,123,0.20615891195321326
10,medium,0.25,IForestASD,456,0.25301712761483186
10,medium,0.25,IForestASD,789,0.10427682968719486
10,medium,0.25,IForestASD,1024,0.11184680365820902
